Path,Encoding
C:\Users\taylis\source\repos\PortalApps\.editorconfig,UTF-8 (no BOM)
C:\Users\taylis\source\repos\PortalApps\.gitattributes,UTF-8 (no BOM)
C:\Users\taylis\source\repos\PortalApps\.github\copilot-instructions.md,UTF-8 (no BOM)
C:\Users\taylis\source\repos\PortalApps\.gitignore,UTF-8 (no BOM)
C:\Users\taylis\source\repos\PortalApps\BTYS_Webparts\app.config,UTF-8 with BOM
C:\Users\taylis\source\repos\PortalApps\BTYS_Webparts\BolgeBagisciKartiWP\BolgeBagisciKartiWP.ascx,UTF-8 (no BOM)
C:\Users\taylis\source\repos\PortalApps\BTYS_Webparts\BolgeBagisciKartiWP\BolgeBagisciKartiWP.ascx.cs,UTF-8 (no BOM)
C:\Users\taylis\source\repos\PortalApps\BTYS_Webparts\BolgeBagisciKartiWP\BolgeBagisciKartiWP.ascx.g.cs,UTF-8 with BOM
C:\Users\taylis\source\repos\PortalApps\BTYS_Webparts\BolgeBagisciKartiWP\BolgeBagisciKartiWP.webpart,UTF-8 with BOM
C:\Users\taylis\source\repos\PortalApps\BTYS_Webparts\BolgeBagisciKartiWP\Elements.xml,UTF-8 with BOM
C:\Users\taylis\source\repos\PortalApps\BTYS_Webparts\BolgeBagisciKartiWP\SharePointProjectItem.spdata,UTF-8 with BOM
C:\Users\taylis\source\repos\PortalApps\BTYS_Webparts\BolgeKiraArtisCizelgesiWP\BolgeKiraArtisCizelgesiWP.ascx,UTF-8 (no BOM)
C:\Users\taylis\source\repos\PortalApps\BTYS_Webparts\BolgeKiraArtisCizelgesiWP\BolgeKiraArtisCizelgesiWP.ascx.cs,UTF-8 (no BOM)
C:\Users\taylis\source\repos\PortalApps\BTYS_Webparts\BolgeKiraArtisCizelgesiWP\BolgeKiraArtisCizelgesiWP.ascx.g.cs,UTF-8 with BOM
C:\Users\taylis\source\repos\PortalApps\BTYS_Webparts\BolgeKiraArtisCizelgesiWP\BolgeKiraArtisCizelgesiWP.webpart,UTF-8 with BOM
C:\Users\taylis\source\repos\PortalApps\BTYS_Webparts\BolgeKiraArtisCizelgesiWP\Elements.xml,UTF-8 with BOM
C:\Users\taylis\source\repos\PortalApps\BTYS_Webparts\BolgeKiraArtisCizelgesiWP\SharePointProjectItem.spdata,UTF-8 with BOM
C:\Users\taylis\source\repos\PortalApps\BTYS_Webparts\BolgeTasinmazBagisciListesiWP\BolgeTasinmazBagisciListesiWP.ascx,UTF-8 (no BOM)
C:\Users\taylis\source\repos\PortalApps\BTYS_Webparts\BolgeTasinmazBagisciListesiWP\BolgeTasinmazBagisciListesiWP.ascx.cs,UTF-8 (no BOM)
C:\Users\taylis\source\repos\PortalApps\BTYS_Webparts\BolgeTasinmazBagisciListesiWP\BolgeTasinmazBagisciListesiWP.ascx.g.cs,UTF-8 with BOM
C:\Users\taylis\source\repos\PortalApps\BTYS_Webparts\BolgeTasinmazBagisciListesiWP\BolgeTasinmazBagisciListesiWP.webpart,UTF-8 with BOM
C:\Users\taylis\source\repos\PortalApps\BTYS_Webparts\BolgeTasinmazBagisciListesiWP\Elements.xml,UTF-8 with BOM
C:\Users\taylis\source\repos\PortalApps\BTYS_Webparts\BolgeTasinmazBagisciListesiWP\SharePointProjectItem.spdata,UTF-8 with BOM
C:\Users\taylis\source\repos\PortalApps\BTYS_Webparts\BTYS_Webparts.csproj,UTF-8 with BOM
C:\Users\taylis\source\repos\PortalApps\BTYS_Webparts\BTYS_Webparts.csproj.user,UTF-8 with BOM
C:\Users\taylis\source\repos\PortalApps\BTYS_Webparts\DavaDurusmaListesiWP\DavaDurusmaListesiWP.ascx,UTF-8 (no BOM)
C:\Users\taylis\source\repos\PortalApps\BTYS_Webparts\DavaDurusmaListesiWP\DavaDurusmaListesiWP.ascx.cs,UTF-8 (no BOM)
C:\Users\taylis\source\repos\PortalApps\BTYS_Webparts\DavaDurusmaListesiWP\DavaDurusmaListesiWP.ascx.g.cs,UTF-8 with BOM
C:\Users\taylis\source\repos\PortalApps\BTYS_Webparts\DavaDurusmaListesiWP\DavaDurusmaListesiWP.webpart,UTF-8 with BOM
C:\Users\taylis\source\repos\PortalApps\BTYS_Webparts\DavaDurusmaListesiWP\Elements.xml,UTF-8 with BOM
C:\Users\taylis\source\repos\PortalApps\BTYS_Webparts\DavaDurusmaListesiWP\SharePointProjectItem.spdata,UTF-8 with BOM
C:\Users\taylis\source\repos\PortalApps\BTYS_Webparts\Features\Feature1\Feature1.feature,UTF-8 with BOM
C:\Users\taylis\source\repos\PortalApps\BTYS_Webparts\Features\Feature1\Feature1.Template.xml,UTF-8 with BOM
C:\Users\taylis\source\repos\PortalApps\BTYS_Webparts\key.snk,windows-1254
C:\Users\taylis\source\repos\PortalApps\BTYS_Webparts\Package\Package.package,UTF-8 with BOM
C:\Users\taylis\source\repos\PortalApps\BTYS_Webparts\Package\Package.Template.xml,UTF-8 with BOM
C:\Users\taylis\source\repos\PortalApps\BTYS_Webparts\pkg\Debug\BTYS_Webparts\BTYS_Webparts.dll,windows-1254
C:\Users\taylis\source\repos\PortalApps\BTYS_Webparts\pkg\Debug\BTYS_Webparts\BTYS_Webparts_Feature1\BolgeBagisciKartiWP\BolgeBagisciKartiWP.webpart,UTF-8 with BOM
C:\Users\taylis\source\repos\PortalApps\BTYS_Webparts\pkg\Debug\BTYS_Webparts\BTYS_Webparts_Feature1\BolgeBagisciKartiWP\Elements.xml,UTF-8 with BOM
C:\Users\taylis\source\repos\PortalApps\BTYS_Webparts\pkg\Debug\BTYS_Webparts\BTYS_Webparts_Feature1\BolgeKiraArtisCizelgesiWP\BolgeKiraArtisCizelgesiWP.webpart,UTF-8 with BOM
C:\Users\taylis\source\repos\PortalApps\BTYS_Webparts\pkg\Debug\BTYS_Webparts\BTYS_Webparts_Feature1\BolgeKiraArtisCizelgesiWP\Elements.xml,UTF-8 with BOM
C:\Users\taylis\source\repos\PortalApps\BTYS_Webparts\pkg\Debug\BTYS_Webparts\BTYS_Webparts_Feature1\BolgeTasinmazBagisciListesiWP\BolgeTasinmazBagisciListesiWP.webpart,UTF-8 with BOM
C:\Users\taylis\source\repos\PortalApps\BTYS_Webparts\pkg\Debug\BTYS_Webparts\BTYS_Webparts_Feature1\BolgeTasinmazBagisciListesiWP\Elements.xml,UTF-8 with BOM
C:\Users\taylis\source\repos\PortalApps\BTYS_Webparts\pkg\Debug\BTYS_Webparts\BTYS_Webparts_Feature1\DavaDurusmaListesiWP\DavaDurusmaListesiWP.webpart,UTF-8 with BOM
C:\Users\taylis\source\repos\PortalApps\BTYS_Webparts\pkg\Debug\BTYS_Webparts\BTYS_Webparts_Feature1\DavaDurusmaListesiWP\Elements.xml,UTF-8 with BOM
C:\Users\taylis\source\repos\PortalApps\BTYS_Webparts\pkg\Debug\BTYS_Webparts\BTYS_Webparts_Feature1\Feature.xml,UTF-8 with BOM
C:\Users\taylis\source\repos\PortalApps\BTYS_Webparts\pkg\Debug\BTYS_Webparts\DAO.dll,windows-1254
C:\Users\taylis\source\repos\PortalApps\BTYS_Webparts\pkg\Debug\BTYS_Webparts\manifest.xml,UTF-8 with BOM
C:\Users\taylis\source\repos\PortalApps\BTYS_Webparts\pkg\Debug\BTYS_Webparts\Model.dll,windows-1254
C:\Users\taylis\source\repos\PortalApps\BTYS_Webparts\pkg\Debug\BTYS_Webparts\Utility.dll,windows-1254
C:\Users\taylis\source\repos\PortalApps\BTYS_Webparts\pkgobj\Debug\BTYS_Webparts_Feature1_Feature.xml,UTF-8 with BOM
C:\Users\taylis\source\repos\PortalApps\BTYS_Webparts\pkgobj\Debug\Package_Manifest.xml,UTF-8 with BOM
C:\Users\taylis\source\repos\PortalApps\BTYS_Webparts\pkgobj\Debug\TokenReplaceFolder\BTYS_Webparts_Feature1\BolgeBagisciKartiWP\BolgeBagisciKartiWP.webpart,UTF-8 with BOM
C:\Users\taylis\source\repos\PortalApps\BTYS_Webparts\pkgobj\Debug\TokenReplaceFolder\BTYS_Webparts_Feature1\BolgeBagisciKartiWP\Elements.xml,UTF-8 with BOM
C:\Users\taylis\source\repos\PortalApps\BTYS_Webparts\pkgobj\Debug\TokenReplaceFolder\BTYS_Webparts_Feature1\BolgeKiraArtisCizelgesiWP\BolgeKiraArtisCizelgesiWP.webpart,UTF-8 with BOM
C:\Users\taylis\source\repos\PortalApps\BTYS_Webparts\pkgobj\Debug\TokenReplaceFolder\BTYS_Webparts_Feature1\BolgeKiraArtisCizelgesiWP\Elements.xml,UTF-8 with BOM
C:\Users\taylis\source\repos\PortalApps\BTYS_Webparts\pkgobj\Debug\TokenReplaceFolder\BTYS_Webparts_Feature1\BolgeTasinmazBagisciListesiWP\BolgeTasinmazBagisciListesiWP.webpart,UTF-8 with BOM
C:\Users\taylis\source\repos\PortalApps\BTYS_Webparts\pkgobj\Debug\TokenReplaceFolder\BTYS_Webparts_Feature1\BolgeTasinmazBagisciListesiWP\Elements.xml,UTF-8 with BOM
C:\Users\taylis\source\repos\PortalApps\BTYS_Webparts\pkgobj\Debug\TokenReplaceFolder\BTYS_Webparts_Feature1\DavaDurusmaListesiWP\DavaDurusmaListesiWP.webpart,UTF-8 with BOM
C:\Users\taylis\source\repos\PortalApps\BTYS_Webparts\pkgobj\Debug\TokenReplaceFolder\BTYS_Webparts_Feature1\DavaDurusmaListesiWP\Elements.xml,UTF-8 with BOM
C:\Users\taylis\source\repos\PortalApps\BTYS_Webparts\pkgobj\Debug\TokenReplaceFolder\BTYS_Webparts_Feature1\Feature.xml,UTF-8 with BOM
C:\Users\taylis\source\repos\PortalApps\BTYS_Webparts\pkgobj\Debug\TokenReplaceFolder\manifest.xml,UTF-8 with BOM
C:\Users\taylis\source\repos\PortalApps\BTYS_Webparts\Properties\AssemblyInfo.cs,windows-1254
C:\Users\taylis\source\repos\PortalApps\ConsoleApplication_Test\App.config,UTF-8 (no BOM)
C:\Users\taylis\source\repos\PortalApps\ConsoleApplication_Test\ConsoleApplication_Test.csproj,UTF-8 with BOM
C:\Users\taylis\source\repos\PortalApps\ConsoleApplication_Test\packages.config,UTF-8 with BOM
C:\Users\taylis\source\repos\PortalApps\ConsoleApplication_Test\Program.cs,UTF-8 (no BOM)
C:\Users\taylis\source\repos\PortalApps\ConsoleApplication_Test\Properties\AssemblyInfo.cs,windows-1254
C:\Users\taylis\source\repos\PortalApps\DAO\app.config,UTF-8 (no BOM)
C:\Users\taylis\source\repos\PortalApps\DAO\DAO.csproj,UTF-8 with BOM
C:\Users\taylis\source\repos\PortalApps\DAO\daokey.snk,windows-1254
C:\Users\taylis\source\repos\PortalApps\DAO\Ortak\DBClass.cs,UTF-8 (no BOM)
C:\Users\taylis\source\repos\PortalApps\DAO\Ortak\DBObject.cs,UTF-8 (no BOM)
C:\Users\taylis\source\repos\PortalApps\DAO\Ortak\DbParam.cs,UTF-8 (no BOM)
C:\Users\taylis\source\repos\PortalApps\DAO\Ortak\DBProcess.cs,UTF-8 (no BOM)
C:\Users\taylis\source\repos\PortalApps\DAO\Ortak\Global.cs,UTF-8 (no BOM)
C:\Users\taylis\source\repos\PortalApps\DAO\packages.config,UTF-8 with BOM
C:\Users\taylis\source\repos\PortalApps\DAO\Properties\AssemblyInfo.cs,windows-1254
C:\Users\taylis\source\repos\PortalApps\FileEncodingScanner\encoding-report.cs,UTF-8 with BOM
C:\Users\taylis\source\repos\PortalApps\FileEncodingScanner\encoding-report.csv,UTF-8 with BOM
C:\Users\taylis\source\repos\PortalApps\FileEncodingScanner\encoding-report1.csv,UTF-8 with BOM
C:\Users\taylis\source\repos\PortalApps\FileEncodingScanner\FileEncodingScanner.csproj,UTF-8 (no BOM)
C:\Users\taylis\source\repos\PortalApps\FileEncodingScanner\Program.cs,UTF-8 (no BOM)
C:\Users\taylis\source\repos\PortalApps\IKYS_WebParts\AileGirisiWP\AileGirisiWP.ascx,UTF-8 (no BOM)
C:\Users\taylis\source\repos\PortalApps\IKYS_WebParts\AileGirisiWP\AileGirisiWP.ascx.cs,UTF-8 (no BOM)
C:\Users\taylis\source\repos\PortalApps\IKYS_WebParts\AileGirisiWP\AileGirisiWP.ascx.g.cs,UTF-8 with BOM
C:\Users\taylis\source\repos\PortalApps\IKYS_WebParts\AileGirisiWP\AileGirisiWP.webpart,UTF-8 with BOM
C:\Users\taylis\source\repos\PortalApps\IKYS_WebParts\AileGirisiWP\Elements.xml,UTF-8 with BOM
C:\Users\taylis\source\repos\PortalApps\IKYS_WebParts\AileGirisiWP\SharePointProjectItem.spdata,UTF-8 with BOM
C:\Users\taylis\source\repos\PortalApps\IKYS_WebParts\app.config,UTF-8 with BOM
C:\Users\taylis\source\repos\PortalApps\IKYS_WebParts\AylikYoklamaRaporuWP\AylikYoklamaRaporuWP.ascx,UTF-8 with BOM
C:\Users\taylis\source\repos\PortalApps\IKYS_WebParts\AylikYoklamaRaporuWP\AylikYoklamaRaporuWP.ascx.cs,UTF-8 (no BOM)
C:\Users\taylis\source\repos\PortalApps\IKYS_WebParts\AylikYoklamaRaporuWP\AylikYoklamaRaporuWP.ascx.g.cs,windows-1254
C:\Users\taylis\source\repos\PortalApps\IKYS_WebParts\AylikYoklamaRaporuWP\AylikYoklamaRaporuWP.webpart,UTF-8 with BOM
C:\Users\taylis\source\repos\PortalApps\IKYS_WebParts\AylikYoklamaRaporuWP\Elements.xml,UTF-8 with BOM
C:\Users\taylis\source\repos\PortalApps\IKYS_WebParts\AylikYoklamaRaporuWP\SharePointProjectItem.spdata,UTF-8 with BOM
C:\Users\taylis\source\repos\PortalApps\IKYS_WebParts\BirimListesiWP\BirimListesiWP.ascx,UTF-8 with BOM
C:\Users\taylis\source\repos\PortalApps\IKYS_WebParts\BirimListesiWP\BirimListesiWP.ascx.cs,windows-1254
C:\Users\taylis\source\repos\PortalApps\IKYS_WebParts\BirimListesiWP\BirimListesiWP.ascx.g.cs,windows-1254
C:\Users\taylis\source\repos\PortalApps\IKYS_WebParts\BirimListesiWP\BirimListesiWP.webpart,UTF-8 with BOM
C:\Users\taylis\source\repos\PortalApps\IKYS_WebParts\BirimListesiWP\Elements.xml,UTF-8 with BOM
C:\Users\taylis\source\repos\PortalApps\IKYS_WebParts\BirimListesiWP\SharePointProjectItem.spdata,UTF-8 with BOM
C:\Users\taylis\source\repos\PortalApps\IKYS_WebParts\BirimSemasiWP\BirimSemasiWP.ascx,UTF-8 with BOM
C:\Users\taylis\source\repos\PortalApps\IKYS_WebParts\BirimSemasiWP\BirimSemasiWP.ascx.cs,UTF-8 (no BOM)
C:\Users\taylis\source\repos\PortalApps\IKYS_WebParts\BirimSemasiWP\BirimSemasiWP.ascx.g.cs,UTF-8 (no BOM)
C:\Users\taylis\source\repos\PortalApps\IKYS_WebParts\BirimSemasiWP\BirimSemasiWP.webpart,UTF-8 with BOM
C:\Users\taylis\source\repos\PortalApps\IKYS_WebParts\BirimSemasiWP\Elements.xml,UTF-8 with BOM
C:\Users\taylis\source\repos\PortalApps\IKYS_WebParts\BirimSemasiWP\SharePointProjectItem.spdata,UTF-8 with BOM
C:\Users\taylis\source\repos\PortalApps\IKYS_WebParts\BirimTanimEditWP\BirimTanimEditWP.ascx,UTF-8 with BOM
C:\Users\taylis\source\repos\PortalApps\IKYS_WebParts\BirimTanimEditWP\BirimTanimEditWP.ascx.cs,windows-1254
C:\Users\taylis\source\repos\PortalApps\IKYS_WebParts\BirimTanimEditWP\BirimTanimEditWP.ascx.g.cs,windows-1254
C:\Users\taylis\source\repos\PortalApps\IKYS_WebParts\BirimTanimEditWP\BirimTanimEditWP.webpart,UTF-8 with BOM
C:\Users\taylis\source\repos\PortalApps\IKYS_WebParts\BirimTanimEditWP\Elements.xml,UTF-8 with BOM
C:\Users\taylis\source\repos\PortalApps\IKYS_WebParts\BirimTanimEditWP\SharePointProjectItem.spdata,UTF-8 with BOM
C:\Users\taylis\source\repos\PortalApps\IKYS_WebParts\DereceKademeListesiWP\DereceKademeListesiWP.ascx,UTF-8 with BOM
C:\Users\taylis\source\repos\PortalApps\IKYS_WebParts\DereceKademeListesiWP\DereceKademeListesiWP.ascx.cs,UTF-8 (no BOM)
C:\Users\taylis\source\repos\PortalApps\IKYS_WebParts\DereceKademeListesiWP\DereceKademeListesiWP.ascx.g.cs,windows-1254
C:\Users\taylis\source\repos\PortalApps\IKYS_WebParts\DereceKademeListesiWP\DereceKademeListesiWP.webpart,UTF-8 with BOM
C:\Users\taylis\source\repos\PortalApps\IKYS_WebParts\DereceKademeListesiWP\Elements.xml,UTF-8 with BOM
C:\Users\taylis\source\repos\PortalApps\IKYS_WebParts\DereceKademeListesiWP\SharePointProjectItem.spdata,UTF-8 with BOM
C:\Users\taylis\source\repos\PortalApps\IKYS_WebParts\EgitimGirisiWP\EgitimGirisiWP.ascx,UTF-8 with BOM
C:\Users\taylis\source\repos\PortalApps\IKYS_WebParts\EgitimGirisiWP\EgitimGirisiWP.ascx.cs,UTF-8 (no BOM)
C:\Users\taylis\source\repos\PortalApps\IKYS_WebParts\EgitimGirisiWP\EgitimGirisiWP.ascx.g.cs,windows-1254
C:\Users\taylis\source\repos\PortalApps\IKYS_WebParts\EgitimGirisiWP\EgitimGirisiWP.webpart,UTF-8 with BOM
C:\Users\taylis\source\repos\PortalApps\IKYS_WebParts\EgitimGirisiWP\Elements.xml,UTF-8 with BOM
C:\Users\taylis\source\repos\PortalApps\IKYS_WebParts\EgitimGirisiWP\SharePointProjectItem.spdata,UTF-8 with BOM
C:\Users\taylis\source\repos\PortalApps\IKYS_WebParts\EskiPersonelListesiWP\Elements.xml,UTF-8 with BOM
C:\Users\taylis\source\repos\PortalApps\IKYS_WebParts\EskiPersonelListesiWP\EskiPersonelListesiWP.ascx,UTF-8 with BOM
C:\Users\taylis\source\repos\PortalApps\IKYS_WebParts\EskiPersonelListesiWP\EskiPersonelListesiWP.ascx.cs,windows-1254
C:\Users\taylis\source\repos\PortalApps\IKYS_WebParts\EskiPersonelListesiWP\EskiPersonelListesiWP.ascx.g.cs,windows-1254
C:\Users\taylis\source\repos\PortalApps\IKYS_WebParts\EskiPersonelListesiWP\EskiPersonelListesiWP.webpart,UTF-8 with BOM
C:\Users\taylis\source\repos\PortalApps\IKYS_WebParts\EskiPersonelListesiWP\SharePointProjectItem.spdata,UTF-8 with BOM
C:\Users\taylis\source\repos\PortalApps\IKYS_WebParts\EskiPersonelWP\Elements.xml,UTF-8 with BOM
C:\Users\taylis\source\repos\PortalApps\IKYS_WebParts\EskiPersonelWP\EskiPersonelWP.ascx,UTF-8 with BOM
C:\Users\taylis\source\repos\PortalApps\IKYS_WebParts\EskiPersonelWP\EskiPersonelWP.ascx.cs,windows-1254
C:\Users\taylis\source\repos\PortalApps\IKYS_WebParts\EskiPersonelWP\EskiPersonelWP.ascx.g.cs,windows-1254
C:\Users\taylis\source\repos\PortalApps\IKYS_WebParts\EskiPersonelWP\EskiPersonelWP.webpart,UTF-8 with BOM
C:\Users\taylis\source\repos\PortalApps\IKYS_WebParts\EskiPersonelWP\SharePointProjectItem.spdata,UTF-8 with BOM
C:\Users\taylis\source\repos\PortalApps\IKYS_WebParts\Features\Feature1\Feature1.feature,UTF-8 with BOM
C:\Users\taylis\source\repos\PortalApps\IKYS_WebParts\Features\Feature1\Feature1.Template.xml,UTF-8 with BOM
C:\Users\taylis\source\repos\PortalApps\IKYS_WebParts\GorevliIzinliPersonelWP\Elements.xml,UTF-8 with BOM
C:\Users\taylis\source\repos\PortalApps\IKYS_WebParts\GorevliIzinliPersonelWP\GorevliIzinliPersonelWP.ascx,UTF-8 with BOM
C:\Users\taylis\source\repos\PortalApps\IKYS_WebParts\GorevliIzinliPersonelWP\GorevliIzinliPersonelWP.ascx.cs,windows-1254
C:\Users\taylis\source\repos\PortalApps\IKYS_WebParts\GorevliIzinliPersonelWP\GorevliIzinliPersonelWP.ascx.g.cs,windows-1254
C:\Users\taylis\source\repos\PortalApps\IKYS_WebParts\GorevliIzinliPersonelWP\GorevliIzinliPersonelWP.webpart,UTF-8 with BOM
C:\Users\taylis\source\repos\PortalApps\IKYS_WebParts\GorevliIzinliPersonelWP\SharePointProjectItem.spdata,UTF-8 with BOM
C:\Users\taylis\source\repos\PortalApps\IKYS_WebParts\GorevOnayGirisiWP\Elements.xml,UTF-8 with BOM
C:\Users\taylis\source\repos\PortalApps\IKYS_WebParts\GorevOnayGirisiWP\GorevOnayGirisiWP.ascx,UTF-8 (no BOM)
C:\Users\taylis\source\repos\PortalApps\IKYS_WebParts\GorevOnayGirisiWP\GorevOnayGirisiWP.ascx.cs,UTF-8 (no BOM)
C:\Users\taylis\source\repos\PortalApps\IKYS_WebParts\GorevOnayGirisiWP\GorevOnayGirisiWP.ascx.g.cs,UTF-8 with BOM
C:\Users\taylis\source\repos\PortalApps\IKYS_WebParts\GorevOnayGirisiWP\GorevOnayGirisiWP.webpart,UTF-8 with BOM
C:\Users\taylis\source\repos\PortalApps\IKYS_WebParts\GorevOnayGirisiWP\SharePointProjectItem.spdata,UTF-8 with BOM
C:\Users\taylis\source\repos\PortalApps\IKYS_WebParts\GorevOnayListesiWP\Elements.xml,UTF-8 with BOM
C:\Users\taylis\source\repos\PortalApps\IKYS_WebParts\GorevOnayListesiWP\GorevOnayListesiWP.ascx,UTF-8 with BOM
C:\Users\taylis\source\repos\PortalApps\IKYS_WebParts\GorevOnayListesiWP\GorevOnayListesiWP.ascx.cs,windows-1254
C:\Users\taylis\source\repos\PortalApps\IKYS_WebParts\GorevOnayListesiWP\GorevOnayListesiWP.ascx.g.cs,windows-1254
C:\Users\taylis\source\repos\PortalApps\IKYS_WebParts\GorevOnayListesiWP\GorevOnayListesiWP.webpart,UTF-8 with BOM
C:\Users\taylis\source\repos\PortalApps\IKYS_WebParts\GorevOnayListesiWP\SharePointProjectItem.spdata,UTF-8 with BOM
C:\Users\taylis\source\repos\PortalApps\IKYS_WebParts\GorevSemasiWP\Elements.xml,UTF-8 with BOM
C:\Users\taylis\source\repos\PortalApps\IKYS_WebParts\GorevSemasiWP\GorevSemasiWP.ascx,UTF-8 with BOM
C:\Users\taylis\source\repos\PortalApps\IKYS_WebParts\GorevSemasiWP\GorevSemasiWP.ascx.cs,UTF-8 (no BOM)
C:\Users\taylis\source\repos\PortalApps\IKYS_WebParts\GorevSemasiWP\GorevSemasiWP.ascx.g.cs,UTF-8 (no BOM)
C:\Users\taylis\source\repos\PortalApps\IKYS_WebParts\GorevSemasiWP\GorevSemasiWP.webpart,UTF-8 with BOM
C:\Users\taylis\source\repos\PortalApps\IKYS_WebParts\GorevSemasiWP\SharePointProjectItem.spdata,UTF-8 with BOM
C:\Users\taylis\source\repos\PortalApps\IKYS_WebParts\GorevTanimEditWP\Elements.xml,UTF-8 with BOM
C:\Users\taylis\source\repos\PortalApps\IKYS_WebParts\GorevTanimEditWP\GorevTanimEditWP.ascx,UTF-8 with BOM
C:\Users\taylis\source\repos\PortalApps\IKYS_WebParts\GorevTanimEditWP\GorevTanimEditWP.ascx.cs,windows-1254
C:\Users\taylis\source\repos\PortalApps\IKYS_WebParts\GorevTanimEditWP\GorevTanimEditWP.ascx.g.cs,windows-1254
C:\Users\taylis\source\repos\PortalApps\IKYS_WebParts\GorevTanimEditWP\GorevTanimEditWP.webpart,UTF-8 with BOM
C:\Users\taylis\source\repos\PortalApps\IKYS_WebParts\GorevTanimEditWP\SharePointProjectItem.spdata,UTF-8 with BOM
C:\Users\taylis\source\repos\PortalApps\IKYS_WebParts\GorevTanimListesiWP\Elements.xml,UTF-8 with BOM
C:\Users\taylis\source\repos\PortalApps\IKYS_WebParts\GorevTanimListesiWP\GorevTanimListesiWP.ascx,UTF-8 with BOM
C:\Users\taylis\source\repos\PortalApps\IKYS_WebParts\GorevTanimListesiWP\GorevTanimListesiWP.ascx.cs,windows-1254
C:\Users\taylis\source\repos\PortalApps\IKYS_WebParts\GorevTanimListesiWP\GorevTanimListesiWP.ascx.g.cs,windows-1254
C:\Users\taylis\source\repos\PortalApps\IKYS_WebParts\GorevTanimListesiWP\GorevTanimListesiWP.webpart,UTF-8 with BOM
C:\Users\taylis\source\repos\PortalApps\IKYS_WebParts\GorevTanimListesiWP\SharePointProjectItem.spdata,UTF-8 with BOM
C:\Users\taylis\source\repos\PortalApps\IKYS_WebParts\HarcirahGirisWP\Elements.xml,UTF-8 with BOM
C:\Users\taylis\source\repos\PortalApps\IKYS_WebParts\HarcirahGirisWP\HarcirahGirisWP.ascx,UTF-8 with BOM
C:\Users\taylis\source\repos\PortalApps\IKYS_WebParts\HarcirahGirisWP\HarcirahGirisWP.ascx.cs,windows-1254
C:\Users\taylis\source\repos\PortalApps\IKYS_WebParts\HarcirahGirisWP\HarcirahGirisWP.ascx.g.cs,windows-1254
C:\Users\taylis\source\repos\PortalApps\IKYS_WebParts\HarcirahGirisWP\HarcirahGirisWP.webpart,UTF-8 with BOM
C:\Users\taylis\source\repos\PortalApps\IKYS_WebParts\HarcirahGirisWP\SharePointProjectItem.spdata,UTF-8 with BOM
C:\Users\taylis\source\repos\PortalApps\IKYS_WebParts\IKYS_WebParts.csproj,UTF-8 with BOM
C:\Users\taylis\source\repos\PortalApps\IKYS_WebParts\IKYS_WebParts.csproj.user,UTF-8 with BOM
C:\Users\taylis\source\repos\PortalApps\IKYS_WebParts\IletisimBilgileriListesiWP\Elements.xml,UTF-8 with BOM
C:\Users\taylis\source\repos\PortalApps\IKYS_WebParts\IletisimBilgileriListesiWP\IletisimBilgileriListesiWP.ascx,UTF-8 with BOM
C:\Users\taylis\source\repos\PortalApps\IKYS_WebParts\IletisimBilgileriListesiWP\IletisimBilgileriListesiWP.ascx.cs,windows-1254
C:\Users\taylis\source\repos\PortalApps\IKYS_WebParts\IletisimBilgileriListesiWP\IletisimBilgileriListesiWP.ascx.g.cs,UTF-8 (no BOM)
C:\Users\taylis\source\repos\PortalApps\IKYS_WebParts\IletisimBilgileriListesiWP\IletisimBilgileriListesiWP.webpart,UTF-8 with BOM
C:\Users\taylis\source\repos\PortalApps\IKYS_WebParts\IletisimBilgileriListesiWP\SharePointProjectItem.spdata,UTF-8 with BOM
C:\Users\taylis\source\repos\PortalApps\IKYS_WebParts\IzinDonemListesiWP\Elements.xml,UTF-8 with BOM
C:\Users\taylis\source\repos\PortalApps\IKYS_WebParts\IzinDonemListesiWP\IzinDonemListesiWP.ascx,UTF-8 with BOM
C:\Users\taylis\source\repos\PortalApps\IKYS_WebParts\IzinDonemListesiWP\IzinDonemListesiWP.ascx.cs,UTF-8 (no BOM)
C:\Users\taylis\source\repos\PortalApps\IKYS_WebParts\IzinDonemListesiWP\IzinDonemListesiWP.ascx.g.cs,windows-1254
C:\Users\taylis\source\repos\PortalApps\IKYS_WebParts\IzinDonemListesiWP\IzinDonemListesiWP.webpart,UTF-8 with BOM
C:\Users\taylis\source\repos\PortalApps\IKYS_WebParts\IzinDonemListesiWP\SharePointProjectItem.spdata,UTF-8 with BOM
C:\Users\taylis\source\repos\PortalApps\IKYS_WebParts\IzinHareketEditWP\Elements.xml,UTF-8 with BOM
C:\Users\taylis\source\repos\PortalApps\IKYS_WebParts\IzinHareketEditWP\IzinHareketEditWP.ascx,UTF-8 with BOM
C:\Users\taylis\source\repos\PortalApps\IKYS_WebParts\IzinHareketEditWP\IzinHareketEditWP.ascx.cs,windows-1254
C:\Users\taylis\source\repos\PortalApps\IKYS_WebParts\IzinHareketEditWP\IzinHareketEditWP.ascx.g.cs,windows-1254
C:\Users\taylis\source\repos\PortalApps\IKYS_WebParts\IzinHareketEditWP\IzinHareketEditWP.webpart,UTF-8 with BOM
C:\Users\taylis\source\repos\PortalApps\IKYS_WebParts\IzinHareketEditWP\SharePointProjectItem.spdata,UTF-8 with BOM
C:\Users\taylis\source\repos\PortalApps\IKYS_WebParts\IzinHareketListesiWP\Elements.xml,UTF-8 with BOM
C:\Users\taylis\source\repos\PortalApps\IKYS_WebParts\IzinHareketListesiWP\IzinHareketListesiWP.ascx,UTF-8 with BOM
C:\Users\taylis\source\repos\PortalApps\IKYS_WebParts\IzinHareketListesiWP\IzinHareketListesiWP.ascx.cs,windows-1254
C:\Users\taylis\source\repos\PortalApps\IKYS_WebParts\IzinHareketListesiWP\IzinHareketListesiWP.ascx.g.cs,windows-1254
C:\Users\taylis\source\repos\PortalApps\IKYS_WebParts\IzinHareketListesiWP\IzinHareketListesiWP.webpart,UTF-8 with BOM
C:\Users\taylis\source\repos\PortalApps\IKYS_WebParts\IzinHareketListesiWP\SharePointProjectItem.spdata,UTF-8 with BOM
C:\Users\taylis\source\repos\PortalApps\IKYS_WebParts\IzinKullanimRaporuWP\Elements.xml,UTF-8 with BOM
C:\Users\taylis\source\repos\PortalApps\IKYS_WebParts\IzinKullanimRaporuWP\IzinKullanimRaporuWP.ascx,UTF-8 with BOM
C:\Users\taylis\source\repos\PortalApps\IKYS_WebParts\IzinKullanimRaporuWP\IzinKullanimRaporuWP.ascx.cs,windows-1254
C:\Users\taylis\source\repos\PortalApps\IKYS_WebParts\IzinKullanimRaporuWP\IzinKullanimRaporuWP.ascx.g.cs,UTF-8 (no BOM)
C:\Users\taylis\source\repos\PortalApps\IKYS_WebParts\IzinKullanimRaporuWP\IzinKullanimRaporuWP.webpart,UTF-8 with BOM
C:\Users\taylis\source\repos\PortalApps\IKYS_WebParts\IzinKullanimRaporuWP\SharePointProjectItem.spdata,UTF-8 with BOM
C:\Users\taylis\source\repos\PortalApps\IKYS_WebParts\IzinTalepGirisWP\Elements.xml,UTF-8 with BOM
C:\Users\taylis\source\repos\PortalApps\IKYS_WebParts\IzinTalepGirisWP\IzinTalepGirisWP.ascx,UTF-8 (no BOM)
C:\Users\taylis\source\repos\PortalApps\IKYS_WebParts\IzinTalepGirisWP\IzinTalepGirisWP.ascx.cs,UTF-8 (no BOM)
C:\Users\taylis\source\repos\PortalApps\IKYS_WebParts\IzinTalepGirisWP\IzinTalepGirisWP.ascx.g.cs,UTF-8 with BOM
C:\Users\taylis\source\repos\PortalApps\IKYS_WebParts\IzinTalepGirisWP\IzinTalepGirisWP.webpart,UTF-8 with BOM
C:\Users\taylis\source\repos\PortalApps\IKYS_WebParts\IzinTalepGirisWP\SharePointProjectItem.spdata,UTF-8 with BOM
C:\Users\taylis\source\repos\PortalApps\IKYS_WebParts\IzinTalepListesiWP\Elements.xml,UTF-8 with BOM
C:\Users\taylis\source\repos\PortalApps\IKYS_WebParts\IzinTalepListesiWP\IzinTalepListesiWP.ascx,UTF-8 with BOM
C:\Users\taylis\source\repos\PortalApps\IKYS_WebParts\IzinTalepListesiWP\IzinTalepListesiWP.ascx.cs,UTF-8 (no BOM)
C:\Users\taylis\source\repos\PortalApps\IKYS_WebParts\IzinTalepListesiWP\IzinTalepListesiWP.ascx.g.cs,windows-1254
C:\Users\taylis\source\repos\PortalApps\IKYS_WebParts\IzinTalepListesiWP\IzinTalepListesiWP.webpart,UTF-8 with BOM
C:\Users\taylis\source\repos\PortalApps\IKYS_WebParts\IzinTalepListesiWP\SharePointProjectItem.spdata,UTF-8 with BOM
C:\Users\taylis\source\repos\PortalApps\IKYS_WebParts\key.snk,windows-1254
C:\Users\taylis\source\repos\PortalApps\IKYS_WebParts\KisiselSayfaListesiWP\Elements.xml,UTF-8 with BOM
C:\Users\taylis\source\repos\PortalApps\IKYS_WebParts\KisiselSayfaListesiWP\KisiselSayfaListesiWP.ascx,UTF-8 with BOM
C:\Users\taylis\source\repos\PortalApps\IKYS_WebParts\KisiselSayfaListesiWP\KisiselSayfaListesiWP.ascx.cs,windows-1254
C:\Users\taylis\source\repos\PortalApps\IKYS_WebParts\KisiselSayfaListesiWP\KisiselSayfaListesiWP.ascx.g.cs,UTF-8 (no BOM)
C:\Users\taylis\source\repos\PortalApps\IKYS_WebParts\KisiselSayfaListesiWP\KisiselSayfaListesiWP.webpart,UTF-8 with BOM
C:\Users\taylis\source\repos\PortalApps\IKYS_WebParts\KisiselSayfaListesiWP\SharePointProjectItem.spdata,UTF-8 with BOM
C:\Users\taylis\source\repos\PortalApps\IKYS_WebParts\KisiselSayfaWP\Elements.xml,UTF-8 with BOM
C:\Users\taylis\source\repos\PortalApps\IKYS_WebParts\KisiselSayfaWP\KisiselSayfaWP.ascx,UTF-8 with BOM
C:\Users\taylis\source\repos\PortalApps\IKYS_WebParts\KisiselSayfaWP\KisiselSayfaWP.ascx.cs,windows-1254
C:\Users\taylis\source\repos\PortalApps\IKYS_WebParts\KisiselSayfaWP\KisiselSayfaWP.ascx.g.cs,windows-1254
C:\Users\taylis\source\repos\PortalApps\IKYS_WebParts\KisiselSayfaWP\KisiselSayfaWP.webpart,UTF-8 with BOM
C:\Users\taylis\source\repos\PortalApps\IKYS_WebParts\KisiselSayfaWP\SharePointProjectItem.spdata,UTF-8 with BOM
C:\Users\taylis\source\repos\PortalApps\IKYS_WebParts\KullanilmayanIzinListesiWP\Elements.xml,UTF-8 with BOM
C:\Users\taylis\source\repos\PortalApps\IKYS_WebParts\KullanilmayanIzinListesiWP\KullanilmayanIzinListesiWP.ascx,UTF-8 with BOM
C:\Users\taylis\source\repos\PortalApps\IKYS_WebParts\KullanilmayanIzinListesiWP\KullanilmayanIzinListesiWP.ascx.cs,windows-1254
C:\Users\taylis\source\repos\PortalApps\IKYS_WebParts\KullanilmayanIzinListesiWP\KullanilmayanIzinListesiWP.ascx.g.cs,windows-1254
C:\Users\taylis\source\repos\PortalApps\IKYS_WebParts\KullanilmayanIzinListesiWP\KullanilmayanIzinListesiWP.webpart,UTF-8 with BOM
C:\Users\taylis\source\repos\PortalApps\IKYS_WebParts\KullanilmayanIzinListesiWP\SharePointProjectItem.spdata,UTF-8 with BOM
C:\Users\taylis\source\repos\PortalApps\IKYS_WebParts\MaasArtisiWP\Elements.xml,UTF-8 with BOM
C:\Users\taylis\source\repos\PortalApps\IKYS_WebParts\MaasArtisiWP\MaasArtisiWP.ascx,UTF-8 with BOM
C:\Users\taylis\source\repos\PortalApps\IKYS_WebParts\MaasArtisiWP\MaasArtisiWP.ascx.cs,windows-1254
C:\Users\taylis\source\repos\PortalApps\IKYS_WebParts\MaasArtisiWP\MaasArtisiWP.ascx.g.cs,windows-1254
C:\Users\taylis\source\repos\PortalApps\IKYS_WebParts\MaasArtisiWP\MaasArtisiWP.webpart,UTF-8 with BOM
C:\Users\taylis\source\repos\PortalApps\IKYS_WebParts\MaasArtisiWP\SharePointProjectItem.spdata,UTF-8 with BOM
C:\Users\taylis\source\repos\PortalApps\IKYS_WebParts\MaasOlusturmaWP\Elements.xml,UTF-8 with BOM
C:\Users\taylis\source\repos\PortalApps\IKYS_WebParts\MaasOlusturmaWP\MaasOlusturmaWP.ascx,UTF-8 with BOM
C:\Users\taylis\source\repos\PortalApps\IKYS_WebParts\MaasOlusturmaWP\MaasOlusturmaWP.ascx.cs,windows-1254
C:\Users\taylis\source\repos\PortalApps\IKYS_WebParts\MaasOlusturmaWP\MaasOlusturmaWP.ascx.g.cs,windows-1254
C:\Users\taylis\source\repos\PortalApps\IKYS_WebParts\MaasOlusturmaWP\MaasOlusturmaWP.webpart,UTF-8 with BOM
C:\Users\taylis\source\repos\PortalApps\IKYS_WebParts\MaasOlusturmaWP\SharePointProjectItem.spdata,UTF-8 with BOM
C:\Users\taylis\source\repos\PortalApps\IKYS_WebParts\MaasTablolariWP\Elements.xml,UTF-8 with BOM
C:\Users\taylis\source\repos\PortalApps\IKYS_WebParts\MaasTablolariWP\MaasTablolariWP.ascx,UTF-8 with BOM
C:\Users\taylis\source\repos\PortalApps\IKYS_WebParts\MaasTablolariWP\MaasTablolariWP.ascx.cs,windows-1254
C:\Users\taylis\source\repos\PortalApps\IKYS_WebParts\MaasTablolariWP\MaasTablolariWP.ascx.g.cs,windows-1254
C:\Users\taylis\source\repos\PortalApps\IKYS_WebParts\MaasTablolariWP\MaasTablolariWP.webpart,UTF-8 with BOM
C:\Users\taylis\source\repos\PortalApps\IKYS_WebParts\MaasTablolariWP\SharePointProjectItem.spdata,UTF-8 with BOM
C:\Users\taylis\source\repos\PortalApps\IKYS_WebParts\MazereteMahsupWP\Elements.xml,UTF-8 with BOM
C:\Users\taylis\source\repos\PortalApps\IKYS_WebParts\MazereteMahsupWP\MazereteMahsupWP.ascx,UTF-8 with BOM
C:\Users\taylis\source\repos\PortalApps\IKYS_WebParts\MazereteMahsupWP\MazereteMahsupWP.ascx.cs,windows-1254
C:\Users\taylis\source\repos\PortalApps\IKYS_WebParts\MazereteMahsupWP\MazereteMahsupWP.ascx.g.cs,windows-1254
C:\Users\taylis\source\repos\PortalApps\IKYS_WebParts\MazereteMahsupWP\MazereteMahsupWP.webpart,UTF-8 with BOM
C:\Users\taylis\source\repos\PortalApps\IKYS_WebParts\MazereteMahsupWP\SharePointProjectItem.spdata,UTF-8 with BOM
C:\Users\taylis\source\repos\PortalApps\IKYS_WebParts\MazeretIzinTalepListesiWP\Elements.xml,UTF-8 with BOM
C:\Users\taylis\source\repos\PortalApps\IKYS_WebParts\MazeretIzinTalepListesiWP\MazeretIzinTalepListesiWP.ascx,UTF-8 with BOM
C:\Users\taylis\source\repos\PortalApps\IKYS_WebParts\MazeretIzinTalepListesiWP\MazeretIzinTalepListesiWP.ascx.cs,UTF-8 (no BOM)
C:\Users\taylis\source\repos\PortalApps\IKYS_WebParts\MazeretIzinTalepListesiWP\MazeretIzinTalepListesiWP.ascx.g.cs,windows-1254
C:\Users\taylis\source\repos\PortalApps\IKYS_WebParts\MazeretIzinTalepListesiWP\MazeretIzinTalepListesiWP.webpart,UTF-8 with BOM
C:\Users\taylis\source\repos\PortalApps\IKYS_WebParts\MazeretIzinTalepListesiWP\SharePointProjectItem.spdata,UTF-8 with BOM
C:\Users\taylis\source\repos\PortalApps\IKYS_WebParts\Package\Package.package,UTF-8 with BOM
C:\Users\taylis\source\repos\PortalApps\IKYS_WebParts\Package\Package.Template.xml,UTF-8 with BOM
C:\Users\taylis\source\repos\PortalApps\IKYS_WebParts\packages.config,UTF-8 with BOM
C:\Users\taylis\source\repos\PortalApps\IKYS_WebParts\PersonelGirisiWP\Elements.xml,UTF-8 with BOM
C:\Users\taylis\source\repos\PortalApps\IKYS_WebParts\PersonelGirisiWP\PersonelGirisiWP.ascx,UTF-8 with BOM
C:\Users\taylis\source\repos\PortalApps\IKYS_WebParts\PersonelGirisiWP\PersonelGirisiWP.ascx.cs,windows-1254
C:\Users\taylis\source\repos\PortalApps\IKYS_WebParts\PersonelGirisiWP\PersonelGirisiWP.ascx.g.cs,windows-1254
C:\Users\taylis\source\repos\PortalApps\IKYS_WebParts\PersonelGirisiWP\PersonelGirisiWP.webpart,UTF-8 with BOM
C:\Users\taylis\source\repos\PortalApps\IKYS_WebParts\PersonelGirisiWP\SharePointProjectItem.spdata,UTF-8 with BOM
C:\Users\taylis\source\repos\PortalApps\IKYS_WebParts\PersonelKartiWP\Elements.xml,UTF-8 with BOM
C:\Users\taylis\source\repos\PortalApps\IKYS_WebParts\PersonelKartiWP\PersonelKartiWP.ascx,UTF-8 with BOM
C:\Users\taylis\source\repos\PortalApps\IKYS_WebParts\PersonelKartiWP\PersonelKartiWP.ascx.cs,windows-1254
C:\Users\taylis\source\repos\PortalApps\IKYS_WebParts\PersonelKartiWP\PersonelKartiWP.ascx.g.cs,windows-1254
C:\Users\taylis\source\repos\PortalApps\IKYS_WebParts\PersonelKartiWP\PersonelKartiWP.webpart,UTF-8 with BOM
C:\Users\taylis\source\repos\PortalApps\IKYS_WebParts\PersonelKartiWP\SharePointProjectItem.spdata,UTF-8 with BOM
C:\Users\taylis\source\repos\PortalApps\IKYS_WebParts\PersonelListesiWP\Elements.xml,UTF-8 with BOM
C:\Users\taylis\source\repos\PortalApps\IKYS_WebParts\PersonelListesiWP\PersonelListesiWP.ascx,UTF-8 with BOM
C:\Users\taylis\source\repos\PortalApps\IKYS_WebParts\PersonelListesiWP\PersonelListesiWP.ascx.cs,windows-1254
C:\Users\taylis\source\repos\PortalApps\IKYS_WebParts\PersonelListesiWP\PersonelListesiWP.ascx.g.cs,windows-1254
C:\Users\taylis\source\repos\PortalApps\IKYS_WebParts\PersonelListesiWP\PersonelListesiWP.webpart,UTF-8 with BOM
C:\Users\taylis\source\repos\PortalApps\IKYS_WebParts\PersonelListesiWP\SharePointProjectItem.spdata,UTF-8 with BOM
C:\Users\taylis\source\repos\PortalApps\IKYS_WebParts\pkg\Debug\IKYS_WebParts\DAO.dll,windows-1254
C:\Users\taylis\source\repos\PortalApps\IKYS_WebParts\pkg\Debug\IKYS_WebParts\IKYS_WebParts.dll,windows-1254
C:\Users\taylis\source\repos\PortalApps\IKYS_WebParts\pkg\Debug\IKYS_WebParts\IKYS_WebParts_Feature1\AileGirisiWP\AileGirisiWP.webpart,UTF-8 with BOM
C:\Users\taylis\source\repos\PortalApps\IKYS_WebParts\pkg\Debug\IKYS_WebParts\IKYS_WebParts_Feature1\AileGirisiWP\Elements.xml,UTF-8 with BOM
C:\Users\taylis\source\repos\PortalApps\IKYS_WebParts\pkg\Debug\IKYS_WebParts\IKYS_WebParts_Feature1\AylikYoklamaRaporuWP\AylikYoklamaRaporuWP.webpart,UTF-8 with BOM
C:\Users\taylis\source\repos\PortalApps\IKYS_WebParts\pkg\Debug\IKYS_WebParts\IKYS_WebParts_Feature1\AylikYoklamaRaporuWP\Elements.xml,UTF-8 with BOM
C:\Users\taylis\source\repos\PortalApps\IKYS_WebParts\pkg\Debug\IKYS_WebParts\IKYS_WebParts_Feature1\BirimListesiWP\BirimListesiWP.webpart,UTF-8 with BOM
C:\Users\taylis\source\repos\PortalApps\IKYS_WebParts\pkg\Debug\IKYS_WebParts\IKYS_WebParts_Feature1\BirimListesiWP\Elements.xml,UTF-8 with BOM
C:\Users\taylis\source\repos\PortalApps\IKYS_WebParts\pkg\Debug\IKYS_WebParts\IKYS_WebParts_Feature1\BirimSemasiWP\BirimSemasiWP.webpart,UTF-8 with BOM
C:\Users\taylis\source\repos\PortalApps\IKYS_WebParts\pkg\Debug\IKYS_WebParts\IKYS_WebParts_Feature1\BirimSemasiWP\Elements.xml,UTF-8 with BOM
C:\Users\taylis\source\repos\PortalApps\IKYS_WebParts\pkg\Debug\IKYS_WebParts\IKYS_WebParts_Feature1\BirimTanimEditWP\BirimTanimEditWP.webpart,UTF-8 with BOM
C:\Users\taylis\source\repos\PortalApps\IKYS_WebParts\pkg\Debug\IKYS_WebParts\IKYS_WebParts_Feature1\BirimTanimEditWP\Elements.xml,UTF-8 with BOM
C:\Users\taylis\source\repos\PortalApps\IKYS_WebParts\pkg\Debug\IKYS_WebParts\IKYS_WebParts_Feature1\DereceKademeListesiWP\DereceKademeListesiWP.webpart,UTF-8 with BOM
C:\Users\taylis\source\repos\PortalApps\IKYS_WebParts\pkg\Debug\IKYS_WebParts\IKYS_WebParts_Feature1\DereceKademeListesiWP\Elements.xml,UTF-8 with BOM
C:\Users\taylis\source\repos\PortalApps\IKYS_WebParts\pkg\Debug\IKYS_WebParts\IKYS_WebParts_Feature1\EgitimGirisiWP\EgitimGirisiWP.webpart,UTF-8 with BOM
C:\Users\taylis\source\repos\PortalApps\IKYS_WebParts\pkg\Debug\IKYS_WebParts\IKYS_WebParts_Feature1\EgitimGirisiWP\Elements.xml,UTF-8 with BOM
C:\Users\taylis\source\repos\PortalApps\IKYS_WebParts\pkg\Debug\IKYS_WebParts\IKYS_WebParts_Feature1\EskiPersonelListesiWP\Elements.xml,UTF-8 with BOM
C:\Users\taylis\source\repos\PortalApps\IKYS_WebParts\pkg\Debug\IKYS_WebParts\IKYS_WebParts_Feature1\EskiPersonelListesiWP\EskiPersonelListesiWP.webpart,UTF-8 with BOM
C:\Users\taylis\source\repos\PortalApps\IKYS_WebParts\pkg\Debug\IKYS_WebParts\IKYS_WebParts_Feature1\EskiPersonelWP\Elements.xml,UTF-8 with BOM
C:\Users\taylis\source\repos\PortalApps\IKYS_WebParts\pkg\Debug\IKYS_WebParts\IKYS_WebParts_Feature1\EskiPersonelWP\EskiPersonelWP.webpart,UTF-8 with BOM
C:\Users\taylis\source\repos\PortalApps\IKYS_WebParts\pkg\Debug\IKYS_WebParts\IKYS_WebParts_Feature1\Feature.xml,UTF-8 with BOM
C:\Users\taylis\source\repos\PortalApps\IKYS_WebParts\pkg\Debug\IKYS_WebParts\IKYS_WebParts_Feature1\GorevliIzinliPersonelWP\Elements.xml,UTF-8 with BOM
C:\Users\taylis\source\repos\PortalApps\IKYS_WebParts\pkg\Debug\IKYS_WebParts\IKYS_WebParts_Feature1\GorevliIzinliPersonelWP\GorevliIzinliPersonelWP.webpart,UTF-8 with BOM
C:\Users\taylis\source\repos\PortalApps\IKYS_WebParts\pkg\Debug\IKYS_WebParts\IKYS_WebParts_Feature1\GorevOnayGirisiWP\Elements.xml,UTF-8 with BOM
C:\Users\taylis\source\repos\PortalApps\IKYS_WebParts\pkg\Debug\IKYS_WebParts\IKYS_WebParts_Feature1\GorevOnayGirisiWP\GorevOnayGirisiWP.webpart,UTF-8 with BOM
C:\Users\taylis\source\repos\PortalApps\IKYS_WebParts\pkg\Debug\IKYS_WebParts\IKYS_WebParts_Feature1\GorevOnayListesiWP\Elements.xml,UTF-8 with BOM
C:\Users\taylis\source\repos\PortalApps\IKYS_WebParts\pkg\Debug\IKYS_WebParts\IKYS_WebParts_Feature1\GorevOnayListesiWP\GorevOnayListesiWP.webpart,UTF-8 with BOM
C:\Users\taylis\source\repos\PortalApps\IKYS_WebParts\pkg\Debug\IKYS_WebParts\IKYS_WebParts_Feature1\GorevSemasiWP\Elements.xml,UTF-8 with BOM
C:\Users\taylis\source\repos\PortalApps\IKYS_WebParts\pkg\Debug\IKYS_WebParts\IKYS_WebParts_Feature1\GorevSemasiWP\GorevSemasiWP.webpart,UTF-8 with BOM
C:\Users\taylis\source\repos\PortalApps\IKYS_WebParts\pkg\Debug\IKYS_WebParts\IKYS_WebParts_Feature1\GorevTanimEditWP\Elements.xml,UTF-8 with BOM
C:\Users\taylis\source\repos\PortalApps\IKYS_WebParts\pkg\Debug\IKYS_WebParts\IKYS_WebParts_Feature1\GorevTanimEditWP\GorevTanimEditWP.webpart,UTF-8 with BOM
C:\Users\taylis\source\repos\PortalApps\IKYS_WebParts\pkg\Debug\IKYS_WebParts\IKYS_WebParts_Feature1\GorevTanimListesiWP\Elements.xml,UTF-8 with BOM
C:\Users\taylis\source\repos\PortalApps\IKYS_WebParts\pkg\Debug\IKYS_WebParts\IKYS_WebParts_Feature1\GorevTanimListesiWP\GorevTanimListesiWP.webpart,UTF-8 with BOM
C:\Users\taylis\source\repos\PortalApps\IKYS_WebParts\pkg\Debug\IKYS_WebParts\IKYS_WebParts_Feature1\HarcirahGirisWP\Elements.xml,UTF-8 with BOM
C:\Users\taylis\source\repos\PortalApps\IKYS_WebParts\pkg\Debug\IKYS_WebParts\IKYS_WebParts_Feature1\HarcirahGirisWP\HarcirahGirisWP.webpart,UTF-8 with BOM
C:\Users\taylis\source\repos\PortalApps\IKYS_WebParts\pkg\Debug\IKYS_WebParts\IKYS_WebParts_Feature1\IletisimBilgileriListesiWP\Elements.xml,UTF-8 with BOM
C:\Users\taylis\source\repos\PortalApps\IKYS_WebParts\pkg\Debug\IKYS_WebParts\IKYS_WebParts_Feature1\IletisimBilgileriListesiWP\IletisimBilgileriListesiWP.webpart,UTF-8 with BOM
C:\Users\taylis\source\repos\PortalApps\IKYS_WebParts\pkg\Debug\IKYS_WebParts\IKYS_WebParts_Feature1\IzinDonemListesiWP\Elements.xml,UTF-8 with BOM
C:\Users\taylis\source\repos\PortalApps\IKYS_WebParts\pkg\Debug\IKYS_WebParts\IKYS_WebParts_Feature1\IzinDonemListesiWP\IzinDonemListesiWP.webpart,UTF-8 with BOM
C:\Users\taylis\source\repos\PortalApps\IKYS_WebParts\pkg\Debug\IKYS_WebParts\IKYS_WebParts_Feature1\IzinHareketEditWP\Elements.xml,UTF-8 with BOM
C:\Users\taylis\source\repos\PortalApps\IKYS_WebParts\pkg\Debug\IKYS_WebParts\IKYS_WebParts_Feature1\IzinHareketEditWP\IzinHareketEditWP.webpart,UTF-8 with BOM
C:\Users\taylis\source\repos\PortalApps\IKYS_WebParts\pkg\Debug\IKYS_WebParts\IKYS_WebParts_Feature1\IzinHareketListesiWP\Elements.xml,UTF-8 with BOM
C:\Users\taylis\source\repos\PortalApps\IKYS_WebParts\pkg\Debug\IKYS_WebParts\IKYS_WebParts_Feature1\IzinHareketListesiWP\IzinHareketListesiWP.webpart,UTF-8 with BOM
C:\Users\taylis\source\repos\PortalApps\IKYS_WebParts\pkg\Debug\IKYS_WebParts\IKYS_WebParts_Feature1\IzinKullanimRaporuWP\Elements.xml,UTF-8 with BOM
C:\Users\taylis\source\repos\PortalApps\IKYS_WebParts\pkg\Debug\IKYS_WebParts\IKYS_WebParts_Feature1\IzinKullanimRaporuWP\IzinKullanimRaporuWP.webpart,UTF-8 with BOM
C:\Users\taylis\source\repos\PortalApps\IKYS_WebParts\pkg\Debug\IKYS_WebParts\IKYS_WebParts_Feature1\IzinTalepGirisWP\Elements.xml,UTF-8 with BOM
C:\Users\taylis\source\repos\PortalApps\IKYS_WebParts\pkg\Debug\IKYS_WebParts\IKYS_WebParts_Feature1\IzinTalepGirisWP\IzinTalepGirisWP.webpart,UTF-8 with BOM
C:\Users\taylis\source\repos\PortalApps\IKYS_WebParts\pkg\Debug\IKYS_WebParts\IKYS_WebParts_Feature1\IzinTalepListesiWP\Elements.xml,UTF-8 with BOM
C:\Users\taylis\source\repos\PortalApps\IKYS_WebParts\pkg\Debug\IKYS_WebParts\IKYS_WebParts_Feature1\IzinTalepListesiWP\IzinTalepListesiWP.webpart,UTF-8 with BOM
C:\Users\taylis\source\repos\PortalApps\IKYS_WebParts\pkg\Debug\IKYS_WebParts\IKYS_WebParts_Feature1\KisiselSayfaListesiWP\Elements.xml,UTF-8 with BOM
C:\Users\taylis\source\repos\PortalApps\IKYS_WebParts\pkg\Debug\IKYS_WebParts\IKYS_WebParts_Feature1\KisiselSayfaListesiWP\KisiselSayfaListesiWP.webpart,UTF-8 with BOM
C:\Users\taylis\source\repos\PortalApps\IKYS_WebParts\pkg\Debug\IKYS_WebParts\IKYS_WebParts_Feature1\KisiselSayfaWP\Elements.xml,UTF-8 with BOM
C:\Users\taylis\source\repos\PortalApps\IKYS_WebParts\pkg\Debug\IKYS_WebParts\IKYS_WebParts_Feature1\KisiselSayfaWP\KisiselSayfaWP.webpart,UTF-8 with BOM
C:\Users\taylis\source\repos\PortalApps\IKYS_WebParts\pkg\Debug\IKYS_WebParts\IKYS_WebParts_Feature1\KullanilmayanIzinListesiWP\Elements.xml,UTF-8 with BOM
C:\Users\taylis\source\repos\PortalApps\IKYS_WebParts\pkg\Debug\IKYS_WebParts\IKYS_WebParts_Feature1\KullanilmayanIzinListesiWP\KullanilmayanIzinListesiWP.webpart,UTF-8 with BOM
C:\Users\taylis\source\repos\PortalApps\IKYS_WebParts\pkg\Debug\IKYS_WebParts\IKYS_WebParts_Feature1\MaasArtisiWP\Elements.xml,UTF-8 with BOM
C:\Users\taylis\source\repos\PortalApps\IKYS_WebParts\pkg\Debug\IKYS_WebParts\IKYS_WebParts_Feature1\MaasArtisiWP\MaasArtisiWP.webpart,UTF-8 with BOM
C:\Users\taylis\source\repos\PortalApps\IKYS_WebParts\pkg\Debug\IKYS_WebParts\IKYS_WebParts_Feature1\MaasOlusturmaWP\Elements.xml,UTF-8 with BOM
C:\Users\taylis\source\repos\PortalApps\IKYS_WebParts\pkg\Debug\IKYS_WebParts\IKYS_WebParts_Feature1\MaasOlusturmaWP\MaasOlusturmaWP.webpart,UTF-8 with BOM
C:\Users\taylis\source\repos\PortalApps\IKYS_WebParts\pkg\Debug\IKYS_WebParts\IKYS_WebParts_Feature1\MaasTablolariWP\Elements.xml,UTF-8 with BOM
C:\Users\taylis\source\repos\PortalApps\IKYS_WebParts\pkg\Debug\IKYS_WebParts\IKYS_WebParts_Feature1\MaasTablolariWP\MaasTablolariWP.webpart,UTF-8 with BOM
C:\Users\taylis\source\repos\PortalApps\IKYS_WebParts\pkg\Debug\IKYS_WebParts\IKYS_WebParts_Feature1\MazereteMahsupWP\Elements.xml,UTF-8 with BOM
C:\Users\taylis\source\repos\PortalApps\IKYS_WebParts\pkg\Debug\IKYS_WebParts\IKYS_WebParts_Feature1\MazereteMahsupWP\MazereteMahsupWP.webpart,UTF-8 with BOM
C:\Users\taylis\source\repos\PortalApps\IKYS_WebParts\pkg\Debug\IKYS_WebParts\IKYS_WebParts_Feature1\MazeretIzinTalepListesiWP\Elements.xml,UTF-8 with BOM
C:\Users\taylis\source\repos\PortalApps\IKYS_WebParts\pkg\Debug\IKYS_WebParts\IKYS_WebParts_Feature1\MazeretIzinTalepListesiWP\MazeretIzinTalepListesiWP.webpart,UTF-8 with BOM
C:\Users\taylis\source\repos\PortalApps\IKYS_WebParts\pkg\Debug\IKYS_WebParts\IKYS_WebParts_Feature1\PersonelGirisiWP\Elements.xml,UTF-8 with BOM
C:\Users\taylis\source\repos\PortalApps\IKYS_WebParts\pkg\Debug\IKYS_WebParts\IKYS_WebParts_Feature1\PersonelGirisiWP\PersonelGirisiWP.webpart,UTF-8 with BOM
C:\Users\taylis\source\repos\PortalApps\IKYS_WebParts\pkg\Debug\IKYS_WebParts\IKYS_WebParts_Feature1\PersonelKartiWP\Elements.xml,UTF-8 with BOM
C:\Users\taylis\source\repos\PortalApps\IKYS_WebParts\pkg\Debug\IKYS_WebParts\IKYS_WebParts_Feature1\PersonelKartiWP\PersonelKartiWP.webpart,UTF-8 with BOM
C:\Users\taylis\source\repos\PortalApps\IKYS_WebParts\pkg\Debug\IKYS_WebParts\IKYS_WebParts_Feature1\PersonelListesiWP\Elements.xml,UTF-8 with BOM
C:\Users\taylis\source\repos\PortalApps\IKYS_WebParts\pkg\Debug\IKYS_WebParts\IKYS_WebParts_Feature1\PersonelListesiWP\PersonelListesiWP.webpart,UTF-8 with BOM
C:\Users\taylis\source\repos\PortalApps\IKYS_WebParts\pkg\Debug\IKYS_WebParts\IKYS_WebParts_Feature1\ProtokolSirasiWP\Elements.xml,UTF-8 with BOM
C:\Users\taylis\source\repos\PortalApps\IKYS_WebParts\pkg\Debug\IKYS_WebParts\IKYS_WebParts_Feature1\ProtokolSirasiWP\ProtokolSirasiWP.webpart,UTF-8 with BOM
C:\Users\taylis\source\repos\PortalApps\IKYS_WebParts\pkg\Debug\IKYS_WebParts\IKYS_WebParts_Feature1\ResmiTatilGirisiWP\Elements.xml,UTF-8 with BOM
C:\Users\taylis\source\repos\PortalApps\IKYS_WebParts\pkg\Debug\IKYS_WebParts\IKYS_WebParts_Feature1\ResmiTatilGirisiWP\ResmiTatilGirisiWP.webpart,UTF-8 with BOM
C:\Users\taylis\source\repos\PortalApps\IKYS_WebParts\pkg\Debug\IKYS_WebParts\IKYS_WebParts_Feature1\ResmiTatillerWP\Elements.xml,UTF-8 with BOM
C:\Users\taylis\source\repos\PortalApps\IKYS_WebParts\pkg\Debug\IKYS_WebParts\IKYS_WebParts_Feature1\ResmiTatillerWP\ResmiTatillerWP.webpart,UTF-8 with BOM
C:\Users\taylis\source\repos\PortalApps\IKYS_WebParts\pkg\Debug\IKYS_WebParts\IKYS_WebParts_Feature1\ResmiTatilListesiWP\Elements.xml,UTF-8 with BOM
C:\Users\taylis\source\repos\PortalApps\IKYS_WebParts\pkg\Debug\IKYS_WebParts\IKYS_WebParts_Feature1\ResmiTatilListesiWP\ResmiTatilListesiWP.webpart,UTF-8 with BOM
C:\Users\taylis\source\repos\PortalApps\IKYS_WebParts\pkg\Debug\IKYS_WebParts\IKYS_WebParts_Feature1\SonIzinDurumuWP\Elements.xml,UTF-8 with BOM
C:\Users\taylis\source\repos\PortalApps\IKYS_WebParts\pkg\Debug\IKYS_WebParts\IKYS_WebParts_Feature1\SonIzinDurumuWP\SonIzinDurumuWP.webpart,UTF-8 with BOM
C:\Users\taylis\source\repos\PortalApps\IKYS_WebParts\pkg\Debug\IKYS_WebParts\IKYS_WebParts_Feature1\TarihBazliIzinKullanimRaporuWP\Elements.xml,UTF-8 with BOM
C:\Users\taylis\source\repos\PortalApps\IKYS_WebParts\pkg\Debug\IKYS_WebParts\IKYS_WebParts_Feature1\TarihBazliIzinKullanimRaporuWP\TarihBazliIzinKullanimRaporuWP.webpart,UTF-8 with BOM
C:\Users\taylis\source\repos\PortalApps\IKYS_WebParts\pkg\Debug\IKYS_WebParts\IKYS_WebParts_Feature1\TopluIzinGirisiWP\Elements.xml,UTF-8 with BOM
C:\Users\taylis\source\repos\PortalApps\IKYS_WebParts\pkg\Debug\IKYS_WebParts\IKYS_WebParts_Feature1\TopluIzinGirisiWP\TopluIzinGirisiWP.webpart,UTF-8 with BOM
C:\Users\taylis\source\repos\PortalApps\IKYS_WebParts\pkg\Debug\IKYS_WebParts\IKYS_WebParts_Feature1\UcretliMahsupWP\Elements.xml,UTF-8 with BOM
C:\Users\taylis\source\repos\PortalApps\IKYS_WebParts\pkg\Debug\IKYS_WebParts\IKYS_WebParts_Feature1\UcretliMahsupWP\UcretliMahsupWP.webpart,UTF-8 with BOM
C:\Users\taylis\source\repos\PortalApps\IKYS_WebParts\pkg\Debug\IKYS_WebParts\IKYS_WebParts_Feature1\YoklamaGirisiWP\Elements.xml,UTF-8 with BOM
C:\Users\taylis\source\repos\PortalApps\IKYS_WebParts\pkg\Debug\IKYS_WebParts\IKYS_WebParts_Feature1\YoklamaGirisiWP\YoklamaGirisiWP.webpart,UTF-8 with BOM
C:\Users\taylis\source\repos\PortalApps\IKYS_WebParts\pkg\Debug\IKYS_WebParts\IKYS_WebParts_Feature1\YoklamaListesiWP\Elements.xml,UTF-8 with BOM
C:\Users\taylis\source\repos\PortalApps\IKYS_WebParts\pkg\Debug\IKYS_WebParts\IKYS_WebParts_Feature1\YoklamaListesiWP\YoklamaListesiWP.webpart,UTF-8 with BOM
C:\Users\taylis\source\repos\PortalApps\IKYS_WebParts\pkg\Debug\IKYS_WebParts\manifest.xml,UTF-8 with BOM
C:\Users\taylis\source\repos\PortalApps\IKYS_WebParts\pkg\Debug\IKYS_WebParts\Model.dll,windows-1254
C:\Users\taylis\source\repos\PortalApps\IKYS_WebParts\pkg\Debug\IKYS_WebParts\Utility.dll,windows-1254
C:\Users\taylis\source\repos\PortalApps\IKYS_WebParts\pkgobj\Debug\IKYS_WebParts_Feature1_Feature.xml,UTF-8 with BOM
C:\Users\taylis\source\repos\PortalApps\IKYS_WebParts\pkgobj\Debug\Package_Manifest.xml,UTF-8 with BOM
C:\Users\taylis\source\repos\PortalApps\IKYS_WebParts\pkgobj\Debug\TokenReplaceFolder\IKYS_WebParts_Feature1\AileGirisiWP\AileGirisiWP.webpart,UTF-8 with BOM
C:\Users\taylis\source\repos\PortalApps\IKYS_WebParts\pkgobj\Debug\TokenReplaceFolder\IKYS_WebParts_Feature1\AileGirisiWP\Elements.xml,UTF-8 with BOM
C:\Users\taylis\source\repos\PortalApps\IKYS_WebParts\pkgobj\Debug\TokenReplaceFolder\IKYS_WebParts_Feature1\AylikYoklamaRaporuWP\AylikYoklamaRaporuWP.webpart,UTF-8 with BOM
C:\Users\taylis\source\repos\PortalApps\IKYS_WebParts\pkgobj\Debug\TokenReplaceFolder\IKYS_WebParts_Feature1\AylikYoklamaRaporuWP\Elements.xml,UTF-8 with BOM
C:\Users\taylis\source\repos\PortalApps\IKYS_WebParts\pkgobj\Debug\TokenReplaceFolder\IKYS_WebParts_Feature1\BirimListesiWP\BirimListesiWP.webpart,UTF-8 with BOM
C:\Users\taylis\source\repos\PortalApps\IKYS_WebParts\pkgobj\Debug\TokenReplaceFolder\IKYS_WebParts_Feature1\BirimListesiWP\Elements.xml,UTF-8 with BOM
C:\Users\taylis\source\repos\PortalApps\IKYS_WebParts\pkgobj\Debug\TokenReplaceFolder\IKYS_WebParts_Feature1\BirimSemasiWP\BirimSemasiWP.webpart,UTF-8 with BOM
C:\Users\taylis\source\repos\PortalApps\IKYS_WebParts\pkgobj\Debug\TokenReplaceFolder\IKYS_WebParts_Feature1\BirimSemasiWP\Elements.xml,UTF-8 with BOM
C:\Users\taylis\source\repos\PortalApps\IKYS_WebParts\pkgobj\Debug\TokenReplaceFolder\IKYS_WebParts_Feature1\BirimTanimEditWP\BirimTanimEditWP.webpart,UTF-8 with BOM
C:\Users\taylis\source\repos\PortalApps\IKYS_WebParts\pkgobj\Debug\TokenReplaceFolder\IKYS_WebParts_Feature1\BirimTanimEditWP\Elements.xml,UTF-8 with BOM
C:\Users\taylis\source\repos\PortalApps\IKYS_WebParts\pkgobj\Debug\TokenReplaceFolder\IKYS_WebParts_Feature1\DereceKademeListesiWP\DereceKademeListesiWP.webpart,UTF-8 with BOM
C:\Users\taylis\source\repos\PortalApps\IKYS_WebParts\pkgobj\Debug\TokenReplaceFolder\IKYS_WebParts_Feature1\DereceKademeListesiWP\Elements.xml,UTF-8 with BOM
C:\Users\taylis\source\repos\PortalApps\IKYS_WebParts\pkgobj\Debug\TokenReplaceFolder\IKYS_WebParts_Feature1\EgitimGirisiWP\EgitimGirisiWP.webpart,UTF-8 with BOM
C:\Users\taylis\source\repos\PortalApps\IKYS_WebParts\pkgobj\Debug\TokenReplaceFolder\IKYS_WebParts_Feature1\EgitimGirisiWP\Elements.xml,UTF-8 with BOM
C:\Users\taylis\source\repos\PortalApps\IKYS_WebParts\pkgobj\Debug\TokenReplaceFolder\IKYS_WebParts_Feature1\EskiPersonelListesiWP\Elements.xml,UTF-8 with BOM
C:\Users\taylis\source\repos\PortalApps\IKYS_WebParts\pkgobj\Debug\TokenReplaceFolder\IKYS_WebParts_Feature1\EskiPersonelListesiWP\EskiPersonelListesiWP.webpart,UTF-8 with BOM
C:\Users\taylis\source\repos\PortalApps\IKYS_WebParts\pkgobj\Debug\TokenReplaceFolder\IKYS_WebParts_Feature1\EskiPersonelWP\Elements.xml,UTF-8 with BOM
C:\Users\taylis\source\repos\PortalApps\IKYS_WebParts\pkgobj\Debug\TokenReplaceFolder\IKYS_WebParts_Feature1\EskiPersonelWP\EskiPersonelWP.webpart,UTF-8 with BOM
C:\Users\taylis\source\repos\PortalApps\IKYS_WebParts\pkgobj\Debug\TokenReplaceFolder\IKYS_WebParts_Feature1\Feature.xml,UTF-8 with BOM
C:\Users\taylis\source\repos\PortalApps\IKYS_WebParts\pkgobj\Debug\TokenReplaceFolder\IKYS_WebParts_Feature1\GorevliIzinliPersonelWP\Elements.xml,UTF-8 with BOM
C:\Users\taylis\source\repos\PortalApps\IKYS_WebParts\pkgobj\Debug\TokenReplaceFolder\IKYS_WebParts_Feature1\GorevliIzinliPersonelWP\GorevliIzinliPersonelWP.webpart,UTF-8 with BOM
C:\Users\taylis\source\repos\PortalApps\IKYS_WebParts\pkgobj\Debug\TokenReplaceFolder\IKYS_WebParts_Feature1\GorevOnayGirisiWP\Elements.xml,UTF-8 with BOM
C:\Users\taylis\source\repos\PortalApps\IKYS_WebParts\pkgobj\Debug\TokenReplaceFolder\IKYS_WebParts_Feature1\GorevOnayGirisiWP\GorevOnayGirisiWP.webpart,UTF-8 with BOM
C:\Users\taylis\source\repos\PortalApps\IKYS_WebParts\pkgobj\Debug\TokenReplaceFolder\IKYS_WebParts_Feature1\GorevOnayListesiWP\Elements.xml,UTF-8 with BOM
C:\Users\taylis\source\repos\PortalApps\IKYS_WebParts\pkgobj\Debug\TokenReplaceFolder\IKYS_WebParts_Feature1\GorevOnayListesiWP\GorevOnayListesiWP.webpart,UTF-8 with BOM
C:\Users\taylis\source\repos\PortalApps\IKYS_WebParts\pkgobj\Debug\TokenReplaceFolder\IKYS_WebParts_Feature1\GorevSemasiWP\Elements.xml,UTF-8 with BOM
C:\Users\taylis\source\repos\PortalApps\IKYS_WebParts\pkgobj\Debug\TokenReplaceFolder\IKYS_WebParts_Feature1\GorevSemasiWP\GorevSemasiWP.webpart,UTF-8 with BOM
C:\Users\taylis\source\repos\PortalApps\IKYS_WebParts\pkgobj\Debug\TokenReplaceFolder\IKYS_WebParts_Feature1\GorevTanimEditWP\Elements.xml,UTF-8 with BOM
C:\Users\taylis\source\repos\PortalApps\IKYS_WebParts\pkgobj\Debug\TokenReplaceFolder\IKYS_WebParts_Feature1\GorevTanimEditWP\GorevTanimEditWP.webpart,UTF-8 with BOM
C:\Users\taylis\source\repos\PortalApps\IKYS_WebParts\pkgobj\Debug\TokenReplaceFolder\IKYS_WebParts_Feature1\GorevTanimListesiWP\Elements.xml,UTF-8 with BOM
C:\Users\taylis\source\repos\PortalApps\IKYS_WebParts\pkgobj\Debug\TokenReplaceFolder\IKYS_WebParts_Feature1\GorevTanimListesiWP\GorevTanimListesiWP.webpart,UTF-8 with BOM
C:\Users\taylis\source\repos\PortalApps\IKYS_WebParts\pkgobj\Debug\TokenReplaceFolder\IKYS_WebParts_Feature1\HarcirahGirisWP\Elements.xml,UTF-8 with BOM
C:\Users\taylis\source\repos\PortalApps\IKYS_WebParts\pkgobj\Debug\TokenReplaceFolder\IKYS_WebParts_Feature1\HarcirahGirisWP\HarcirahGirisWP.webpart,UTF-8 with BOM
C:\Users\taylis\source\repos\PortalApps\IKYS_WebParts\pkgobj\Debug\TokenReplaceFolder\IKYS_WebParts_Feature1\IletisimBilgileriListesiWP\Elements.xml,UTF-8 with BOM
C:\Users\taylis\source\repos\PortalApps\IKYS_WebParts\pkgobj\Debug\TokenReplaceFolder\IKYS_WebParts_Feature1\IletisimBilgileriListesiWP\IletisimBilgileriListesiWP.webpart,UTF-8 with BOM
C:\Users\taylis\source\repos\PortalApps\IKYS_WebParts\pkgobj\Debug\TokenReplaceFolder\IKYS_WebParts_Feature1\IzinDonemListesiWP\Elements.xml,UTF-8 with BOM
C:\Users\taylis\source\repos\PortalApps\IKYS_WebParts\pkgobj\Debug\TokenReplaceFolder\IKYS_WebParts_Feature1\IzinDonemListesiWP\IzinDonemListesiWP.webpart,UTF-8 with BOM
C:\Users\taylis\source\repos\PortalApps\IKYS_WebParts\pkgobj\Debug\TokenReplaceFolder\IKYS_WebParts_Feature1\IzinHareketEditWP\Elements.xml,UTF-8 with BOM
C:\Users\taylis\source\repos\PortalApps\IKYS_WebParts\pkgobj\Debug\TokenReplaceFolder\IKYS_WebParts_Feature1\IzinHareketEditWP\IzinHareketEditWP.webpart,UTF-8 with BOM
C:\Users\taylis\source\repos\PortalApps\IKYS_WebParts\pkgobj\Debug\TokenReplaceFolder\IKYS_WebParts_Feature1\IzinHareketListesiWP\Elements.xml,UTF-8 with BOM
C:\Users\taylis\source\repos\PortalApps\IKYS_WebParts\pkgobj\Debug\TokenReplaceFolder\IKYS_WebParts_Feature1\IzinHareketListesiWP\IzinHareketListesiWP.webpart,UTF-8 with BOM
C:\Users\taylis\source\repos\PortalApps\IKYS_WebParts\pkgobj\Debug\TokenReplaceFolder\IKYS_WebParts_Feature1\IzinKullanimRaporuWP\Elements.xml,UTF-8 with BOM
C:\Users\taylis\source\repos\PortalApps\IKYS_WebParts\pkgobj\Debug\TokenReplaceFolder\IKYS_WebParts_Feature1\IzinKullanimRaporuWP\IzinKullanimRaporuWP.webpart,UTF-8 with BOM
C:\Users\taylis\source\repos\PortalApps\IKYS_WebParts\pkgobj\Debug\TokenReplaceFolder\IKYS_WebParts_Feature1\IzinTalepGirisWP\Elements.xml,UTF-8 with BOM
C:\Users\taylis\source\repos\PortalApps\IKYS_WebParts\pkgobj\Debug\TokenReplaceFolder\IKYS_WebParts_Feature1\IzinTalepGirisWP\IzinTalepGirisWP.webpart,UTF-8 with BOM
C:\Users\taylis\source\repos\PortalApps\IKYS_WebParts\pkgobj\Debug\TokenReplaceFolder\IKYS_WebParts_Feature1\IzinTalepListesiWP\Elements.xml,UTF-8 with BOM
C:\Users\taylis\source\repos\PortalApps\IKYS_WebParts\pkgobj\Debug\TokenReplaceFolder\IKYS_WebParts_Feature1\IzinTalepListesiWP\IzinTalepListesiWP.webpart,UTF-8 with BOM
C:\Users\taylis\source\repos\PortalApps\IKYS_WebParts\pkgobj\Debug\TokenReplaceFolder\IKYS_WebParts_Feature1\KisiselSayfaListesiWP\Elements.xml,UTF-8 with BOM
C:\Users\taylis\source\repos\PortalApps\IKYS_WebParts\pkgobj\Debug\TokenReplaceFolder\IKYS_WebParts_Feature1\KisiselSayfaListesiWP\KisiselSayfaListesiWP.webpart,UTF-8 with BOM
C:\Users\taylis\source\repos\PortalApps\IKYS_WebParts\pkgobj\Debug\TokenReplaceFolder\IKYS_WebParts_Feature1\KisiselSayfaWP\Elements.xml,UTF-8 with BOM
C:\Users\taylis\source\repos\PortalApps\IKYS_WebParts\pkgobj\Debug\TokenReplaceFolder\IKYS_WebParts_Feature1\KisiselSayfaWP\KisiselSayfaWP.webpart,UTF-8 with BOM
C:\Users\taylis\source\repos\PortalApps\IKYS_WebParts\pkgobj\Debug\TokenReplaceFolder\IKYS_WebParts_Feature1\KullanilmayanIzinListesiWP\Elements.xml,UTF-8 with BOM
C:\Users\taylis\source\repos\PortalApps\IKYS_WebParts\pkgobj\Debug\TokenReplaceFolder\IKYS_WebParts_Feature1\KullanilmayanIzinListesiWP\KullanilmayanIzinListesiWP.webpart,UTF-8 with BOM
C:\Users\taylis\source\repos\PortalApps\IKYS_WebParts\pkgobj\Debug\TokenReplaceFolder\IKYS_WebParts_Feature1\MaasArtisiWP\Elements.xml,UTF-8 with BOM
C:\Users\taylis\source\repos\PortalApps\IKYS_WebParts\pkgobj\Debug\TokenReplaceFolder\IKYS_WebParts_Feature1\MaasArtisiWP\MaasArtisiWP.webpart,UTF-8 with BOM
C:\Users\taylis\source\repos\PortalApps\IKYS_WebParts\pkgobj\Debug\TokenReplaceFolder\IKYS_WebParts_Feature1\MaasOlusturmaWP\Elements.xml,UTF-8 with BOM
C:\Users\taylis\source\repos\PortalApps\IKYS_WebParts\pkgobj\Debug\TokenReplaceFolder\IKYS_WebParts_Feature1\MaasOlusturmaWP\MaasOlusturmaWP.webpart,UTF-8 with BOM
C:\Users\taylis\source\repos\PortalApps\IKYS_WebParts\pkgobj\Debug\TokenReplaceFolder\IKYS_WebParts_Feature1\MaasTablolariWP\Elements.xml,UTF-8 with BOM
C:\Users\taylis\source\repos\PortalApps\IKYS_WebParts\pkgobj\Debug\TokenReplaceFolder\IKYS_WebParts_Feature1\MaasTablolariWP\MaasTablolariWP.webpart,UTF-8 with BOM
C:\Users\taylis\source\repos\PortalApps\IKYS_WebParts\pkgobj\Debug\TokenReplaceFolder\IKYS_WebParts_Feature1\MazereteMahsupWP\Elements.xml,UTF-8 with BOM
C:\Users\taylis\source\repos\PortalApps\IKYS_WebParts\pkgobj\Debug\TokenReplaceFolder\IKYS_WebParts_Feature1\MazereteMahsupWP\MazereteMahsupWP.webpart,UTF-8 with BOM
C:\Users\taylis\source\repos\PortalApps\IKYS_WebParts\pkgobj\Debug\TokenReplaceFolder\IKYS_WebParts_Feature1\MazeretIzinTalepListesiWP\Elements.xml,UTF-8 with BOM
C:\Users\taylis\source\repos\PortalApps\IKYS_WebParts\pkgobj\Debug\TokenReplaceFolder\IKYS_WebParts_Feature1\MazeretIzinTalepListesiWP\MazeretIzinTalepListesiWP.webpart,UTF-8 with BOM
C:\Users\taylis\source\repos\PortalApps\IKYS_WebParts\pkgobj\Debug\TokenReplaceFolder\IKYS_WebParts_Feature1\PersonelGirisiWP\Elements.xml,UTF-8 with BOM
C:\Users\taylis\source\repos\PortalApps\IKYS_WebParts\pkgobj\Debug\TokenReplaceFolder\IKYS_WebParts_Feature1\PersonelGirisiWP\PersonelGirisiWP.webpart,UTF-8 with BOM
C:\Users\taylis\source\repos\PortalApps\IKYS_WebParts\pkgobj\Debug\TokenReplaceFolder\IKYS_WebParts_Feature1\PersonelKartiWP\Elements.xml,UTF-8 with BOM
C:\Users\taylis\source\repos\PortalApps\IKYS_WebParts\pkgobj\Debug\TokenReplaceFolder\IKYS_WebParts_Feature1\PersonelKartiWP\PersonelKartiWP.webpart,UTF-8 with BOM
C:\Users\taylis\source\repos\PortalApps\IKYS_WebParts\pkgobj\Debug\TokenReplaceFolder\IKYS_WebParts_Feature1\PersonelListesiWP\Elements.xml,UTF-8 with BOM
C:\Users\taylis\source\repos\PortalApps\IKYS_WebParts\pkgobj\Debug\TokenReplaceFolder\IKYS_WebParts_Feature1\PersonelListesiWP\PersonelListesiWP.webpart,UTF-8 with BOM
C:\Users\taylis\source\repos\PortalApps\IKYS_WebParts\pkgobj\Debug\TokenReplaceFolder\IKYS_WebParts_Feature1\ProtokolSirasiWP\Elements.xml,UTF-8 with BOM
C:\Users\taylis\source\repos\PortalApps\IKYS_WebParts\pkgobj\Debug\TokenReplaceFolder\IKYS_WebParts_Feature1\ProtokolSirasiWP\ProtokolSirasiWP.webpart,UTF-8 with BOM
C:\Users\taylis\source\repos\PortalApps\IKYS_WebParts\pkgobj\Debug\TokenReplaceFolder\IKYS_WebParts_Feature1\ResmiTatilGirisiWP\Elements.xml,UTF-8 with BOM
C:\Users\taylis\source\repos\PortalApps\IKYS_WebParts\pkgobj\Debug\TokenReplaceFolder\IKYS_WebParts_Feature1\ResmiTatilGirisiWP\ResmiTatilGirisiWP.webpart,UTF-8 with BOM
C:\Users\taylis\source\repos\PortalApps\IKYS_WebParts\pkgobj\Debug\TokenReplaceFolder\IKYS_WebParts_Feature1\ResmiTatillerWP\Elements.xml,UTF-8 with BOM
C:\Users\taylis\source\repos\PortalApps\IKYS_WebParts\pkgobj\Debug\TokenReplaceFolder\IKYS_WebParts_Feature1\ResmiTatillerWP\ResmiTatillerWP.webpart,UTF-8 with BOM
C:\Users\taylis\source\repos\PortalApps\IKYS_WebParts\pkgobj\Debug\TokenReplaceFolder\IKYS_WebParts_Feature1\ResmiTatilListesiWP\Elements.xml,UTF-8 with BOM
C:\Users\taylis\source\repos\PortalApps\IKYS_WebParts\pkgobj\Debug\TokenReplaceFolder\IKYS_WebParts_Feature1\ResmiTatilListesiWP\ResmiTatilListesiWP.webpart,UTF-8 with BOM
C:\Users\taylis\source\repos\PortalApps\IKYS_WebParts\pkgobj\Debug\TokenReplaceFolder\IKYS_WebParts_Feature1\SonIzinDurumuWP\Elements.xml,UTF-8 with BOM
C:\Users\taylis\source\repos\PortalApps\IKYS_WebParts\pkgobj\Debug\TokenReplaceFolder\IKYS_WebParts_Feature1\SonIzinDurumuWP\SonIzinDurumuWP.webpart,UTF-8 with BOM
C:\Users\taylis\source\repos\PortalApps\IKYS_WebParts\pkgobj\Debug\TokenReplaceFolder\IKYS_WebParts_Feature1\TarihBazliIzinKullanimRaporuWP\Elements.xml,UTF-8 with BOM
C:\Users\taylis\source\repos\PortalApps\IKYS_WebParts\pkgobj\Debug\TokenReplaceFolder\IKYS_WebParts_Feature1\TarihBazliIzinKullanimRaporuWP\TarihBazliIzinKullanimRaporuWP.webpart,UTF-8 with BOM
C:\Users\taylis\source\repos\PortalApps\IKYS_WebParts\pkgobj\Debug\TokenReplaceFolder\IKYS_WebParts_Feature1\TopluIzinGirisiWP\Elements.xml,UTF-8 with BOM
C:\Users\taylis\source\repos\PortalApps\IKYS_WebParts\pkgobj\Debug\TokenReplaceFolder\IKYS_WebParts_Feature1\TopluIzinGirisiWP\TopluIzinGirisiWP.webpart,UTF-8 with BOM
C:\Users\taylis\source\repos\PortalApps\IKYS_WebParts\pkgobj\Debug\TokenReplaceFolder\IKYS_WebParts_Feature1\UcretliMahsupWP\Elements.xml,UTF-8 with BOM
C:\Users\taylis\source\repos\PortalApps\IKYS_WebParts\pkgobj\Debug\TokenReplaceFolder\IKYS_WebParts_Feature1\UcretliMahsupWP\UcretliMahsupWP.webpart,UTF-8 with BOM
C:\Users\taylis\source\repos\PortalApps\IKYS_WebParts\pkgobj\Debug\TokenReplaceFolder\IKYS_WebParts_Feature1\YoklamaGirisiWP\Elements.xml,UTF-8 with BOM
C:\Users\taylis\source\repos\PortalApps\IKYS_WebParts\pkgobj\Debug\TokenReplaceFolder\IKYS_WebParts_Feature1\YoklamaGirisiWP\YoklamaGirisiWP.webpart,UTF-8 with BOM
C:\Users\taylis\source\repos\PortalApps\IKYS_WebParts\pkgobj\Debug\TokenReplaceFolder\IKYS_WebParts_Feature1\YoklamaListesiWP\Elements.xml,UTF-8 with BOM
C:\Users\taylis\source\repos\PortalApps\IKYS_WebParts\pkgobj\Debug\TokenReplaceFolder\IKYS_WebParts_Feature1\YoklamaListesiWP\YoklamaListesiWP.webpart,UTF-8 with BOM
C:\Users\taylis\source\repos\PortalApps\IKYS_WebParts\pkgobj\Debug\TokenReplaceFolder\manifest.xml,UTF-8 with BOM
C:\Users\taylis\source\repos\PortalApps\IKYS_WebParts\Properties\AssemblyInfo.cs,windows-1254
C:\Users\taylis\source\repos\PortalApps\IKYS_WebParts\ProtokolSirasiWP\Elements.xml,UTF-8 with BOM
C:\Users\taylis\source\repos\PortalApps\IKYS_WebParts\ProtokolSirasiWP\ProtokolSirasiWP.ascx,UTF-8 with BOM
C:\Users\taylis\source\repos\PortalApps\IKYS_WebParts\ProtokolSirasiWP\ProtokolSirasiWP.ascx.cs,windows-1254
C:\Users\taylis\source\repos\PortalApps\IKYS_WebParts\ProtokolSirasiWP\ProtokolSirasiWP.ascx.g.cs,windows-1254
C:\Users\taylis\source\repos\PortalApps\IKYS_WebParts\ProtokolSirasiWP\ProtokolSirasiWP.webpart,UTF-8 with BOM
C:\Users\taylis\source\repos\PortalApps\IKYS_WebParts\ProtokolSirasiWP\SharePointProjectItem.spdata,UTF-8 with BOM
C:\Users\taylis\source\repos\PortalApps\IKYS_WebParts\ResmiTatilGirisiWP\Elements.xml,UTF-8 with BOM
C:\Users\taylis\source\repos\PortalApps\IKYS_WebParts\ResmiTatilGirisiWP\ResmiTatilGirisiWP.ascx,UTF-8 with BOM
C:\Users\taylis\source\repos\PortalApps\IKYS_WebParts\ResmiTatilGirisiWP\ResmiTatilGirisiWP.ascx.cs,UTF-8 (no BOM)
C:\Users\taylis\source\repos\PortalApps\IKYS_WebParts\ResmiTatilGirisiWP\ResmiTatilGirisiWP.ascx.g.cs,windows-1254
C:\Users\taylis\source\repos\PortalApps\IKYS_WebParts\ResmiTatilGirisiWP\ResmiTatilGirisiWP.webpart,UTF-8 with BOM
C:\Users\taylis\source\repos\PortalApps\IKYS_WebParts\ResmiTatilGirisiWP\SharePointProjectItem.spdata,UTF-8 with BOM
C:\Users\taylis\source\repos\PortalApps\IKYS_WebParts\ResmiTatillerWP\Elements.xml,UTF-8 with BOM
C:\Users\taylis\source\repos\PortalApps\IKYS_WebParts\ResmiTatillerWP\ResmiTatillerWP.ascx,UTF-8 with BOM
C:\Users\taylis\source\repos\PortalApps\IKYS_WebParts\ResmiTatillerWP\ResmiTatillerWP.ascx.cs,windows-1254
C:\Users\taylis\source\repos\PortalApps\IKYS_WebParts\ResmiTatillerWP\ResmiTatillerWP.ascx.g.cs,UTF-8 (no BOM)
C:\Users\taylis\source\repos\PortalApps\IKYS_WebParts\ResmiTatillerWP\ResmiTatillerWP.webpart,UTF-8 with BOM
C:\Users\taylis\source\repos\PortalApps\IKYS_WebParts\ResmiTatillerWP\SharePointProjectItem.spdata,UTF-8 with BOM
C:\Users\taylis\source\repos\PortalApps\IKYS_WebParts\ResmiTatilListesiWP\Elements.xml,UTF-8 with BOM
C:\Users\taylis\source\repos\PortalApps\IKYS_WebParts\ResmiTatilListesiWP\ResmiTatilListesiWP.ascx,UTF-8 with BOM
C:\Users\taylis\source\repos\PortalApps\IKYS_WebParts\ResmiTatilListesiWP\ResmiTatilListesiWP.ascx.cs,windows-1254
C:\Users\taylis\source\repos\PortalApps\IKYS_WebParts\ResmiTatilListesiWP\ResmiTatilListesiWP.ascx.g.cs,windows-1254
C:\Users\taylis\source\repos\PortalApps\IKYS_WebParts\ResmiTatilListesiWP\ResmiTatilListesiWP.webpart,UTF-8 with BOM
C:\Users\taylis\source\repos\PortalApps\IKYS_WebParts\ResmiTatilListesiWP\SharePointProjectItem.spdata,UTF-8 with BOM
C:\Users\taylis\source\repos\PortalApps\IKYS_WebParts\SonIzinDurumuWP\Elements.xml,UTF-8 with BOM
C:\Users\taylis\source\repos\PortalApps\IKYS_WebParts\SonIzinDurumuWP\SharePointProjectItem.spdata,UTF-8 with BOM
C:\Users\taylis\source\repos\PortalApps\IKYS_WebParts\SonIzinDurumuWP\SonIzinDurumuWP.ascx,UTF-8 with BOM
C:\Users\taylis\source\repos\PortalApps\IKYS_WebParts\SonIzinDurumuWP\SonIzinDurumuWP.ascx.cs,windows-1254
C:\Users\taylis\source\repos\PortalApps\IKYS_WebParts\SonIzinDurumuWP\SonIzinDurumuWP.ascx.g.cs,windows-1254
C:\Users\taylis\source\repos\PortalApps\IKYS_WebParts\SonIzinDurumuWP\SonIzinDurumuWP.webpart,UTF-8 with BOM
C:\Users\taylis\source\repos\PortalApps\IKYS_WebParts\TarihBazliIzinKullanimRaporuWP\Elements.xml,UTF-8 with BOM
C:\Users\taylis\source\repos\PortalApps\IKYS_WebParts\TarihBazliIzinKullanimRaporuWP\SharePointProjectItem.spdata,UTF-8 with BOM
C:\Users\taylis\source\repos\PortalApps\IKYS_WebParts\TarihBazliIzinKullanimRaporuWP\TarihBazliIzinKullanimRaporuWP.ascx,UTF-8 with BOM
C:\Users\taylis\source\repos\PortalApps\IKYS_WebParts\TarihBazliIzinKullanimRaporuWP\TarihBazliIzinKullanimRaporuWP.ascx.cs,windows-1254
C:\Users\taylis\source\repos\PortalApps\IKYS_WebParts\TarihBazliIzinKullanimRaporuWP\TarihBazliIzinKullanimRaporuWP.ascx.g.cs,UTF-8 (no BOM)
C:\Users\taylis\source\repos\PortalApps\IKYS_WebParts\TarihBazliIzinKullanimRaporuWP\TarihBazliIzinKullanimRaporuWP.webpart,UTF-8 with BOM
C:\Users\taylis\source\repos\PortalApps\IKYS_WebParts\TopluIzinGirisiWP\Elements.xml,UTF-8 with BOM
C:\Users\taylis\source\repos\PortalApps\IKYS_WebParts\TopluIzinGirisiWP\SharePointProjectItem.spdata,UTF-8 with BOM
C:\Users\taylis\source\repos\PortalApps\IKYS_WebParts\TopluIzinGirisiWP\TopluIzinGirisiWP.ascx,UTF-8 with BOM
C:\Users\taylis\source\repos\PortalApps\IKYS_WebParts\TopluIzinGirisiWP\TopluIzinGirisiWP.ascx.cs,windows-1254
C:\Users\taylis\source\repos\PortalApps\IKYS_WebParts\TopluIzinGirisiWP\TopluIzinGirisiWP.ascx.g.cs,windows-1254
C:\Users\taylis\source\repos\PortalApps\IKYS_WebParts\TopluIzinGirisiWP\TopluIzinGirisiWP.webpart,UTF-8 with BOM
C:\Users\taylis\source\repos\PortalApps\IKYS_WebParts\UcretliMahsupWP\Elements.xml,UTF-8 with BOM
C:\Users\taylis\source\repos\PortalApps\IKYS_WebParts\UcretliMahsupWP\SharePointProjectItem.spdata,UTF-8 with BOM
C:\Users\taylis\source\repos\PortalApps\IKYS_WebParts\UcretliMahsupWP\UcretliMahsupWP.ascx,UTF-8 with BOM
C:\Users\taylis\source\repos\PortalApps\IKYS_WebParts\UcretliMahsupWP\UcretliMahsupWP.ascx.cs,windows-1254
C:\Users\taylis\source\repos\PortalApps\IKYS_WebParts\UcretliMahsupWP\UcretliMahsupWP.ascx.g.cs,windows-1254
C:\Users\taylis\source\repos\PortalApps\IKYS_WebParts\UcretliMahsupWP\UcretliMahsupWP.webpart,UTF-8 with BOM
C:\Users\taylis\source\repos\PortalApps\IKYS_WebParts\YoklamaGirisiWP\Elements.xml,UTF-8 with BOM
C:\Users\taylis\source\repos\PortalApps\IKYS_WebParts\YoklamaGirisiWP\SharePointProjectItem.spdata,UTF-8 with BOM
C:\Users\taylis\source\repos\PortalApps\IKYS_WebParts\YoklamaGirisiWP\YoklamaGirisiWP.ascx,UTF-8 with BOM
C:\Users\taylis\source\repos\PortalApps\IKYS_WebParts\YoklamaGirisiWP\YoklamaGirisiWP.ascx.cs,UTF-8 (no BOM)
C:\Users\taylis\source\repos\PortalApps\IKYS_WebParts\YoklamaGirisiWP\YoklamaGirisiWP.ascx.g.cs,windows-1254
C:\Users\taylis\source\repos\PortalApps\IKYS_WebParts\YoklamaGirisiWP\YoklamaGirisiWP.webpart,UTF-8 with BOM
C:\Users\taylis\source\repos\PortalApps\IKYS_WebParts\YoklamaListesiWP\Elements.xml,UTF-8 with BOM
C:\Users\taylis\source\repos\PortalApps\IKYS_WebParts\YoklamaListesiWP\SharePointProjectItem.spdata,UTF-8 with BOM
C:\Users\taylis\source\repos\PortalApps\IKYS_WebParts\YoklamaListesiWP\YoklamaListesiWP.ascx,UTF-8 with BOM
C:\Users\taylis\source\repos\PortalApps\IKYS_WebParts\YoklamaListesiWP\YoklamaListesiWP.ascx.cs,windows-1254
C:\Users\taylis\source\repos\PortalApps\IKYS_WebParts\YoklamaListesiWP\YoklamaListesiWP.ascx.g.cs,windows-1254
C:\Users\taylis\source\repos\PortalApps\IKYS_WebParts\YoklamaListesiWP\YoklamaListesiWP.webpart,UTF-8 with BOM
C:\Users\taylis\source\repos\PortalApps\MFYS_WebParts\AylikParaGirisleriWP\AylikParaGirisleriWP.ascx,UTF-8 (no BOM)
C:\Users\taylis\source\repos\PortalApps\MFYS_WebParts\AylikParaGirisleriWP\AylikParaGirisleriWP.ascx.cs,windows-1254
C:\Users\taylis\source\repos\PortalApps\MFYS_WebParts\AylikParaGirisleriWP\AylikParaGirisleriWP.ascx.g.cs,UTF-8 with BOM
C:\Users\taylis\source\repos\PortalApps\MFYS_WebParts\AylikParaGirisleriWP\AylikParaGirisleriWP.webpart,UTF-8 with BOM
C:\Users\taylis\source\repos\PortalApps\MFYS_WebParts\AylikParaGirisleriWP\Elements.xml,UTF-8 with BOM
C:\Users\taylis\source\repos\PortalApps\MFYS_WebParts\AylikParaGirisleriWP\SharePointProjectItem.spdata,UTF-8 with BOM
C:\Users\taylis\source\repos\PortalApps\MFYS_WebParts\BankaBazindaGunlukBagisListesiWP\BankaBazindaGunlukBagisListesiWP.ascx,UTF-8 (no BOM)
C:\Users\taylis\source\repos\PortalApps\MFYS_WebParts\BankaBazindaGunlukBagisListesiWP\BankaBazindaGunlukBagisListesiWP.ascx.cs,windows-1254
C:\Users\taylis\source\repos\PortalApps\MFYS_WebParts\BankaBazindaGunlukBagisListesiWP\BankaBazindaGunlukBagisListesiWP.ascx.g.cs,UTF-8 with BOM
C:\Users\taylis\source\repos\PortalApps\MFYS_WebParts\BankaBazindaGunlukBagisListesiWP\BankaBazindaGunlukBagisListesiWP.webpart,UTF-8 with BOM
C:\Users\taylis\source\repos\PortalApps\MFYS_WebParts\BankaBazindaGunlukBagisListesiWP\Elements.xml,UTF-8 with BOM
C:\Users\taylis\source\repos\PortalApps\MFYS_WebParts\BankaBazindaGunlukBagisListesiWP\SharePointProjectItem.spdata,UTF-8 with BOM
C:\Users\taylis\source\repos\PortalApps\MFYS_WebParts\BankaBazindaGunlukDovizBagisListesiWP\BankaBazindaGunlukDovizBagisListesiWP.ascx,UTF-8 (no BOM)
C:\Users\taylis\source\repos\PortalApps\MFYS_WebParts\BankaBazindaGunlukDovizBagisListesiWP\BankaBazindaGunlukDovizBagisListesiWP.ascx.cs,windows-1254
C:\Users\taylis\source\repos\PortalApps\MFYS_WebParts\BankaBazindaGunlukDovizBagisListesiWP\BankaBazindaGunlukDovizBagisListesiWP.ascx.g.cs,UTF-8 with BOM
C:\Users\taylis\source\repos\PortalApps\MFYS_WebParts\BankaBazindaGunlukDovizBagisListesiWP\BankaBazindaGunlukDovizBagisListesiWP.webpart,UTF-8 with BOM
C:\Users\taylis\source\repos\PortalApps\MFYS_WebParts\BankaBazindaGunlukDovizBagisListesiWP\Elements.xml,UTF-8 with BOM
C:\Users\taylis\source\repos\PortalApps\MFYS_WebParts\BankaBazindaGunlukDovizBagisListesiWP\SharePointProjectItem.spdata,UTF-8 with BOM
C:\Users\taylis\source\repos\PortalApps\MFYS_WebParts\Features\Feature1\Feature1.feature,UTF-8 with BOM
C:\Users\taylis\source\repos\PortalApps\MFYS_WebParts\Features\Feature1\Feature1.Template.xml,UTF-8 with BOM
C:\Users\taylis\source\repos\PortalApps\MFYS_WebParts\key.snk,windows-1254
C:\Users\taylis\source\repos\PortalApps\MFYS_WebParts\MFYS_WebParts.csproj,UTF-8 with BOM
C:\Users\taylis\source\repos\PortalApps\MFYS_WebParts\MFYS_WebParts.csproj.user,UTF-8 with BOM
C:\Users\taylis\source\repos\PortalApps\MFYS_WebParts\Package\Package.package,UTF-8 with BOM
C:\Users\taylis\source\repos\PortalApps\MFYS_WebParts\Package\Package.Template.xml,UTF-8 with BOM
C:\Users\taylis\source\repos\PortalApps\MFYS_WebParts\packages.config,UTF-8 with BOM
C:\Users\taylis\source\repos\PortalApps\MFYS_WebParts\pkg\Debug\MFYS_WebParts\DAO.dll,windows-1254
C:\Users\taylis\source\repos\PortalApps\MFYS_WebParts\pkg\Debug\MFYS_WebParts\manifest.xml,UTF-8 with BOM
C:\Users\taylis\source\repos\PortalApps\MFYS_WebParts\pkg\Debug\MFYS_WebParts\MFYS_WebParts.dll,windows-1254
C:\Users\taylis\source\repos\PortalApps\MFYS_WebParts\pkg\Debug\MFYS_WebParts\MFYS_WebParts_Feature1\AylikParaGirisleriWP\AylikParaGirisleriWP.webpart,UTF-8 with BOM
C:\Users\taylis\source\repos\PortalApps\MFYS_WebParts\pkg\Debug\MFYS_WebParts\MFYS_WebParts_Feature1\AylikParaGirisleriWP\Elements.xml,UTF-8 with BOM
C:\Users\taylis\source\repos\PortalApps\MFYS_WebParts\pkg\Debug\MFYS_WebParts\MFYS_WebParts_Feature1\BankaBazindaGunlukBagisListesiWP\BankaBazindaGunlukBagisListesiWP.webpart,UTF-8 with BOM
C:\Users\taylis\source\repos\PortalApps\MFYS_WebParts\pkg\Debug\MFYS_WebParts\MFYS_WebParts_Feature1\BankaBazindaGunlukBagisListesiWP\Elements.xml,UTF-8 with BOM
C:\Users\taylis\source\repos\PortalApps\MFYS_WebParts\pkg\Debug\MFYS_WebParts\MFYS_WebParts_Feature1\BankaBazindaGunlukDovizBagisListesiWP\BankaBazindaGunlukDovizBagisListesiWP.webpart,UTF-8 with BOM
C:\Users\taylis\source\repos\PortalApps\MFYS_WebParts\pkg\Debug\MFYS_WebParts\MFYS_WebParts_Feature1\BankaBazindaGunlukDovizBagisListesiWP\Elements.xml,UTF-8 with BOM
C:\Users\taylis\source\repos\PortalApps\MFYS_WebParts\pkg\Debug\MFYS_WebParts\MFYS_WebParts_Feature1\Feature.xml,UTF-8 with BOM
C:\Users\taylis\source\repos\PortalApps\MFYS_WebParts\pkg\Debug\MFYS_WebParts\MFYS_WebParts_Feature1\TarihBazindaGunlukBagisListesiWP\Elements.xml,UTF-8 with BOM
C:\Users\taylis\source\repos\PortalApps\MFYS_WebParts\pkg\Debug\MFYS_WebParts\MFYS_WebParts_Feature1\TarihBazindaGunlukBagisListesiWP\TarihBazindaGunlukBagisListesiWP.webpart,UTF-8 with BOM
C:\Users\taylis\source\repos\PortalApps\MFYS_WebParts\pkg\Debug\MFYS_WebParts\Model.dll,windows-1254
C:\Users\taylis\source\repos\PortalApps\MFYS_WebParts\pkg\Debug\MFYS_WebParts\Utility.dll,windows-1254
C:\Users\taylis\source\repos\PortalApps\MFYS_WebParts\pkgobj\Debug\MFYS_WebParts_Feature1_Feature.xml,UTF-8 with BOM
C:\Users\taylis\source\repos\PortalApps\MFYS_WebParts\pkgobj\Debug\Package_Manifest.xml,UTF-8 with BOM
C:\Users\taylis\source\repos\PortalApps\MFYS_WebParts\pkgobj\Debug\TokenReplaceFolder\manifest.xml,UTF-8 with BOM
C:\Users\taylis\source\repos\PortalApps\MFYS_WebParts\pkgobj\Debug\TokenReplaceFolder\MFYS_WebParts_Feature1\AylikParaGirisleriWP\AylikParaGirisleriWP.webpart,UTF-8 with BOM
C:\Users\taylis\source\repos\PortalApps\MFYS_WebParts\pkgobj\Debug\TokenReplaceFolder\MFYS_WebParts_Feature1\AylikParaGirisleriWP\Elements.xml,UTF-8 with BOM
C:\Users\taylis\source\repos\PortalApps\MFYS_WebParts\pkgobj\Debug\TokenReplaceFolder\MFYS_WebParts_Feature1\BankaBazindaGunlukBagisListesiWP\BankaBazindaGunlukBagisListesiWP.webpart,UTF-8 with BOM
C:\Users\taylis\source\repos\PortalApps\MFYS_WebParts\pkgobj\Debug\TokenReplaceFolder\MFYS_WebParts_Feature1\BankaBazindaGunlukBagisListesiWP\Elements.xml,UTF-8 with BOM
C:\Users\taylis\source\repos\PortalApps\MFYS_WebParts\pkgobj\Debug\TokenReplaceFolder\MFYS_WebParts_Feature1\BankaBazindaGunlukDovizBagisListesiWP\BankaBazindaGunlukDovizBagisListesiWP.webpart,UTF-8 with BOM
C:\Users\taylis\source\repos\PortalApps\MFYS_WebParts\pkgobj\Debug\TokenReplaceFolder\MFYS_WebParts_Feature1\BankaBazindaGunlukDovizBagisListesiWP\Elements.xml,UTF-8 with BOM
C:\Users\taylis\source\repos\PortalApps\MFYS_WebParts\pkgobj\Debug\TokenReplaceFolder\MFYS_WebParts_Feature1\Feature.xml,UTF-8 with BOM
C:\Users\taylis\source\repos\PortalApps\MFYS_WebParts\pkgobj\Debug\TokenReplaceFolder\MFYS_WebParts_Feature1\TarihBazindaGunlukBagisListesiWP\Elements.xml,UTF-8 with BOM
C:\Users\taylis\source\repos\PortalApps\MFYS_WebParts\pkgobj\Debug\TokenReplaceFolder\MFYS_WebParts_Feature1\TarihBazindaGunlukBagisListesiWP\TarihBazindaGunlukBagisListesiWP.webpart,UTF-8 with BOM
C:\Users\taylis\source\repos\PortalApps\MFYS_WebParts\Properties\AssemblyInfo.cs,windows-1254
C:\Users\taylis\source\repos\PortalApps\MFYS_WebParts\TarihBazindaGunlukBagisListesiWP\Elements.xml,UTF-8 with BOM
C:\Users\taylis\source\repos\PortalApps\MFYS_WebParts\TarihBazindaGunlukBagisListesiWP\SharePointProjectItem.spdata,UTF-8 with BOM
C:\Users\taylis\source\repos\PortalApps\MFYS_WebParts\TarihBazindaGunlukBagisListesiWP\TarihBazindaGunlukBagisListesiWP.ascx,UTF-8 (no BOM)
C:\Users\taylis\source\repos\PortalApps\MFYS_WebParts\TarihBazindaGunlukBagisListesiWP\TarihBazindaGunlukBagisListesiWP.ascx.cs,windows-1254
C:\Users\taylis\source\repos\PortalApps\MFYS_WebParts\TarihBazindaGunlukBagisListesiWP\TarihBazindaGunlukBagisListesiWP.ascx.g.cs,UTF-8 with BOM
C:\Users\taylis\source\repos\PortalApps\MFYS_WebParts\TarihBazindaGunlukBagisListesiWP\TarihBazindaGunlukBagisListesiWP.webpart,UTF-8 with BOM
C:\Users\taylis\source\repos\PortalApps\Model\app.config,UTF-8 with BOM
C:\Users\taylis\source\repos\PortalApps\Model\IKYS\Aile.cs,UTF-8 (no BOM)
C:\Users\taylis\source\repos\PortalApps\Model\IKYS\BirimTanim.cs,UTF-8 (no BOM)
C:\Users\taylis\source\repos\PortalApps\Model\IKYS\BulunmamaSebebi.cs,UTF-8 (no BOM)
C:\Users\taylis\source\repos\PortalApps\Model\IKYS\DereceKademeDegisim.cs,UTF-8 (no BOM)
C:\Users\taylis\source\repos\PortalApps\Model\IKYS\Egitim.cs,UTF-8 (no BOM)
C:\Users\taylis\source\repos\PortalApps\Model\IKYS\EgitimSeviyesi.cs,UTF-8 (no BOM)
C:\Users\taylis\source\repos\PortalApps\Model\IKYS\EskiPersonelGorevTanim.cs,UTF-8 (no BOM)
C:\Users\taylis\source\repos\PortalApps\Model\IKYS\GorevOnay.cs,windows-1254
C:\Users\taylis\source\repos\PortalApps\Model\IKYS\GorevTanim.cs,UTF-8 (no BOM)
C:\Users\taylis\source\repos\PortalApps\Model\IKYS\Harcirah.cs,UTF-8 (no BOM)
C:\Users\taylis\source\repos\PortalApps\Model\IKYS\IKYSOrtak.cs,UTF-8 (no BOM)
C:\Users\taylis\source\repos\PortalApps\Model\IKYS\IletisimBilgileri.cs,UTF-8 (no BOM)
C:\Users\taylis\source\repos\PortalApps\Model\IKYS\IsBilgileri.cs,UTF-8 (no BOM)
C:\Users\taylis\source\repos\PortalApps\Model\IKYS\IsBilgileriItem.cs,UTF-8 (no BOM)
C:\Users\taylis\source\repos\PortalApps\Model\IKYS\IsTecrube.cs,UTF-8 (no BOM)
C:\Users\taylis\source\repos\PortalApps\Model\IKYS\IzinDonem.cs,windows-1254
C:\Users\taylis\source\repos\PortalApps\Model\IKYS\IzinHareket.cs,windows-1254
C:\Users\taylis\source\repos\PortalApps\Model\IKYS\IzinTalep.cs,windows-1254
C:\Users\taylis\source\repos\PortalApps\Model\IKYS\IzinTanim.cs,UTF-8 (no BOM)
C:\Users\taylis\source\repos\PortalApps\Model\IKYS\Kimlik.cs,UTF-8 (no BOM)
C:\Users\taylis\source\repos\PortalApps\Model\IKYS\Kurs.cs,UTF-8 (no BOM)
C:\Users\taylis\source\repos\PortalApps\Model\IKYS\MaasHareket.cs,windows-1254
C:\Users\taylis\source\repos\PortalApps\Model\IKYS\Mahsup.cs,windows-1254
C:\Users\taylis\source\repos\PortalApps\Model\IKYS\Meslek.cs,UTF-8 (no BOM)
C:\Users\taylis\source\repos\PortalApps\Model\IKYS\Personel.cs,windows-1254
C:\Users\taylis\source\repos\PortalApps\Model\IKYS\PersonelItem.cs,UTF-8 (no BOM)
C:\Users\taylis\source\repos\PortalApps\Model\IKYS\PersonelItemListFactory.cs,UTF-8 (no BOM)
C:\Users\taylis\source\repos\PortalApps\Model\IKYS\ResmiTatil.cs,windows-1254
C:\Users\taylis\source\repos\PortalApps\Model\IKYS\TahsilTanim.cs,UTF-8 (no BOM)
C:\Users\taylis\source\repos\PortalApps\Model\IKYS\UcretTanim.cs,windows-1254
C:\Users\taylis\source\repos\PortalApps\Model\IKYS\UnvanTanim.cs,UTF-8 (no BOM)
C:\Users\taylis\source\repos\PortalApps\Model\IKYS\YabanciDil.cs,UTF-8 (no BOM)
C:\Users\taylis\source\repos\PortalApps\Model\IKYS\Yoklama.cs,windows-1254
C:\Users\taylis\source\repos\PortalApps\Model\Model.csproj,UTF-8 with BOM
C:\Users\taylis\source\repos\PortalApps\Model\modelkey.snk,windows-1254
C:\Users\taylis\source\repos\PortalApps\Model\MTS\AniObjesiDagitim.cs,UTF-8 (no BOM)
C:\Users\taylis\source\repos\PortalApps\Model\MTS\AniObjesiTanim.cs,UTF-8 (no BOM)
C:\Users\taylis\source\repos\PortalApps\Model\MTS\AramaGorusme.cs,UTF-8 (no BOM)
C:\Users\taylis\source\repos\PortalApps\Model\MTS\CalendarEvent.cs,UTF-8 (no BOM)
C:\Users\taylis\source\repos\PortalApps\Model\MTS\DepoStok.cs,UTF-8 (no BOM)
C:\Users\taylis\source\repos\PortalApps\Model\MTS\DepoTanim.cs,UTF-8 (no BOM)
C:\Users\taylis\source\repos\PortalApps\Model\MTS\Faaliyet.cs,UTF-8 (no BOM)
C:\Users\taylis\source\repos\PortalApps\Model\MTS\FaaliyetKatilim.cs,UTF-8 (no BOM)
C:\Users\taylis\source\repos\PortalApps\Model\MTS\Katilimci.cs,windows-1254
C:\Users\taylis\source\repos\PortalApps\Model\MTS\KaynakTanim.cs,UTF-8 (no BOM)
C:\Users\taylis\source\repos\PortalApps\Model\MTS\Kisi.cs,UTF-8 (no BOM)
C:\Users\taylis\source\repos\PortalApps\Model\MTS\MTSGorevTanim.cs,UTF-8 (no BOM)
C:\Users\taylis\source\repos\PortalApps\Model\MTS\MTSKurumGorev.cs,windows-1254
C:\Users\taylis\source\repos\PortalApps\Model\MTS\MTSKurumTanim.cs,UTF-8 (no BOM)
C:\Users\taylis\source\repos\PortalApps\Model\MTS\MTSOrtak.cs,windows-1254
C:\Users\taylis\source\repos\PortalApps\Model\MTS\MTSUnvanTanim.cs,UTF-8 (no BOM)
C:\Users\taylis\source\repos\PortalApps\Model\NBYS\Armagan.cs,UTF-8 (no BOM)
C:\Users\taylis\source\repos\PortalApps\Model\NBYS\ArmaganTanim.cs,UTF-8 (no BOM)
C:\Users\taylis\source\repos\PortalApps\Model\NBYS\BagisaVesileOlanTesekkur.cs,UTF-8 (no BOM)
C:\Users\taylis\source\repos\PortalApps\Model\NBYS\BankaTanim.cs,UTF-8 (no BOM)
C:\Users\taylis\source\repos\PortalApps\Model\NBYS\DuzenliNakitBagisci.cs,UTF-8 (no BOM)
C:\Users\taylis\source\repos\PortalApps\Model\NBYS\EkstreAktarma.cs,UTF-8 (no BOM)
C:\Users\taylis\source\repos\PortalApps\Model\NBYS\FTK.cs,UTF-8 (no BOM)
C:\Users\taylis\source\repos\PortalApps\Model\NBYS\FTKIslem.cs,UTF-8 (no BOM)
C:\Users\taylis\source\repos\PortalApps\Model\NBYS\FTKKisi.cs,UTF-8 (no BOM)
C:\Users\taylis\source\repos\PortalApps\Model\NBYS\NakitBagisci.cs,windows-1254
C:\Users\taylis\source\repos\PortalApps\Model\NBYS\NakitBagisHareket.cs,UTF-8 (no BOM)
C:\Users\taylis\source\repos\PortalApps\Model\NBYS\NBYSOrtak.cs,windows-1254
C:\Users\taylis\source\repos\PortalApps\Model\NBYS\NBYSParametre.cs,UTF-8 (no BOM)
C:\Users\taylis\source\repos\PortalApps\Model\NBYS\sil.cs,UTF-8 with BOM
C:\Users\taylis\source\repos\PortalApps\Model\NBYS\SMSAylikBagis.cs,UTF-8 (no BOM)
C:\Users\taylis\source\repos\PortalApps\Model\Ortak\Bolge.cs,UTF-8 (no BOM)
C:\Users\taylis\source\repos\PortalApps\Model\Ortak\Duyuru.cs,UTF-8 (no BOM)
C:\Users\taylis\source\repos\PortalApps\Model\Ortak\Extentions.cs,UTF-8 (no BOM)
C:\Users\taylis\source\repos\PortalApps\Model\Ortak\GenericEntity.cs,UTF-8 (no BOM)
C:\Users\taylis\source\repos\PortalApps\Model\Ortak\ICRUDInterface.cs,UTF-8 (no BOM)
C:\Users\taylis\source\repos\PortalApps\Model\Ortak\Il.cs,UTF-8 (no BOM)
C:\Users\taylis\source\repos\PortalApps\Model\Ortak\Ilce.cs,UTF-8 (no BOM)
C:\Users\taylis\source\repos\PortalApps\Model\Ortak\Olay.cs,windows-1254
C:\Users\taylis\source\repos\PortalApps\Model\Ortak\OlayKayit.cs,windows-1254
C:\Users\taylis\source\repos\PortalApps\Model\Ortak\OnayTanim.cs,UTF-8 (no BOM)
C:\Users\taylis\source\repos\PortalApps\Model\Ortak\OpenXMLHelper.cs,windows-1254
C:\Users\taylis\source\repos\PortalApps\Model\Ortak\OrtakParametre.cs,UTF-8 (no BOM)
C:\Users\taylis\source\repos\PortalApps\Model\Ortak\ParentClass.cs,windows-1254
C:\Users\taylis\source\repos\PortalApps\Model\Ortak\SilinenKayit.cs,UTF-8 (no BOM)
C:\Users\taylis\source\repos\PortalApps\Model\Ortak\UtilityHelper.cs,windows-1254
C:\Users\taylis\source\repos\PortalApps\Model\Ortak\Variance.cs,UTF-8 (no BOM)
C:\Users\taylis\source\repos\PortalApps\Model\packages.config,UTF-8 with BOM
C:\Users\taylis\source\repos\PortalApps\Model\Portal\Duyuru.cs,UTF-8 (no BOM)
C:\Users\taylis\source\repos\PortalApps\Model\Portal\DuyuruGosterim.cs,UTF-8 (no BOM)
C:\Users\taylis\source\repos\PortalApps\Model\Portal\DuyuruOkuma.cs,UTF-8 (no BOM)
C:\Users\taylis\source\repos\PortalApps\Model\Portal\ProgramYetki.cs,UTF-8 (no BOM)
C:\Users\taylis\source\repos\PortalApps\Model\Portal\Toplanti.cs,UTF-8 (no BOM)
C:\Users\taylis\source\repos\PortalApps\Model\Portal\ToplantiKatilim.cs,UTF-8 (no BOM)
C:\Users\taylis\source\repos\PortalApps\Model\Portal\ToplantiParametre.cs,UTF-8 (no BOM)
C:\Users\taylis\source\repos\PortalApps\Model\Properties\AssemblyInfo.cs,windows-1254
C:\Users\taylis\source\repos\PortalApps\Model\TBYS\BagimsizBolum.cs,UTF-8 (no BOM)
C:\Users\taylis\source\repos\PortalApps\Model\TBYS\Bagis.cs,UTF-8 (no BOM)
C:\Users\taylis\source\repos\PortalApps\Model\TBYS\BagisciBagis.cs,UTF-8 (no BOM)
C:\Users\taylis\source\repos\PortalApps\Model\TBYS\BagisciTalepleri.cs,UTF-8 (no BOM)
C:\Users\taylis\source\repos\PortalApps\Model\TBYS\BagisciYakinlari.cs,UTF-8 (no BOM)
C:\Users\taylis\source\repos\PortalApps\Model\TBYS\GecikmeZammi.cs,windows-1254
C:\Users\taylis\source\repos\PortalApps\Model\TBYS\HukukiTakip.cs,UTF-8 (no BOM)
C:\Users\taylis\source\repos\PortalApps\Model\TBYS\KiraBakiyeDevriOtomatik.cs,UTF-8 (no BOM)
C:\Users\taylis\source\repos\PortalApps\Model\TBYS\KiraBorcuTakip.cs,UTF-8 (no BOM)
C:\Users\taylis\source\repos\PortalApps\Model\TBYS\Kiraci.cs,windows-1254
C:\Users\taylis\source\repos\PortalApps\Model\TBYS\KiraEkstreAktarma.cs,UTF-8 (no BOM)
C:\Users\taylis\source\repos\PortalApps\Model\TBYS\KiraSozlesme.cs,windows-1254
C:\Users\taylis\source\repos\PortalApps\Model\TBYS\Odeme.cs,windows-1254
C:\Users\taylis\source\repos\PortalApps\Model\TBYS\OdemeAyrinti.cs,UTF-8 (no BOM)
C:\Users\taylis\source\repos\PortalApps\Model\TBYS\OdemeAyristirma.cs,UTF-8 (no BOM)
C:\Users\taylis\source\repos\PortalApps\Model\TBYS\OdemePlani.cs,windows-1254
C:\Users\taylis\source\repos\PortalApps\Model\TBYS\OdemeSebebiTanim.cs,UTF-8 (no BOM)
C:\Users\taylis\source\repos\PortalApps\Model\TBYS\Onarim.cs,UTF-8 (no BOM)
C:\Users\taylis\source\repos\PortalApps\Model\TBYS\SerhBeyanIrtifak.cs,UTF-8 (no BOM)
C:\Users\taylis\source\repos\PortalApps\Model\TBYS\Sigorta.cs,UTF-8 (no BOM)
C:\Users\taylis\source\repos\PortalApps\Model\TBYS\SozlesmeTasinmaz.cs,UTF-8 (no BOM)
C:\Users\taylis\source\repos\PortalApps\Model\TBYS\Tasinmaz.cs,UTF-8 (no BOM)
C:\Users\taylis\source\repos\PortalApps\Model\TBYS\TasinmazBagisci.cs,UTF-8 (no BOM)
C:\Users\taylis\source\repos\PortalApps\Model\TBYS\TasinmazTaahhut.cs,UTF-8 (no BOM)
C:\Users\taylis\source\repos\PortalApps\Model\TBYS\TBYSOrtak.cs,windows-1254
C:\Users\taylis\source\repos\PortalApps\Model\TBYS\TeminatIslem.cs,windows-1254
C:\Users\taylis\source\repos\PortalApps\Model\TBYS\Vasiyetci.cs,UTF-8 (no BOM)
C:\Users\taylis\source\repos\PortalApps\Model\TBYS\VasiyeteKonuVarlik.cs,UTF-8 (no BOM)
C:\Users\taylis\source\repos\PortalApps\Model\TBYS\YasalFaiz.cs,UTF-8 (no BOM)
C:\Users\taylis\source\repos\PortalApps\MTS_WebParts\AcikTarihliFaaliyetListesiWP\AcikTarihliFaaliyetListesiWP.ascx,UTF-8 with BOM
C:\Users\taylis\source\repos\PortalApps\MTS_WebParts\AcikTarihliFaaliyetListesiWP\AcikTarihliFaaliyetListesiWP.ascx.cs,windows-1254
C:\Users\taylis\source\repos\PortalApps\MTS_WebParts\AcikTarihliFaaliyetListesiWP\AcikTarihliFaaliyetListesiWP.ascx.g.cs,windows-1254
C:\Users\taylis\source\repos\PortalApps\MTS_WebParts\AcikTarihliFaaliyetListesiWP\AcikTarihliFaaliyetListesiWP.webpart,UTF-8 with BOM
C:\Users\taylis\source\repos\PortalApps\MTS_WebParts\AcikTarihliFaaliyetListesiWP\Elements.xml,UTF-8 with BOM
C:\Users\taylis\source\repos\PortalApps\MTS_WebParts\AcikTarihliFaaliyetListesiWP\SharePointProjectItem.spdata,UTF-8 with BOM
C:\Users\taylis\source\repos\PortalApps\MTS_WebParts\app.config,UTF-8 with BOM
C:\Users\taylis\source\repos\PortalApps\MTS_WebParts\AramaGirisiWP\AramaGirisiWP.ascx,UTF-8 with BOM
C:\Users\taylis\source\repos\PortalApps\MTS_WebParts\AramaGirisiWP\AramaGirisiWP.ascx.cs,UTF-8 (no BOM)
C:\Users\taylis\source\repos\PortalApps\MTS_WebParts\AramaGirisiWP\AramaGirisiWP.ascx.g.cs,windows-1254
C:\Users\taylis\source\repos\PortalApps\MTS_WebParts\AramaGirisiWP\AramaGirisiWP.webpart,UTF-8 with BOM
C:\Users\taylis\source\repos\PortalApps\MTS_WebParts\AramaGirisiWP\Elements.xml,UTF-8 with BOM
C:\Users\taylis\source\repos\PortalApps\MTS_WebParts\AramaGirisiWP\SharePointProjectItem.spdata,UTF-8 with BOM
C:\Users\taylis\source\repos\PortalApps\MTS_WebParts\AramaGorusmeListesiWP\AramaGorusmeListesiWP.ascx,UTF-8 with BOM
C:\Users\taylis\source\repos\PortalApps\MTS_WebParts\AramaGorusmeListesiWP\AramaGorusmeListesiWP.ascx.cs,windows-1254
C:\Users\taylis\source\repos\PortalApps\MTS_WebParts\AramaGorusmeListesiWP\AramaGorusmeListesiWP.ascx.g.cs,windows-1254
C:\Users\taylis\source\repos\PortalApps\MTS_WebParts\AramaGorusmeListesiWP\AramaGorusmeListesiWP.webpart,UTF-8 with BOM
C:\Users\taylis\source\repos\PortalApps\MTS_WebParts\AramaGorusmeListesiWP\Elements.xml,UTF-8 with BOM
C:\Users\taylis\source\repos\PortalApps\MTS_WebParts\AramaGorusmeListesiWP\SharePointProjectItem.spdata,UTF-8 with BOM
C:\Users\taylis\source\repos\PortalApps\MTS_WebParts\BagisciListesiWP\BagisciListesiWP.ascx,UTF-8 with BOM
C:\Users\taylis\source\repos\PortalApps\MTS_WebParts\BagisciListesiWP\BagisciListesiWP.ascx.cs,windows-1254
C:\Users\taylis\source\repos\PortalApps\MTS_WebParts\BagisciListesiWP\BagisciListesiWP.ascx.g.cs,windows-1254
C:\Users\taylis\source\repos\PortalApps\MTS_WebParts\BagisciListesiWP\BagisciListesiWP.webpart,UTF-8 with BOM
C:\Users\taylis\source\repos\PortalApps\MTS_WebParts\BagisciListesiWP\Elements.xml,UTF-8 with BOM
C:\Users\taylis\source\repos\PortalApps\MTS_WebParts\BagisciListesiWP\SharePointProjectItem.spdata,UTF-8 with BOM
C:\Users\taylis\source\repos\PortalApps\MTS_WebParts\FaaliyetGirisiWP\Elements.xml,UTF-8 with BOM
C:\Users\taylis\source\repos\PortalApps\MTS_WebParts\FaaliyetGirisiWP\FaaliyetGirisiWP.ascx,UTF-8 with BOM
C:\Users\taylis\source\repos\PortalApps\MTS_WebParts\FaaliyetGirisiWP\FaaliyetGirisiWP.ascx.cs,windows-1254
C:\Users\taylis\source\repos\PortalApps\MTS_WebParts\FaaliyetGirisiWP\FaaliyetGirisiWP.ascx.g.cs,windows-1254
C:\Users\taylis\source\repos\PortalApps\MTS_WebParts\FaaliyetGirisiWP\FaaliyetGirisiWP.webpart,UTF-8 with BOM
C:\Users\taylis\source\repos\PortalApps\MTS_WebParts\FaaliyetGirisiWP\SharePointProjectItem.spdata,UTF-8 with BOM
C:\Users\taylis\source\repos\PortalApps\MTS_WebParts\FaaliyetKartiWP\Elements.xml,UTF-8 with BOM
C:\Users\taylis\source\repos\PortalApps\MTS_WebParts\FaaliyetKartiWP\FaaliyetKartiWP.ascx,UTF-8 with BOM
C:\Users\taylis\source\repos\PortalApps\MTS_WebParts\FaaliyetKartiWP\FaaliyetKartiWP.ascx.cs,windows-1254
C:\Users\taylis\source\repos\PortalApps\MTS_WebParts\FaaliyetKartiWP\FaaliyetKartiWP.ascx.g.cs,UTF-8 (no BOM)
C:\Users\taylis\source\repos\PortalApps\MTS_WebParts\FaaliyetKartiWP\FaaliyetKartiWP.webpart,UTF-8 with BOM
C:\Users\taylis\source\repos\PortalApps\MTS_WebParts\FaaliyetKartiWP\SharePointProjectItem.spdata,UTF-8 with BOM
C:\Users\taylis\source\repos\PortalApps\MTS_WebParts\FaaliyetListesiROWP\Elements.xml,UTF-8 with BOM
C:\Users\taylis\source\repos\PortalApps\MTS_WebParts\FaaliyetListesiROWP\FaaliyetListesiROWP.ascx,UTF-8 with BOM
C:\Users\taylis\source\repos\PortalApps\MTS_WebParts\FaaliyetListesiROWP\FaaliyetListesiROWP.ascx.cs,windows-1254
C:\Users\taylis\source\repos\PortalApps\MTS_WebParts\FaaliyetListesiROWP\FaaliyetListesiROWP.ascx.g.cs,windows-1254
C:\Users\taylis\source\repos\PortalApps\MTS_WebParts\FaaliyetListesiROWP\FaaliyetListesiROWP.webpart,UTF-8 with BOM
C:\Users\taylis\source\repos\PortalApps\MTS_WebParts\FaaliyetListesiROWP\SharePointProjectItem.spdata,UTF-8 with BOM
C:\Users\taylis\source\repos\PortalApps\MTS_WebParts\FaaliyetListesiWP\Elements.xml,UTF-8 with BOM
C:\Users\taylis\source\repos\PortalApps\MTS_WebParts\FaaliyetListesiWP\FaaliyetListesiWP.ascx,UTF-8 with BOM
C:\Users\taylis\source\repos\PortalApps\MTS_WebParts\FaaliyetListesiWP\FaaliyetListesiWP.ascx.cs,windows-1254
C:\Users\taylis\source\repos\PortalApps\MTS_WebParts\FaaliyetListesiWP\FaaliyetListesiWP.ascx.g.cs,windows-1254
C:\Users\taylis\source\repos\PortalApps\MTS_WebParts\FaaliyetListesiWP\FaaliyetListesiWP.webpart,UTF-8 with BOM
C:\Users\taylis\source\repos\PortalApps\MTS_WebParts\FaaliyetListesiWP\SharePointProjectItem.spdata,UTF-8 with BOM
C:\Users\taylis\source\repos\PortalApps\MTS_WebParts\FaaliyetROViewerWP\Elements.xml,UTF-8 with BOM
C:\Users\taylis\source\repos\PortalApps\MTS_WebParts\FaaliyetROViewerWP\FaaliyetROViewerWP.ascx,UTF-8 with BOM
C:\Users\taylis\source\repos\PortalApps\MTS_WebParts\FaaliyetROViewerWP\FaaliyetROViewerWP.ascx.cs,windows-1254
C:\Users\taylis\source\repos\PortalApps\MTS_WebParts\FaaliyetROViewerWP\FaaliyetROViewerWP.ascx.g.cs,windows-1254
C:\Users\taylis\source\repos\PortalApps\MTS_WebParts\FaaliyetROViewerWP\FaaliyetROViewerWP.webpart,UTF-8 with BOM
C:\Users\taylis\source\repos\PortalApps\MTS_WebParts\FaaliyetROViewerWP\SharePointProjectItem.spdata,UTF-8 with BOM
C:\Users\taylis\source\repos\PortalApps\MTS_WebParts\FaaliyetViewerCustomWP\Elements.xml,UTF-8 with BOM
C:\Users\taylis\source\repos\PortalApps\MTS_WebParts\FaaliyetViewerCustomWP\FaaliyetViewerCustomWP.ascx,UTF-8 with BOM
C:\Users\taylis\source\repos\PortalApps\MTS_WebParts\FaaliyetViewerCustomWP\FaaliyetViewerCustomWP.ascx.cs,UTF-8 (no BOM)
C:\Users\taylis\source\repos\PortalApps\MTS_WebParts\FaaliyetViewerCustomWP\FaaliyetViewerCustomWP.ascx.g.cs,UTF-8 (no BOM)
C:\Users\taylis\source\repos\PortalApps\MTS_WebParts\FaaliyetViewerCustomWP\FaaliyetViewerCustomWP.webpart,UTF-8 with BOM
C:\Users\taylis\source\repos\PortalApps\MTS_WebParts\FaaliyetViewerCustomWP\SharePointProjectItem.spdata,UTF-8 with BOM
C:\Users\taylis\source\repos\PortalApps\MTS_WebParts\FaaliyetViewerWP\Elements.xml,UTF-8 with BOM
C:\Users\taylis\source\repos\PortalApps\MTS_WebParts\FaaliyetViewerWP\FaaliyetViewerWP.ascx,UTF-8 with BOM
C:\Users\taylis\source\repos\PortalApps\MTS_WebParts\FaaliyetViewerWP\FaaliyetViewerWP.ascx.cs,windows-1254
C:\Users\taylis\source\repos\PortalApps\MTS_WebParts\FaaliyetViewerWP\FaaliyetViewerWP.ascx.g.cs,windows-1254
C:\Users\taylis\source\repos\PortalApps\MTS_WebParts\FaaliyetViewerWP\FaaliyetViewerWP.webpart,UTF-8 with BOM
C:\Users\taylis\source\repos\PortalApps\MTS_WebParts\FaaliyetViewerWP\SharePointProjectItem.spdata,UTF-8 with BOM
C:\Users\taylis\source\repos\PortalApps\MTS_WebParts\Features\Feature1\Feature1.feature,UTF-8 with BOM
C:\Users\taylis\source\repos\PortalApps\MTS_WebParts\Features\Feature1\Feature1.Template.xml,UTF-8 with BOM
C:\Users\taylis\source\repos\PortalApps\MTS_WebParts\Features\Feature2\Feature2.feature,UTF-8 with BOM
C:\Users\taylis\source\repos\PortalApps\MTS_WebParts\Features\Feature2\Feature2.Template.xml,UTF-8 with BOM
C:\Users\taylis\source\repos\PortalApps\MTS_WebParts\HaftalikGorunumWP\Elements.xml,UTF-8 with BOM
C:\Users\taylis\source\repos\PortalApps\MTS_WebParts\HaftalikGorunumWP\HaftalikGorunumWP.ascx,UTF-8 with BOM
C:\Users\taylis\source\repos\PortalApps\MTS_WebParts\HaftalikGorunumWP\HaftalikGorunumWP.ascx.cs,windows-1254
C:\Users\taylis\source\repos\PortalApps\MTS_WebParts\HaftalikGorunumWP\HaftalikGorunumWP.ascx.g.cs,windows-1254
C:\Users\taylis\source\repos\PortalApps\MTS_WebParts\HaftalikGorunumWP\HaftalikGorunumWP.webpart,UTF-8 with BOM
C:\Users\taylis\source\repos\PortalApps\MTS_WebParts\HaftalikGorunumWP\SharePointProjectItem.spdata,UTF-8 with BOM
C:\Users\taylis\source\repos\PortalApps\MTS_WebParts\key.snk,windows-1254
C:\Users\taylis\source\repos\PortalApps\MTS_WebParts\KisiGirisiWP\Elements.xml,UTF-8 with BOM
C:\Users\taylis\source\repos\PortalApps\MTS_WebParts\KisiGirisiWP\KisiGirisiWP.ascx,UTF-8 with BOM
C:\Users\taylis\source\repos\PortalApps\MTS_WebParts\KisiGirisiWP\KisiGirisiWP.ascx.cs,windows-1254
C:\Users\taylis\source\repos\PortalApps\MTS_WebParts\KisiGirisiWP\KisiGirisiWP.ascx.g.cs,windows-1254
C:\Users\taylis\source\repos\PortalApps\MTS_WebParts\KisiGirisiWP\KisiGirisiWP.webpart,UTF-8 with BOM
C:\Users\taylis\source\repos\PortalApps\MTS_WebParts\KisiGirisiWP\SharePointProjectItem.spdata,UTF-8 with BOM
C:\Users\taylis\source\repos\PortalApps\MTS_WebParts\KisiKartiWP\Elements.xml,UTF-8 with BOM
C:\Users\taylis\source\repos\PortalApps\MTS_WebParts\KisiKartiWP\KisiKartiWP.ascx,UTF-8 with BOM
C:\Users\taylis\source\repos\PortalApps\MTS_WebParts\KisiKartiWP\KisiKartiWP.ascx.cs,windows-1254
C:\Users\taylis\source\repos\PortalApps\MTS_WebParts\KisiKartiWP\KisiKartiWP.ascx.g.cs,windows-1254
C:\Users\taylis\source\repos\PortalApps\MTS_WebParts\KisiKartiWP\KisiKartiWP.webpart,UTF-8 with BOM
C:\Users\taylis\source\repos\PortalApps\MTS_WebParts\KisiKartiWP\SharePointProjectItem.spdata,UTF-8 with BOM
C:\Users\taylis\source\repos\PortalApps\MTS_WebParts\KisiListesiWP\Elements.xml,UTF-8 with BOM
C:\Users\taylis\source\repos\PortalApps\MTS_WebParts\KisiListesiWP\KisiListesiWP.ascx,UTF-8 with BOM
C:\Users\taylis\source\repos\PortalApps\MTS_WebParts\KisiListesiWP\KisiListesiWP.ascx.cs,windows-1254
C:\Users\taylis\source\repos\PortalApps\MTS_WebParts\KisiListesiWP\KisiListesiWP.ascx.g.cs,windows-1254
C:\Users\taylis\source\repos\PortalApps\MTS_WebParts\KisiListesiWP\KisiListesiWP.webpart,UTF-8 with BOM
C:\Users\taylis\source\repos\PortalApps\MTS_WebParts\KisiListesiWP\SharePointProjectItem.spdata,UTF-8 with BOM
C:\Users\taylis\source\repos\PortalApps\MTS_WebParts\MTS_WebParts.csproj,UTF-8 with BOM
C:\Users\taylis\source\repos\PortalApps\MTS_WebParts\MTS_WebParts.csproj.user,UTF-8 with BOM
C:\Users\taylis\source\repos\PortalApps\MTS_WebParts\MtsOlayListesiWP\Elements.xml,UTF-8 with BOM
C:\Users\taylis\source\repos\PortalApps\MTS_WebParts\MtsOlayListesiWP\MtsOlayListesiWP.ascx,UTF-8 with BOM
C:\Users\taylis\source\repos\PortalApps\MTS_WebParts\MtsOlayListesiWP\MtsOlayListesiWP.ascx.cs,windows-1254
C:\Users\taylis\source\repos\PortalApps\MTS_WebParts\MtsOlayListesiWP\MtsOlayListesiWP.ascx.g.cs,windows-1254
C:\Users\taylis\source\repos\PortalApps\MTS_WebParts\MtsOlayListesiWP\MtsOlayListesiWP.webpart,UTF-8 with BOM
C:\Users\taylis\source\repos\PortalApps\MTS_WebParts\MtsOlayListesiWP\SharePointProjectItem.spdata,UTF-8 with BOM
C:\Users\taylis\source\repos\PortalApps\MTS_WebParts\Package\Package.package,UTF-8 with BOM
C:\Users\taylis\source\repos\PortalApps\MTS_WebParts\Package\Package.Template.xml,UTF-8 with BOM
C:\Users\taylis\source\repos\PortalApps\MTS_WebParts\packages.config,UTF-8 with BOM
C:\Users\taylis\source\repos\PortalApps\MTS_WebParts\pkg\Debug\MTS_WebParts\DAO.dll,windows-1254
C:\Users\taylis\source\repos\PortalApps\MTS_WebParts\pkg\Debug\MTS_WebParts\manifest.xml,UTF-8 with BOM
C:\Users\taylis\source\repos\PortalApps\MTS_WebParts\pkg\Debug\MTS_WebParts\Model.dll,windows-1254
C:\Users\taylis\source\repos\PortalApps\MTS_WebParts\pkg\Debug\MTS_WebParts\MTS_WebParts.dll,windows-1254
C:\Users\taylis\source\repos\PortalApps\MTS_WebParts\pkg\Debug\MTS_WebParts\MTS_WebParts_Feature1\AramaGirisiWP\AramaGirisiWP.webpart,UTF-8 with BOM
C:\Users\taylis\source\repos\PortalApps\MTS_WebParts\pkg\Debug\MTS_WebParts\MTS_WebParts_Feature1\AramaGirisiWP\Elements.xml,UTF-8 with BOM
C:\Users\taylis\source\repos\PortalApps\MTS_WebParts\pkg\Debug\MTS_WebParts\MTS_WebParts_Feature1\AramaGorusmeListesiWP\AramaGorusmeListesiWP.webpart,UTF-8 with BOM
C:\Users\taylis\source\repos\PortalApps\MTS_WebParts\pkg\Debug\MTS_WebParts\MTS_WebParts_Feature1\AramaGorusmeListesiWP\Elements.xml,UTF-8 with BOM
C:\Users\taylis\source\repos\PortalApps\MTS_WebParts\pkg\Debug\MTS_WebParts\MTS_WebParts_Feature1\BagisciListesiWP\BagisciListesiWP.webpart,UTF-8 with BOM
C:\Users\taylis\source\repos\PortalApps\MTS_WebParts\pkg\Debug\MTS_WebParts\MTS_WebParts_Feature1\BagisciListesiWP\Elements.xml,UTF-8 with BOM
C:\Users\taylis\source\repos\PortalApps\MTS_WebParts\pkg\Debug\MTS_WebParts\MTS_WebParts_Feature1\FaaliyetListesiROWP\Elements.xml,UTF-8 with BOM
C:\Users\taylis\source\repos\PortalApps\MTS_WebParts\pkg\Debug\MTS_WebParts\MTS_WebParts_Feature1\FaaliyetListesiROWP\FaaliyetListesiROWP.webpart,UTF-8 with BOM
C:\Users\taylis\source\repos\PortalApps\MTS_WebParts\pkg\Debug\MTS_WebParts\MTS_WebParts_Feature1\FaaliyetROViewerWP\Elements.xml,UTF-8 with BOM
C:\Users\taylis\source\repos\PortalApps\MTS_WebParts\pkg\Debug\MTS_WebParts\MTS_WebParts_Feature1\FaaliyetROViewerWP\FaaliyetROViewerWP.webpart,UTF-8 with BOM
C:\Users\taylis\source\repos\PortalApps\MTS_WebParts\pkg\Debug\MTS_WebParts\MTS_WebParts_Feature1\Feature.xml,UTF-8 with BOM
C:\Users\taylis\source\repos\PortalApps\MTS_WebParts\pkg\Debug\MTS_WebParts\MTS_WebParts_Feature1\HaftalikGorunumWP\Elements.xml,UTF-8 with BOM
C:\Users\taylis\source\repos\PortalApps\MTS_WebParts\pkg\Debug\MTS_WebParts\MTS_WebParts_Feature1\HaftalikGorunumWP\HaftalikGorunumWP.webpart,UTF-8 with BOM
C:\Users\taylis\source\repos\PortalApps\MTS_WebParts\pkg\Debug\MTS_WebParts\MTS_WebParts_Feature1\KisiGirisiWP\Elements.xml,UTF-8 with BOM
C:\Users\taylis\source\repos\PortalApps\MTS_WebParts\pkg\Debug\MTS_WebParts\MTS_WebParts_Feature1\KisiGirisiWP\KisiGirisiWP.webpart,UTF-8 with BOM
C:\Users\taylis\source\repos\PortalApps\MTS_WebParts\pkg\Debug\MTS_WebParts\MTS_WebParts_Feature1\KisiKartiWP\Elements.xml,UTF-8 with BOM
C:\Users\taylis\source\repos\PortalApps\MTS_WebParts\pkg\Debug\MTS_WebParts\MTS_WebParts_Feature1\KisiKartiWP\KisiKartiWP.webpart,UTF-8 with BOM
C:\Users\taylis\source\repos\PortalApps\MTS_WebParts\pkg\Debug\MTS_WebParts\MTS_WebParts_Feature1\KisiListesiWP\Elements.xml,UTF-8 with BOM
C:\Users\taylis\source\repos\PortalApps\MTS_WebParts\pkg\Debug\MTS_WebParts\MTS_WebParts_Feature1\KisiListesiWP\KisiListesiWP.webpart,UTF-8 with BOM
C:\Users\taylis\source\repos\PortalApps\MTS_WebParts\pkg\Debug\MTS_WebParts\MTS_WebParts_Feature2\AcikTarihliFaaliyetListesiWP\AcikTarihliFaaliyetListesiWP.webpart,UTF-8 with BOM
C:\Users\taylis\source\repos\PortalApps\MTS_WebParts\pkg\Debug\MTS_WebParts\MTS_WebParts_Feature2\AcikTarihliFaaliyetListesiWP\Elements.xml,UTF-8 with BOM
C:\Users\taylis\source\repos\PortalApps\MTS_WebParts\pkg\Debug\MTS_WebParts\MTS_WebParts_Feature2\FaaliyetGirisiWP\Elements.xml,UTF-8 with BOM
C:\Users\taylis\source\repos\PortalApps\MTS_WebParts\pkg\Debug\MTS_WebParts\MTS_WebParts_Feature2\FaaliyetGirisiWP\FaaliyetGirisiWP.webpart,UTF-8 with BOM
C:\Users\taylis\source\repos\PortalApps\MTS_WebParts\pkg\Debug\MTS_WebParts\MTS_WebParts_Feature2\FaaliyetKartiWP\Elements.xml,UTF-8 with BOM
C:\Users\taylis\source\repos\PortalApps\MTS_WebParts\pkg\Debug\MTS_WebParts\MTS_WebParts_Feature2\FaaliyetKartiWP\FaaliyetKartiWP.webpart,UTF-8 with BOM
C:\Users\taylis\source\repos\PortalApps\MTS_WebParts\pkg\Debug\MTS_WebParts\MTS_WebParts_Feature2\FaaliyetListesiWP\Elements.xml,UTF-8 with BOM
C:\Users\taylis\source\repos\PortalApps\MTS_WebParts\pkg\Debug\MTS_WebParts\MTS_WebParts_Feature2\FaaliyetListesiWP\FaaliyetListesiWP.webpart,UTF-8 with BOM
C:\Users\taylis\source\repos\PortalApps\MTS_WebParts\pkg\Debug\MTS_WebParts\MTS_WebParts_Feature2\FaaliyetViewerCustomWP\Elements.xml,UTF-8 with BOM
C:\Users\taylis\source\repos\PortalApps\MTS_WebParts\pkg\Debug\MTS_WebParts\MTS_WebParts_Feature2\FaaliyetViewerCustomWP\FaaliyetViewerCustomWP.webpart,UTF-8 with BOM
C:\Users\taylis\source\repos\PortalApps\MTS_WebParts\pkg\Debug\MTS_WebParts\MTS_WebParts_Feature2\FaaliyetViewerWP\Elements.xml,UTF-8 with BOM
C:\Users\taylis\source\repos\PortalApps\MTS_WebParts\pkg\Debug\MTS_WebParts\MTS_WebParts_Feature2\FaaliyetViewerWP\FaaliyetViewerWP.webpart,UTF-8 with BOM
C:\Users\taylis\source\repos\PortalApps\MTS_WebParts\pkg\Debug\MTS_WebParts\MTS_WebParts_Feature2\Feature.xml,UTF-8 with BOM
C:\Users\taylis\source\repos\PortalApps\MTS_WebParts\pkg\Debug\MTS_WebParts\MTS_WebParts_Feature2\MtsOlayListesiWP\Elements.xml,UTF-8 with BOM
C:\Users\taylis\source\repos\PortalApps\MTS_WebParts\pkg\Debug\MTS_WebParts\MTS_WebParts_Feature2\MtsOlayListesiWP\MtsOlayListesiWP.webpart,UTF-8 with BOM
C:\Users\taylis\source\repos\PortalApps\MTS_WebParts\pkg\Debug\MTS_WebParts\MTS_WebParts_Feature2\TestWP\Elements.xml,UTF-8 with BOM
C:\Users\taylis\source\repos\PortalApps\MTS_WebParts\pkg\Debug\MTS_WebParts\MTS_WebParts_Feature2\TestWP\TestWP.webpart,UTF-8 with BOM
C:\Users\taylis\source\repos\PortalApps\MTS_WebParts\pkg\Debug\MTS_WebParts\Utility.dll,windows-1254
C:\Users\taylis\source\repos\PortalApps\MTS_WebParts\pkgobj\Debug\MTS_WebParts_Feature1_Feature.xml,UTF-8 with BOM
C:\Users\taylis\source\repos\PortalApps\MTS_WebParts\pkgobj\Debug\MTS_WebParts_Feature2_Feature.xml,UTF-8 with BOM
C:\Users\taylis\source\repos\PortalApps\MTS_WebParts\pkgobj\Debug\Package_Manifest.xml,UTF-8 with BOM
C:\Users\taylis\source\repos\PortalApps\MTS_WebParts\pkgobj\Debug\TokenReplaceFolder\manifest.xml,UTF-8 with BOM
C:\Users\taylis\source\repos\PortalApps\MTS_WebParts\pkgobj\Debug\TokenReplaceFolder\MTS_WebParts_Feature1\AramaGirisiWP\AramaGirisiWP.webpart,UTF-8 with BOM
C:\Users\taylis\source\repos\PortalApps\MTS_WebParts\pkgobj\Debug\TokenReplaceFolder\MTS_WebParts_Feature1\AramaGirisiWP\Elements.xml,UTF-8 with BOM
C:\Users\taylis\source\repos\PortalApps\MTS_WebParts\pkgobj\Debug\TokenReplaceFolder\MTS_WebParts_Feature1\AramaGorusmeListesiWP\AramaGorusmeListesiWP.webpart,UTF-8 with BOM
C:\Users\taylis\source\repos\PortalApps\MTS_WebParts\pkgobj\Debug\TokenReplaceFolder\MTS_WebParts_Feature1\AramaGorusmeListesiWP\Elements.xml,UTF-8 with BOM
C:\Users\taylis\source\repos\PortalApps\MTS_WebParts\pkgobj\Debug\TokenReplaceFolder\MTS_WebParts_Feature1\BagisciListesiWP\BagisciListesiWP.webpart,UTF-8 with BOM
C:\Users\taylis\source\repos\PortalApps\MTS_WebParts\pkgobj\Debug\TokenReplaceFolder\MTS_WebParts_Feature1\BagisciListesiWP\Elements.xml,UTF-8 with BOM
C:\Users\taylis\source\repos\PortalApps\MTS_WebParts\pkgobj\Debug\TokenReplaceFolder\MTS_WebParts_Feature1\FaaliyetListesiROWP\Elements.xml,UTF-8 with BOM
C:\Users\taylis\source\repos\PortalApps\MTS_WebParts\pkgobj\Debug\TokenReplaceFolder\MTS_WebParts_Feature1\FaaliyetListesiROWP\FaaliyetListesiROWP.webpart,UTF-8 with BOM
C:\Users\taylis\source\repos\PortalApps\MTS_WebParts\pkgobj\Debug\TokenReplaceFolder\MTS_WebParts_Feature1\FaaliyetROViewerWP\Elements.xml,UTF-8 with BOM
C:\Users\taylis\source\repos\PortalApps\MTS_WebParts\pkgobj\Debug\TokenReplaceFolder\MTS_WebParts_Feature1\FaaliyetROViewerWP\FaaliyetROViewerWP.webpart,UTF-8 with BOM
C:\Users\taylis\source\repos\PortalApps\MTS_WebParts\pkgobj\Debug\TokenReplaceFolder\MTS_WebParts_Feature1\Feature.xml,UTF-8 with BOM
C:\Users\taylis\source\repos\PortalApps\MTS_WebParts\pkgobj\Debug\TokenReplaceFolder\MTS_WebParts_Feature1\HaftalikGorunumWP\Elements.xml,UTF-8 with BOM
C:\Users\taylis\source\repos\PortalApps\MTS_WebParts\pkgobj\Debug\TokenReplaceFolder\MTS_WebParts_Feature1\HaftalikGorunumWP\HaftalikGorunumWP.webpart,UTF-8 with BOM
C:\Users\taylis\source\repos\PortalApps\MTS_WebParts\pkgobj\Debug\TokenReplaceFolder\MTS_WebParts_Feature1\KisiGirisiWP\Elements.xml,UTF-8 with BOM
C:\Users\taylis\source\repos\PortalApps\MTS_WebParts\pkgobj\Debug\TokenReplaceFolder\MTS_WebParts_Feature1\KisiGirisiWP\KisiGirisiWP.webpart,UTF-8 with BOM
C:\Users\taylis\source\repos\PortalApps\MTS_WebParts\pkgobj\Debug\TokenReplaceFolder\MTS_WebParts_Feature1\KisiKartiWP\Elements.xml,UTF-8 with BOM
C:\Users\taylis\source\repos\PortalApps\MTS_WebParts\pkgobj\Debug\TokenReplaceFolder\MTS_WebParts_Feature1\KisiKartiWP\KisiKartiWP.webpart,UTF-8 with BOM
C:\Users\taylis\source\repos\PortalApps\MTS_WebParts\pkgobj\Debug\TokenReplaceFolder\MTS_WebParts_Feature1\KisiListesiWP\Elements.xml,UTF-8 with BOM
C:\Users\taylis\source\repos\PortalApps\MTS_WebParts\pkgobj\Debug\TokenReplaceFolder\MTS_WebParts_Feature1\KisiListesiWP\KisiListesiWP.webpart,UTF-8 with BOM
C:\Users\taylis\source\repos\PortalApps\MTS_WebParts\pkgobj\Debug\TokenReplaceFolder\MTS_WebParts_Feature2\AcikTarihliFaaliyetListesiWP\AcikTarihliFaaliyetListesiWP.webpart,UTF-8 with BOM
C:\Users\taylis\source\repos\PortalApps\MTS_WebParts\pkgobj\Debug\TokenReplaceFolder\MTS_WebParts_Feature2\AcikTarihliFaaliyetListesiWP\Elements.xml,UTF-8 with BOM
C:\Users\taylis\source\repos\PortalApps\MTS_WebParts\pkgobj\Debug\TokenReplaceFolder\MTS_WebParts_Feature2\FaaliyetGirisiWP\Elements.xml,UTF-8 with BOM
C:\Users\taylis\source\repos\PortalApps\MTS_WebParts\pkgobj\Debug\TokenReplaceFolder\MTS_WebParts_Feature2\FaaliyetGirisiWP\FaaliyetGirisiWP.webpart,UTF-8 with BOM
C:\Users\taylis\source\repos\PortalApps\MTS_WebParts\pkgobj\Debug\TokenReplaceFolder\MTS_WebParts_Feature2\FaaliyetKartiWP\Elements.xml,UTF-8 with BOM
C:\Users\taylis\source\repos\PortalApps\MTS_WebParts\pkgobj\Debug\TokenReplaceFolder\MTS_WebParts_Feature2\FaaliyetKartiWP\FaaliyetKartiWP.webpart,UTF-8 with BOM
C:\Users\taylis\source\repos\PortalApps\MTS_WebParts\pkgobj\Debug\TokenReplaceFolder\MTS_WebParts_Feature2\FaaliyetListesiWP\Elements.xml,UTF-8 with BOM
C:\Users\taylis\source\repos\PortalApps\MTS_WebParts\pkgobj\Debug\TokenReplaceFolder\MTS_WebParts_Feature2\FaaliyetListesiWP\FaaliyetListesiWP.webpart,UTF-8 with BOM
C:\Users\taylis\source\repos\PortalApps\MTS_WebParts\pkgobj\Debug\TokenReplaceFolder\MTS_WebParts_Feature2\FaaliyetViewerCustomWP\Elements.xml,UTF-8 with BOM
C:\Users\taylis\source\repos\PortalApps\MTS_WebParts\pkgobj\Debug\TokenReplaceFolder\MTS_WebParts_Feature2\FaaliyetViewerCustomWP\FaaliyetViewerCustomWP.webpart,UTF-8 with BOM
C:\Users\taylis\source\repos\PortalApps\MTS_WebParts\pkgobj\Debug\TokenReplaceFolder\MTS_WebParts_Feature2\FaaliyetViewerWP\Elements.xml,UTF-8 with BOM
C:\Users\taylis\source\repos\PortalApps\MTS_WebParts\pkgobj\Debug\TokenReplaceFolder\MTS_WebParts_Feature2\FaaliyetViewerWP\FaaliyetViewerWP.webpart,UTF-8 with BOM
C:\Users\taylis\source\repos\PortalApps\MTS_WebParts\pkgobj\Debug\TokenReplaceFolder\MTS_WebParts_Feature2\Feature.xml,UTF-8 with BOM
C:\Users\taylis\source\repos\PortalApps\MTS_WebParts\pkgobj\Debug\TokenReplaceFolder\MTS_WebParts_Feature2\MtsOlayListesiWP\Elements.xml,UTF-8 with BOM
C:\Users\taylis\source\repos\PortalApps\MTS_WebParts\pkgobj\Debug\TokenReplaceFolder\MTS_WebParts_Feature2\MtsOlayListesiWP\MtsOlayListesiWP.webpart,UTF-8 with BOM
C:\Users\taylis\source\repos\PortalApps\MTS_WebParts\pkgobj\Debug\TokenReplaceFolder\MTS_WebParts_Feature2\TestWP\Elements.xml,UTF-8 with BOM
C:\Users\taylis\source\repos\PortalApps\MTS_WebParts\pkgobj\Debug\TokenReplaceFolder\MTS_WebParts_Feature2\TestWP\TestWP.webpart,UTF-8 with BOM
C:\Users\taylis\source\repos\PortalApps\MTS_WebParts\Properties\AssemblyInfo.cs,windows-1254
C:\Users\taylis\source\repos\PortalApps\MTS_WebParts\TestWP\Elements.xml,UTF-8 with BOM
C:\Users\taylis\source\repos\PortalApps\MTS_WebParts\TestWP\SharePointProjectItem.spdata,UTF-8 with BOM
C:\Users\taylis\source\repos\PortalApps\MTS_WebParts\TestWP\TestWP.ascx,UTF-8 with BOM
C:\Users\taylis\source\repos\PortalApps\MTS_WebParts\TestWP\TestWP.ascx.cs,windows-1254
C:\Users\taylis\source\repos\PortalApps\MTS_WebParts\TestWP\TestWP.ascx.g.cs,UTF-8 (no BOM)
C:\Users\taylis\source\repos\PortalApps\MTS_WebParts\TestWP\TestWP.webpart,UTF-8 with BOM
C:\Users\taylis\source\repos\PortalApps\MTS_WebParts\VisualWebPart1\Elements.xml,UTF-8 with BOM
C:\Users\taylis\source\repos\PortalApps\MTS_WebParts\VisualWebPart1\SharePointProjectItem.spdata,UTF-8 with BOM
C:\Users\taylis\source\repos\PortalApps\MTS_WebParts\VisualWebPart1\VisualWebPart1.ascx,UTF-8 with BOM
C:\Users\taylis\source\repos\PortalApps\MTS_WebParts\VisualWebPart1\VisualWebPart1.ascx.cs,UTF-8 (no BOM)
C:\Users\taylis\source\repos\PortalApps\MTS_WebParts\VisualWebPart1\VisualWebPart1.webpart,UTF-8 with BOM
C:\Users\taylis\source\repos\PortalApps\MTS_WebParts\VisualWebPart2\Elements.xml,UTF-8 with BOM
C:\Users\taylis\source\repos\PortalApps\MTS_WebParts\VisualWebPart2\SharePointProjectItem.spdata,UTF-8 with BOM
C:\Users\taylis\source\repos\PortalApps\MTS_WebParts\VisualWebPart2\VisualWebPart2.ascx,UTF-8 with BOM
C:\Users\taylis\source\repos\PortalApps\MTS_WebParts\VisualWebPart2\VisualWebPart2.ascx.cs,UTF-8 (no BOM)
C:\Users\taylis\source\repos\PortalApps\MTS_WebParts\VisualWebPart2\VisualWebPart2.webpart,UTF-8 with BOM
C:\Users\taylis\source\repos\PortalApps\MYS_WebParts\Features\Feature1\Feature1.feature,UTF-8 with BOM
C:\Users\taylis\source\repos\PortalApps\MYS_WebParts\Features\Feature1\Feature1.Template.xml,UTF-8 with BOM
C:\Users\taylis\source\repos\PortalApps\MYS_WebParts\key.snk,windows-1254
C:\Users\taylis\source\repos\PortalApps\MYS_WebParts\MalzemeCinsiGirisiWP\Elements.xml,UTF-8 with BOM
C:\Users\taylis\source\repos\PortalApps\MYS_WebParts\MalzemeCinsiGirisiWP\MalzemeCinsiGirisiWP.ascx,UTF-8 with BOM
C:\Users\taylis\source\repos\PortalApps\MYS_WebParts\MalzemeCinsiGirisiWP\MalzemeCinsiGirisiWP.ascx.cs,windows-1254
C:\Users\taylis\source\repos\PortalApps\MYS_WebParts\MalzemeCinsiGirisiWP\MalzemeCinsiGirisiWP.ascx.g.cs,windows-1254
C:\Users\taylis\source\repos\PortalApps\MYS_WebParts\MalzemeCinsiGirisiWP\MalzemeCinsiGirisiWP.webpart,UTF-8 with BOM
C:\Users\taylis\source\repos\PortalApps\MYS_WebParts\MalzemeCinsiGirisiWP\SharePointProjectItem.spdata,UTF-8 with BOM
C:\Users\taylis\source\repos\PortalApps\MYS_WebParts\MalzemeCinsiListesiWP\Elements.xml,UTF-8 with BOM
C:\Users\taylis\source\repos\PortalApps\MYS_WebParts\MalzemeCinsiListesiWP\MalzemeCinsiListesiWP.ascx,UTF-8 with BOM
C:\Users\taylis\source\repos\PortalApps\MYS_WebParts\MalzemeCinsiListesiWP\MalzemeCinsiListesiWP.ascx.cs,windows-1254
C:\Users\taylis\source\repos\PortalApps\MYS_WebParts\MalzemeCinsiListesiWP\MalzemeCinsiListesiWP.ascx.g.cs,UTF-8 (no BOM)
C:\Users\taylis\source\repos\PortalApps\MYS_WebParts\MalzemeCinsiListesiWP\MalzemeCinsiListesiWP.webpart,UTF-8 with BOM
C:\Users\taylis\source\repos\PortalApps\MYS_WebParts\MalzemeCinsiListesiWP\SharePointProjectItem.spdata,UTF-8 with BOM
C:\Users\taylis\source\repos\PortalApps\MYS_WebParts\MalzemeGirisiWP\Elements.xml,UTF-8 with BOM
C:\Users\taylis\source\repos\PortalApps\MYS_WebParts\MalzemeGirisiWP\MalzemeGirisiWP.ascx,UTF-8 with BOM
C:\Users\taylis\source\repos\PortalApps\MYS_WebParts\MalzemeGirisiWP\MalzemeGirisiWP.ascx.cs,windows-1254
C:\Users\taylis\source\repos\PortalApps\MYS_WebParts\MalzemeGirisiWP\MalzemeGirisiWP.ascx.g.cs,windows-1254
C:\Users\taylis\source\repos\PortalApps\MYS_WebParts\MalzemeGirisiWP\MalzemeGirisiWP.webpart,UTF-8 with BOM
C:\Users\taylis\source\repos\PortalApps\MYS_WebParts\MalzemeGirisiWP\SharePointProjectItem.spdata,UTF-8 with BOM
C:\Users\taylis\source\repos\PortalApps\MYS_WebParts\MalzemeKategoriGirisWP\Elements.xml,UTF-8 with BOM
C:\Users\taylis\source\repos\PortalApps\MYS_WebParts\MalzemeKategoriGirisWP\MalzemeKategoriGirisWP.ascx,UTF-8 with BOM
C:\Users\taylis\source\repos\PortalApps\MYS_WebParts\MalzemeKategoriGirisWP\MalzemeKategoriGirisWP.ascx.cs,windows-1254
C:\Users\taylis\source\repos\PortalApps\MYS_WebParts\MalzemeKategoriGirisWP\MalzemeKategoriGirisWP.ascx.g.cs,windows-1254
C:\Users\taylis\source\repos\PortalApps\MYS_WebParts\MalzemeKategoriGirisWP\MalzemeKategoriGirisWP.webpart,UTF-8 with BOM
C:\Users\taylis\source\repos\PortalApps\MYS_WebParts\MalzemeKategoriGirisWP\SharePointProjectItem.spdata,UTF-8 with BOM
C:\Users\taylis\source\repos\PortalApps\MYS_WebParts\MalzemeKategoriListesiWP\Elements.xml,UTF-8 with BOM
C:\Users\taylis\source\repos\PortalApps\MYS_WebParts\MalzemeKategoriListesiWP\MalzemeKategoriListesiWP.ascx,UTF-8 with BOM
C:\Users\taylis\source\repos\PortalApps\MYS_WebParts\MalzemeKategoriListesiWP\MalzemeKategoriListesiWP.ascx.cs,windows-1254
C:\Users\taylis\source\repos\PortalApps\MYS_WebParts\MalzemeKategoriListesiWP\MalzemeKategoriListesiWP.ascx.g.cs,UTF-8 (no BOM)
C:\Users\taylis\source\repos\PortalApps\MYS_WebParts\MalzemeKategoriListesiWP\MalzemeKategoriListesiWP.webpart,UTF-8 with BOM
C:\Users\taylis\source\repos\PortalApps\MYS_WebParts\MalzemeKategoriListesiWP\SharePointProjectItem.spdata,UTF-8 with BOM
C:\Users\taylis\source\repos\PortalApps\MYS_WebParts\MalzemeListesiWP\Elements.xml,UTF-8 with BOM
C:\Users\taylis\source\repos\PortalApps\MYS_WebParts\MalzemeListesiWP\MalzemeListesiWP.ascx,UTF-8 with BOM
C:\Users\taylis\source\repos\PortalApps\MYS_WebParts\MalzemeListesiWP\MalzemeListesiWP.ascx.cs,windows-1254
C:\Users\taylis\source\repos\PortalApps\MYS_WebParts\MalzemeListesiWP\MalzemeListesiWP.ascx.g.cs,UTF-8 (no BOM)
C:\Users\taylis\source\repos\PortalApps\MYS_WebParts\MalzemeListesiWP\MalzemeListesiWP.webpart,UTF-8 with BOM
C:\Users\taylis\source\repos\PortalApps\MYS_WebParts\MalzemeListesiWP\SharePointProjectItem.spdata,UTF-8 with BOM
C:\Users\taylis\source\repos\PortalApps\MYS_WebParts\MYS_WebParts.csproj,UTF-8 with BOM
C:\Users\taylis\source\repos\PortalApps\MYS_WebParts\Package\Package.package,UTF-8 with BOM
C:\Users\taylis\source\repos\PortalApps\MYS_WebParts\Package\Package.Template.xml,UTF-8 with BOM
C:\Users\taylis\source\repos\PortalApps\MYS_WebParts\Properties\AssemblyInfo.cs,windows-1254
C:\Users\taylis\source\repos\PortalApps\NBYS_WebParts\app.config,UTF-8 with BOM
C:\Users\taylis\source\repos\PortalApps\NBYS_WebParts\ArmaganAraWP\ArmaganAraWP.ascx,UTF-8 (no BOM)
C:\Users\taylis\source\repos\PortalApps\NBYS_WebParts\ArmaganAraWP\ArmaganAraWP.ascx.cs,UTF-8 (no BOM)
C:\Users\taylis\source\repos\PortalApps\NBYS_WebParts\ArmaganAraWP\ArmaganAraWP.ascx.g.cs,UTF-8 with BOM
C:\Users\taylis\source\repos\PortalApps\NBYS_WebParts\ArmaganAraWP\ArmaganAraWP.webpart,UTF-8 with BOM
C:\Users\taylis\source\repos\PortalApps\NBYS_WebParts\ArmaganAraWP\Elements.xml,UTF-8 with BOM
C:\Users\taylis\source\repos\PortalApps\NBYS_WebParts\ArmaganAraWP\SharePointProjectItem.spdata,UTF-8 with BOM
C:\Users\taylis\source\repos\PortalApps\NBYS_WebParts\ArmaganEditWP\ArmaganEditWP.ascx,UTF-8 (no BOM)
C:\Users\taylis\source\repos\PortalApps\NBYS_WebParts\ArmaganEditWP\ArmaganEditWP.ascx.cs,UTF-8 (no BOM)
C:\Users\taylis\source\repos\PortalApps\NBYS_WebParts\ArmaganEditWP\ArmaganEditWP.ascx.g.cs,UTF-8 with BOM
C:\Users\taylis\source\repos\PortalApps\NBYS_WebParts\ArmaganEditWP\ArmaganEditWP.webpart,UTF-8 with BOM
C:\Users\taylis\source\repos\PortalApps\NBYS_WebParts\ArmaganEditWP\Elements.xml,UTF-8 with BOM
C:\Users\taylis\source\repos\PortalApps\NBYS_WebParts\ArmaganEditWP\SharePointProjectItem.spdata,UTF-8 with BOM
C:\Users\taylis\source\repos\PortalApps\NBYS_WebParts\ArmaganListesiWP\ArmaganListesiWP.ascx,UTF-8 (no BOM)
C:\Users\taylis\source\repos\PortalApps\NBYS_WebParts\ArmaganListesiWP\ArmaganListesiWP.ascx.cs,UTF-8 (no BOM)
C:\Users\taylis\source\repos\PortalApps\NBYS_WebParts\ArmaganListesiWP\ArmaganListesiWP.ascx.g.cs,UTF-8 with BOM
C:\Users\taylis\source\repos\PortalApps\NBYS_WebParts\ArmaganListesiWP\ArmaganListesiWP.webpart,UTF-8 with BOM
C:\Users\taylis\source\repos\PortalApps\NBYS_WebParts\ArmaganListesiWP\Elements.xml,UTF-8 with BOM
C:\Users\taylis\source\repos\PortalApps\NBYS_WebParts\ArmaganListesiWP\SharePointProjectItem.spdata,UTF-8 with BOM
C:\Users\taylis\source\repos\PortalApps\NBYS_WebParts\BagisaVesileOlanArmaganBelgesiWP\BagisaVesileOlanArmaganBelgesiWP.ascx,UTF-8 (no BOM)
C:\Users\taylis\source\repos\PortalApps\NBYS_WebParts\BagisaVesileOlanArmaganBelgesiWP\BagisaVesileOlanArmaganBelgesiWP.ascx.cs,UTF-8 (no BOM)
C:\Users\taylis\source\repos\PortalApps\NBYS_WebParts\BagisaVesileOlanArmaganBelgesiWP\BagisaVesileOlanArmaganBelgesiWP.ascx.g.cs,UTF-8 with BOM
C:\Users\taylis\source\repos\PortalApps\NBYS_WebParts\BagisaVesileOlanArmaganBelgesiWP\BagisaVesileOlanArmaganBelgesiWP.webpart,UTF-8 with BOM
C:\Users\taylis\source\repos\PortalApps\NBYS_WebParts\BagisaVesileOlanArmaganBelgesiWP\Elements.xml,UTF-8 with BOM
C:\Users\taylis\source\repos\PortalApps\NBYS_WebParts\BagisaVesileOlanArmaganBelgesiWP\SharePointProjectItem.spdata,UTF-8 with BOM
C:\Users\taylis\source\repos\PortalApps\NBYS_WebParts\BagisaVesileOlanTesekkurGirisiWP.ascx,UTF-8 (no BOM)
C:\Users\taylis\source\repos\PortalApps\NBYS_WebParts\BagisaVesileOlanTesekkurGirisiWP.ascx.cs,UTF-8 (no BOM)
C:\Users\taylis\source\repos\PortalApps\NBYS_WebParts\BagisaVesileOlanTesekkurGirisiWP.webpart,UTF-8 with BOM
C:\Users\taylis\source\repos\PortalApps\NBYS_WebParts\BagisaVesileOlanTesekkurGirisiWP\BagisaVesileOlanTesekkurGirisiWP.ascx,UTF-8 (no BOM)
C:\Users\taylis\source\repos\PortalApps\NBYS_WebParts\BagisaVesileOlanTesekkurGirisiWP\BagisaVesileOlanTesekkurGirisiWP.ascx.cs,UTF-8 (no BOM)
C:\Users\taylis\source\repos\PortalApps\NBYS_WebParts\BagisaVesileOlanTesekkurGirisiWP\BagisaVesileOlanTesekkurGirisiWP.ascx.g.cs,UTF-8 with BOM
C:\Users\taylis\source\repos\PortalApps\NBYS_WebParts\BagisaVesileOlanTesekkurGirisiWP\BagisaVesileOlanTesekkurGirisiWP.webpart,UTF-8 with BOM
C:\Users\taylis\source\repos\PortalApps\NBYS_WebParts\BagisaVesileOlanTesekkurGirisiWP\Elements.xml,UTF-8 with BOM
C:\Users\taylis\source\repos\PortalApps\NBYS_WebParts\BagisaVesileOlanTesekkurGirisiWP\SharePointProjectItem.spdata,UTF-8 with BOM
C:\Users\taylis\source\repos\PortalApps\NBYS_WebParts\BagisaVesileOlanTesekkurListesiWP\BagisaVesileOlanTesekkurListesiWP.ascx,UTF-8 (no BOM)
C:\Users\taylis\source\repos\PortalApps\NBYS_WebParts\BagisaVesileOlanTesekkurListesiWP\BagisaVesileOlanTesekkurListesiWP.ascx.cs,UTF-8 (no BOM)
C:\Users\taylis\source\repos\PortalApps\NBYS_WebParts\BagisaVesileOlanTesekkurListesiWP\BagisaVesileOlanTesekkurListesiWP.ascx.g.cs,UTF-8 with BOM
C:\Users\taylis\source\repos\PortalApps\NBYS_WebParts\BagisaVesileOlanTesekkurListesiWP\BagisaVesileOlanTesekkurListesiWP.webpart,UTF-8 with BOM
C:\Users\taylis\source\repos\PortalApps\NBYS_WebParts\BagisaVesileOlanTesekkurListesiWP\Elements.xml,UTF-8 with BOM
C:\Users\taylis\source\repos\PortalApps\NBYS_WebParts\BagisaVesileOlanTesekkurListesiWP\SharePointProjectItem.spdata,UTF-8 with BOM
C:\Users\taylis\source\repos\PortalApps\NBYS_WebParts\BagisHareketListesiWP\BagisHareketListesiWP.ascx,UTF-8 (no BOM)
C:\Users\taylis\source\repos\PortalApps\NBYS_WebParts\BagisHareketListesiWP\BagisHareketListesiWP.ascx.cs,UTF-8 (no BOM)
C:\Users\taylis\source\repos\PortalApps\NBYS_WebParts\BagisHareketListesiWP\BagisHareketListesiWP.ascx.g.cs,UTF-8 with BOM
C:\Users\taylis\source\repos\PortalApps\NBYS_WebParts\BagisHareketListesiWP\BagisHareketListesiWP.webpart,UTF-8 with BOM
C:\Users\taylis\source\repos\PortalApps\NBYS_WebParts\BagisHareketListesiWP\Elements.xml,UTF-8 with BOM
C:\Users\taylis\source\repos\PortalApps\NBYS_WebParts\BagisHareketListesiWP\SharePointProjectItem.spdata,UTF-8 with BOM
C:\Users\taylis\source\repos\PortalApps\NBYS_WebParts\BagisIadeListesiWP\BagisIadeListesiWP.ascx,UTF-8 (no BOM)
C:\Users\taylis\source\repos\PortalApps\NBYS_WebParts\BagisIadeListesiWP\BagisIadeListesiWP.ascx.cs,UTF-8 (no BOM)
C:\Users\taylis\source\repos\PortalApps\NBYS_WebParts\BagisIadeListesiWP\BagisIadeListesiWP.ascx.g.cs,UTF-8 with BOM
C:\Users\taylis\source\repos\PortalApps\NBYS_WebParts\BagisIadeListesiWP\BagisIadeListesiWP.webpart,UTF-8 with BOM
C:\Users\taylis\source\repos\PortalApps\NBYS_WebParts\BagisIadeListesiWP\Elements.xml,UTF-8 with BOM
C:\Users\taylis\source\repos\PortalApps\NBYS_WebParts\BagisIadeListesiWP\SharePointProjectItem.spdata,UTF-8 with BOM
C:\Users\taylis\source\repos\PortalApps\NBYS_WebParts\BagisIadesiWP\BagisIadesiWP.ascx,UTF-8 (no BOM)
C:\Users\taylis\source\repos\PortalApps\NBYS_WebParts\BagisIadesiWP\BagisIadesiWP.ascx.cs,UTF-8 (no BOM)
C:\Users\taylis\source\repos\PortalApps\NBYS_WebParts\BagisIadesiWP\BagisIadesiWP.ascx.g.cs,UTF-8 with BOM
C:\Users\taylis\source\repos\PortalApps\NBYS_WebParts\BagisIadesiWP\BagisIadesiWP.webpart,UTF-8 with BOM
C:\Users\taylis\source\repos\PortalApps\NBYS_WebParts\BagisIadesiWP\Elements.xml,UTF-8 with BOM
C:\Users\taylis\source\repos\PortalApps\NBYS_WebParts\BagisIadesiWP\SharePointProjectItem.spdata,UTF-8 with BOM
C:\Users\taylis\source\repos\PortalApps\NBYS_WebParts\BankaDosyasiYuklemeWP\BankaDosyasiYuklemeWP.ascx,UTF-8 (no BOM)
C:\Users\taylis\source\repos\PortalApps\NBYS_WebParts\BankaDosyasiYuklemeWP\BankaDosyasiYuklemeWP.ascx.cs,UTF-8 (no BOM)
C:\Users\taylis\source\repos\PortalApps\NBYS_WebParts\BankaDosyasiYuklemeWP\BankaDosyasiYuklemeWP.ascx.g.cs,UTF-8 with BOM
C:\Users\taylis\source\repos\PortalApps\NBYS_WebParts\BankaDosyasiYuklemeWP\BankaDosyasiYuklemeWP.webpart,UTF-8 with BOM
C:\Users\taylis\source\repos\PortalApps\NBYS_WebParts\BankaDosyasiYuklemeWP\Elements.xml,UTF-8 with BOM
C:\Users\taylis\source\repos\PortalApps\NBYS_WebParts\BankaDosyasiYuklemeWP\SharePointProjectItem.spdata,UTF-8 with BOM
C:\Users\taylis\source\repos\PortalApps\NBYS_WebParts\BeratBasimiWP\BeratBasimiWP.ascx,UTF-8 (no BOM)
C:\Users\taylis\source\repos\PortalApps\NBYS_WebParts\BeratBasimiWP\BeratBasimiWP.ascx.cs,UTF-8 (no BOM)
C:\Users\taylis\source\repos\PortalApps\NBYS_WebParts\BeratBasimiWP\BeratBasimiWP.ascx.g.cs,UTF-8 with BOM
C:\Users\taylis\source\repos\PortalApps\NBYS_WebParts\BeratBasimiWP\BeratBasimiWP.webpart,UTF-8 with BOM
C:\Users\taylis\source\repos\PortalApps\NBYS_WebParts\BeratBasimiWP\Elements.xml,UTF-8 with BOM
C:\Users\taylis\source\repos\PortalApps\NBYS_WebParts\BeratBasimiWP\SharePointProjectItem.spdata,UTF-8 with BOM
C:\Users\taylis\source\repos\PortalApps\NBYS_WebParts\BeratBelgesiYazisiWP\BeratBelgesiYazisiWP.ascx,UTF-8 (no BOM)
C:\Users\taylis\source\repos\PortalApps\NBYS_WebParts\BeratBelgesiYazisiWP\BeratBelgesiYazisiWP.ascx.cs,UTF-8 (no BOM)
C:\Users\taylis\source\repos\PortalApps\NBYS_WebParts\BeratBelgesiYazisiWP\BeratBelgesiYazisiWP.ascx.g.cs,UTF-8 with BOM
C:\Users\taylis\source\repos\PortalApps\NBYS_WebParts\BeratBelgesiYazisiWP\BeratBelgesiYazisiWP.webpart,UTF-8 with BOM
C:\Users\taylis\source\repos\PortalApps\NBYS_WebParts\BeratBelgesiYazisiWP\Elements.xml,UTF-8 with BOM
C:\Users\taylis\source\repos\PortalApps\NBYS_WebParts\BeratBelgesiYazisiWP\SharePointProjectItem.spdata,UTF-8 with BOM
C:\Users\taylis\source\repos\PortalApps\NBYS_WebParts\BolgeArmaganRaporuWP\BolgeArmaganRaporuWP.ascx,UTF-8 (no BOM)
C:\Users\taylis\source\repos\PortalApps\NBYS_WebParts\BolgeArmaganRaporuWP\BolgeArmaganRaporuWP.ascx.cs,UTF-8 (no BOM)
C:\Users\taylis\source\repos\PortalApps\NBYS_WebParts\BolgeArmaganRaporuWP\BolgeArmaganRaporuWP.ascx.g.cs,UTF-8 with BOM
C:\Users\taylis\source\repos\PortalApps\NBYS_WebParts\BolgeArmaganRaporuWP\BolgeArmaganRaporuWP.webpart,UTF-8 with BOM
C:\Users\taylis\source\repos\PortalApps\NBYS_WebParts\BolgeArmaganRaporuWP\Elements.xml,UTF-8 with BOM
C:\Users\taylis\source\repos\PortalApps\NBYS_WebParts\BolgeArmaganRaporuWP\SharePointProjectItem.spdata,UTF-8 with BOM
C:\Users\taylis\source\repos\PortalApps\NBYS_WebParts\BolgelereGoreFTKRaporuWP\BolgelereGoreFTKRaporuWP.ascx,UTF-8 (no BOM)
C:\Users\taylis\source\repos\PortalApps\NBYS_WebParts\BolgelereGoreFTKRaporuWP\BolgelereGoreFTKRaporuWP.ascx.cs,UTF-8 (no BOM)
C:\Users\taylis\source\repos\PortalApps\NBYS_WebParts\BolgelereGoreFTKRaporuWP\BolgelereGoreFTKRaporuWP.ascx.g.cs,windows-1254
C:\Users\taylis\source\repos\PortalApps\NBYS_WebParts\BolgelereGoreFTKRaporuWP\BolgelereGoreFTKRaporuWP.webpart,UTF-8 with BOM
C:\Users\taylis\source\repos\PortalApps\NBYS_WebParts\BolgelereGoreFTKRaporuWP\Elements.xml,UTF-8 with BOM
C:\Users\taylis\source\repos\PortalApps\NBYS_WebParts\BolgelereGoreFTKRaporuWP\SharePointProjectItem.spdata,UTF-8 with BOM
C:\Users\taylis\source\repos\PortalApps\NBYS_WebParts\CokDefaBagisYapanBagisciListesiWP\CokDefaBagisYapanBagisciListesiWP.ascx,UTF-8 (no BOM)
C:\Users\taylis\source\repos\PortalApps\NBYS_WebParts\CokDefaBagisYapanBagisciListesiWP\CokDefaBagisYapanBagisciListesiWP.ascx.cs,UTF-8 (no BOM)
C:\Users\taylis\source\repos\PortalApps\NBYS_WebParts\CokDefaBagisYapanBagisciListesiWP\CokDefaBagisYapanBagisciListesiWP.ascx.g.cs,UTF-8 with BOM
C:\Users\taylis\source\repos\PortalApps\NBYS_WebParts\CokDefaBagisYapanBagisciListesiWP\CokDefaBagisYapanBagisciListesiWP.webpart,UTF-8 with BOM
C:\Users\taylis\source\repos\PortalApps\NBYS_WebParts\CokDefaBagisYapanBagisciListesiWP\Elements.xml,UTF-8 with BOM
C:\Users\taylis\source\repos\PortalApps\NBYS_WebParts\CokDefaBagisYapanBagisciListesiWP\SharePointProjectItem.spdata,UTF-8 with BOM
C:\Users\taylis\source\repos\PortalApps\NBYS_WebParts\DovizleYapilanBagislarWP\DovizleYapilanBagislarWP.ascx,UTF-8 (no BOM)
C:\Users\taylis\source\repos\PortalApps\NBYS_WebParts\DovizleYapilanBagislarWP\DovizleYapilanBagislarWP.ascx.cs,UTF-8 (no BOM)
C:\Users\taylis\source\repos\PortalApps\NBYS_WebParts\DovizleYapilanBagislarWP\DovizleYapilanBagislarWP.ascx.g.cs,UTF-8 with BOM
C:\Users\taylis\source\repos\PortalApps\NBYS_WebParts\DovizleYapilanBagislarWP\DovizleYapilanBagislarWP.webpart,UTF-8 with BOM
C:\Users\taylis\source\repos\PortalApps\NBYS_WebParts\DovizleYapilanBagislarWP\Elements.xml,UTF-8 with BOM
C:\Users\taylis\source\repos\PortalApps\NBYS_WebParts\DovizleYapilanBagislarWP\SharePointProjectItem.spdata,UTF-8 with BOM
C:\Users\taylis\source\repos\PortalApps\NBYS_WebParts\DuzenliBagisciBelgesiBasimiWP\DuzenliBagisciBelgesiBasimiWP.ascx,UTF-8 (no BOM)
C:\Users\taylis\source\repos\PortalApps\NBYS_WebParts\DuzenliBagisciBelgesiBasimiWP\DuzenliBagisciBelgesiBasimiWP.ascx.cs,UTF-8 (no BOM)
C:\Users\taylis\source\repos\PortalApps\NBYS_WebParts\DuzenliBagisciBelgesiBasimiWP\DuzenliBagisciBelgesiBasimiWP.ascx.g.cs,UTF-8 with BOM
C:\Users\taylis\source\repos\PortalApps\NBYS_WebParts\DuzenliBagisciBelgesiBasimiWP\DuzenliBagisciBelgesiBasimiWP.webpart,UTF-8 with BOM
C:\Users\taylis\source\repos\PortalApps\NBYS_WebParts\DuzenliBagisciBelgesiBasimiWP\Elements.xml,UTF-8 with BOM
C:\Users\taylis\source\repos\PortalApps\NBYS_WebParts\DuzenliBagisciBelgesiBasimiWP\SharePointProjectItem.spdata,UTF-8 with BOM
C:\Users\taylis\source\repos\PortalApps\NBYS_WebParts\DuzenliBagisciDosyaYuklemeWP\DuzenliBagisciDosyaYuklemeWP.ascx,UTF-8 (no BOM)
C:\Users\taylis\source\repos\PortalApps\NBYS_WebParts\DuzenliBagisciDosyaYuklemeWP\DuzenliBagisciDosyaYuklemeWP.ascx.cs,UTF-8 (no BOM)
C:\Users\taylis\source\repos\PortalApps\NBYS_WebParts\DuzenliBagisciDosyaYuklemeWP\DuzenliBagisciDosyaYuklemeWP.ascx.g.cs,UTF-8 with BOM
C:\Users\taylis\source\repos\PortalApps\NBYS_WebParts\DuzenliBagisciDosyaYuklemeWP\DuzenliBagisciDosyaYuklemeWP.webpart,UTF-8 with BOM
C:\Users\taylis\source\repos\PortalApps\NBYS_WebParts\DuzenliBagisciDosyaYuklemeWP\Elements.xml,UTF-8 with BOM
C:\Users\taylis\source\repos\PortalApps\NBYS_WebParts\DuzenliBagisciDosyaYuklemeWP\SharePointProjectItem.spdata,UTF-8 with BOM
C:\Users\taylis\source\repos\PortalApps\NBYS_WebParts\DuzenliNakitBagisciListesiWP\DuzenliNakitBagisciListesiWP.ascx,UTF-8 (no BOM)
C:\Users\taylis\source\repos\PortalApps\NBYS_WebParts\DuzenliNakitBagisciListesiWP\DuzenliNakitBagisciListesiWP.ascx.cs,UTF-8 (no BOM)
C:\Users\taylis\source\repos\PortalApps\NBYS_WebParts\DuzenliNakitBagisciListesiWP\DuzenliNakitBagisciListesiWP.ascx.g.cs,UTF-8 with BOM
C:\Users\taylis\source\repos\PortalApps\NBYS_WebParts\DuzenliNakitBagisciListesiWP\DuzenliNakitBagisciListesiWP.webpart,UTF-8 with BOM
C:\Users\taylis\source\repos\PortalApps\NBYS_WebParts\DuzenliNakitBagisciListesiWP\Elements.xml,UTF-8 with BOM
C:\Users\taylis\source\repos\PortalApps\NBYS_WebParts\DuzenliNakitBagisciListesiWP\SharePointProjectItem.spdata,UTF-8 with BOM
C:\Users\taylis\source\repos\PortalApps\NBYS_WebParts\EkstreAktarmaEditWP\EkstreAktarmaEditWP.ascx,UTF-8 (no BOM)
C:\Users\taylis\source\repos\PortalApps\NBYS_WebParts\EkstreAktarmaEditWP\EkstreAktarmaEditWP.ascx.cs,UTF-8 (no BOM)
C:\Users\taylis\source\repos\PortalApps\NBYS_WebParts\EkstreAktarmaEditWP\EkstreAktarmaEditWP.ascx.g.cs,UTF-8 with BOM
C:\Users\taylis\source\repos\PortalApps\NBYS_WebParts\EkstreAktarmaEditWP\EkstreAktarmaEditWP.webpart,UTF-8 with BOM
C:\Users\taylis\source\repos\PortalApps\NBYS_WebParts\EkstreAktarmaEditWP\Elements.xml,UTF-8 with BOM
C:\Users\taylis\source\repos\PortalApps\NBYS_WebParts\EkstreAktarmaEditWP\SharePointProjectItem.spdata,UTF-8 with BOM
C:\Users\taylis\source\repos\PortalApps\NBYS_WebParts\EkstreListesiWP\EkstreListesiWP.ascx,UTF-8 (no BOM)
C:\Users\taylis\source\repos\PortalApps\NBYS_WebParts\EkstreListesiWP\EkstreListesiWP.ascx.cs,UTF-8 (no BOM)
C:\Users\taylis\source\repos\PortalApps\NBYS_WebParts\EkstreListesiWP\EkstreListesiWP.ascx.g.cs,UTF-8 with BOM
C:\Users\taylis\source\repos\PortalApps\NBYS_WebParts\EkstreListesiWP\EkstreListesiWP.webpart,UTF-8 with BOM
C:\Users\taylis\source\repos\PortalApps\NBYS_WebParts\EkstreListesiWP\Elements.xml,UTF-8 with BOM
C:\Users\taylis\source\repos\PortalApps\NBYS_WebParts\EkstreListesiWP\SharePointProjectItem.spdata,UTF-8 with BOM
C:\Users\taylis\source\repos\PortalApps\NBYS_WebParts\Features\Feature1\Feature1.feature,UTF-8 with BOM
C:\Users\taylis\source\repos\PortalApps\NBYS_WebParts\Features\Feature1\Feature1.Template.xml,UTF-8 with BOM
C:\Users\taylis\source\repos\PortalApps\NBYS_WebParts\FTKFahriBaskanListesiWP\Elements.xml,UTF-8 with BOM
C:\Users\taylis\source\repos\PortalApps\NBYS_WebParts\FTKFahriBaskanListesiWP\FTKFahriBaskanListesiWP.ascx,UTF-8 (no BOM)
C:\Users\taylis\source\repos\PortalApps\NBYS_WebParts\FTKFahriBaskanListesiWP\FTKFahriBaskanListesiWP.ascx.cs,UTF-8 (no BOM)
C:\Users\taylis\source\repos\PortalApps\NBYS_WebParts\FTKFahriBaskanListesiWP\FTKFahriBaskanListesiWP.ascx.g.cs,windows-1254
C:\Users\taylis\source\repos\PortalApps\NBYS_WebParts\FTKFahriBaskanListesiWP\FTKFahriBaskanListesiWP.webpart,UTF-8 with BOM
C:\Users\taylis\source\repos\PortalApps\NBYS_WebParts\FTKFahriBaskanListesiWP\SharePointProjectItem.spdata,UTF-8 with BOM
C:\Users\taylis\source\repos\PortalApps\NBYS_WebParts\FTKHaritasiWP\Elements.xml,UTF-8 with BOM
C:\Users\taylis\source\repos\PortalApps\NBYS_WebParts\FTKHaritasiWP\FTKHaritasiWP.ascx,UTF-8 (no BOM)
C:\Users\taylis\source\repos\PortalApps\NBYS_WebParts\FTKHaritasiWP\FTKHaritasiWP.ascx.cs,UTF-8 (no BOM)
C:\Users\taylis\source\repos\PortalApps\NBYS_WebParts\FTKHaritasiWP\FTKHaritasiWP.ascx.g.cs,windows-1254
C:\Users\taylis\source\repos\PortalApps\NBYS_WebParts\FTKHaritasiWP\FTKHaritasiWP.webpart,UTF-8 with BOM
C:\Users\taylis\source\repos\PortalApps\NBYS_WebParts\FTKHaritasiWP\SharePointProjectItem.spdata,UTF-8 with BOM
C:\Users\taylis\source\repos\PortalApps\NBYS_WebParts\FTKIslemleriWP\Elements.xml,UTF-8 with BOM
C:\Users\taylis\source\repos\PortalApps\NBYS_WebParts\FTKIslemleriWP\FTKIslemleriWP.ascx,UTF-8 (no BOM)
C:\Users\taylis\source\repos\PortalApps\NBYS_WebParts\FTKIslemleriWP\FTKIslemleriWP.ascx.cs,UTF-8 (no BOM)
C:\Users\taylis\source\repos\PortalApps\NBYS_WebParts\FTKIslemleriWP\FTKIslemleriWP.ascx.g.cs,windows-1254
C:\Users\taylis\source\repos\PortalApps\NBYS_WebParts\FTKIslemleriWP\FTKIslemleriWP.webpart,UTF-8 with BOM
C:\Users\taylis\source\repos\PortalApps\NBYS_WebParts\FTKIslemleriWP\SharePointProjectItem.spdata,UTF-8 with BOM
C:\Users\taylis\source\repos\PortalApps\NBYS_WebParts\FTKKisiGirisiWP\Elements.xml,UTF-8 with BOM
C:\Users\taylis\source\repos\PortalApps\NBYS_WebParts\FTKKisiGirisiWP\FTKKisiGirisiWP.ascx,UTF-8 with BOM
C:\Users\taylis\source\repos\PortalApps\NBYS_WebParts\FTKKisiGirisiWP\FTKKisiGirisiWP.ascx.cs,UTF-8 (no BOM)
C:\Users\taylis\source\repos\PortalApps\NBYS_WebParts\FTKKisiGirisiWP\FTKKisiGirisiWP.ascx.g.cs,windows-1254
C:\Users\taylis\source\repos\PortalApps\NBYS_WebParts\FTKKisiGirisiWP\FTKKisiGirisiWP.webpart,UTF-8 with BOM
C:\Users\taylis\source\repos\PortalApps\NBYS_WebParts\FTKKisiGirisiWP\SharePointProjectItem.spdata,UTF-8 with BOM
C:\Users\taylis\source\repos\PortalApps\NBYS_WebParts\FTKKisiListesiWP\Elements.xml,UTF-8 with BOM
C:\Users\taylis\source\repos\PortalApps\NBYS_WebParts\FTKKisiListesiWP\FTKKisiListesiWP.ascx,UTF-8 (no BOM)
C:\Users\taylis\source\repos\PortalApps\NBYS_WebParts\FTKKisiListesiWP\FTKKisiListesiWP.ascx.cs,UTF-8 (no BOM)
C:\Users\taylis\source\repos\PortalApps\NBYS_WebParts\FTKKisiListesiWP\FTKKisiListesiWP.ascx.g.cs,windows-1254
C:\Users\taylis\source\repos\PortalApps\NBYS_WebParts\FTKKisiListesiWP\FTKKisiListesiWP.webpart,UTF-8 with BOM
C:\Users\taylis\source\repos\PortalApps\NBYS_WebParts\FTKKisiListesiWP\SharePointProjectItem.spdata,UTF-8 with BOM
C:\Users\taylis\source\repos\PortalApps\NBYS_WebParts\FTKKuruluOlmayanIlIlceListesiWP\Elements.xml,UTF-8 with BOM
C:\Users\taylis\source\repos\PortalApps\NBYS_WebParts\FTKKuruluOlmayanIlIlceListesiWP\FTKKuruluOlmayanIlIlceListesiWP.ascx,UTF-8 with BOM
C:\Users\taylis\source\repos\PortalApps\NBYS_WebParts\FTKKuruluOlmayanIlIlceListesiWP\FTKKuruluOlmayanIlIlceListesiWP.ascx.cs,UTF-8 (no BOM)
C:\Users\taylis\source\repos\PortalApps\NBYS_WebParts\FTKKuruluOlmayanIlIlceListesiWP\FTKKuruluOlmayanIlIlceListesiWP.ascx.g.cs,windows-1254
C:\Users\taylis\source\repos\PortalApps\NBYS_WebParts\FTKKuruluOlmayanIlIlceListesiWP\FTKKuruluOlmayanIlIlceListesiWP.webpart,UTF-8 with BOM
C:\Users\taylis\source\repos\PortalApps\NBYS_WebParts\FTKKuruluOlmayanIlIlceListesiWP\SharePointProjectItem.spdata,UTF-8 with BOM
C:\Users\taylis\source\repos\PortalApps\NBYS_WebParts\FTKListesiWP\Elements.xml,UTF-8 with BOM
C:\Users\taylis\source\repos\PortalApps\NBYS_WebParts\FTKListesiWP\FTKListesiWP.ascx,UTF-8 with BOM
C:\Users\taylis\source\repos\PortalApps\NBYS_WebParts\FTKListesiWP\FTKListesiWP.ascx.cs,UTF-8 (no BOM)
C:\Users\taylis\source\repos\PortalApps\NBYS_WebParts\FTKListesiWP\FTKListesiWP.ascx.g.cs,windows-1254
C:\Users\taylis\source\repos\PortalApps\NBYS_WebParts\FTKListesiWP\FTKListesiWP.webpart,UTF-8 with BOM
C:\Users\taylis\source\repos\PortalApps\NBYS_WebParts\FTKListesiWP\SharePointProjectItem.spdata,UTF-8 with BOM
C:\Users\taylis\source\repos\PortalApps\NBYS_WebParts\FTKYazilariWP\Elements.xml,UTF-8 with BOM
C:\Users\taylis\source\repos\PortalApps\NBYS_WebParts\FTKYazilariWP\FTKYazilariWP.ascx,UTF-8 with BOM
C:\Users\taylis\source\repos\PortalApps\NBYS_WebParts\FTKYazilariWP\FTKYazilariWP.ascx.cs,UTF-8 (no BOM)
C:\Users\taylis\source\repos\PortalApps\NBYS_WebParts\FTKYazilariWP\FTKYazilariWP.ascx.g.cs,UTF-8 with BOM
C:\Users\taylis\source\repos\PortalApps\NBYS_WebParts\FTKYazilariWP\FTKYazilariWP.webpart,UTF-8 with BOM
C:\Users\taylis\source\repos\PortalApps\NBYS_WebParts\FTKYazilariWP\SharePointProjectItem.spdata,UTF-8 with BOM
C:\Users\taylis\source\repos\PortalApps\NBYS_WebParts\HomeWP\Elements.xml,UTF-8 with BOM
C:\Users\taylis\source\repos\PortalApps\NBYS_WebParts\HomeWP\HomeWP.ascx,UTF-8 with BOM
C:\Users\taylis\source\repos\PortalApps\NBYS_WebParts\HomeWP\HomeWP.ascx.cs,windows-1254
C:\Users\taylis\source\repos\PortalApps\NBYS_WebParts\HomeWP\HomeWP.ascx.g.cs,UTF-8 (no BOM)
C:\Users\taylis\source\repos\PortalApps\NBYS_WebParts\HomeWP\HomeWP.webpart,UTF-8 with BOM
C:\Users\taylis\source\repos\PortalApps\NBYS_WebParts\HomeWP\SharePointProjectItem.spdata,UTF-8 with BOM
C:\Users\taylis\source\repos\PortalApps\NBYS_WebParts\key.snk,windows-1254
C:\Users\taylis\source\repos\PortalApps\NBYS_WebParts\NakitBagisciAdresListesiWP\Elements.xml,UTF-8 with BOM
C:\Users\taylis\source\repos\PortalApps\NBYS_WebParts\NakitBagisciAdresListesiWP\NakitBagisciAdresListesiWP.ascx,UTF-8 (no BOM)
C:\Users\taylis\source\repos\PortalApps\NBYS_WebParts\NakitBagisciAdresListesiWP\NakitBagisciAdresListesiWP.ascx.cs,UTF-8 (no BOM)
C:\Users\taylis\source\repos\PortalApps\NBYS_WebParts\NakitBagisciAdresListesiWP\NakitBagisciAdresListesiWP.ascx.g.cs,UTF-8 with BOM
C:\Users\taylis\source\repos\PortalApps\NBYS_WebParts\NakitBagisciAdresListesiWP\NakitBagisciAdresListesiWP.webpart,UTF-8 with BOM
C:\Users\taylis\source\repos\PortalApps\NBYS_WebParts\NakitBagisciAdresListesiWP\SharePointProjectItem.spdata,UTF-8 with BOM
C:\Users\taylis\source\repos\PortalApps\NBYS_WebParts\NakitBagisciBagislariWP\Elements.xml,UTF-8 with BOM
C:\Users\taylis\source\repos\PortalApps\NBYS_WebParts\NakitBagisciBagislariWP\NakitBagisciBagislariWP.ascx,UTF-8 (no BOM)
C:\Users\taylis\source\repos\PortalApps\NBYS_WebParts\NakitBagisciBagislariWP\NakitBagisciBagislariWP.ascx.cs,UTF-8 (no BOM)
C:\Users\taylis\source\repos\PortalApps\NBYS_WebParts\NakitBagisciBagislariWP\NakitBagisciBagislariWP.ascx.g.cs,UTF-8 with BOM
C:\Users\taylis\source\repos\PortalApps\NBYS_WebParts\NakitBagisciBagislariWP\NakitBagisciBagislariWP.webpart,UTF-8 with BOM
C:\Users\taylis\source\repos\PortalApps\NBYS_WebParts\NakitBagisciBagislariWP\SharePointProjectItem.spdata,UTF-8 with BOM
C:\Users\taylis\source\repos\PortalApps\NBYS_WebParts\NakitBagisciBirlestirmeWP\Elements.xml,UTF-8 with BOM
C:\Users\taylis\source\repos\PortalApps\NBYS_WebParts\NakitBagisciBirlestirmeWP\NakitBagisciBirlestirmeWP.ascx,UTF-8 (no BOM)
C:\Users\taylis\source\repos\PortalApps\NBYS_WebParts\NakitBagisciBirlestirmeWP\NakitBagisciBirlestirmeWP.ascx.cs,UTF-8 (no BOM)
C:\Users\taylis\source\repos\PortalApps\NBYS_WebParts\NakitBagisciBirlestirmeWP\NakitBagisciBirlestirmeWP.ascx.g.cs,UTF-8 with BOM
C:\Users\taylis\source\repos\PortalApps\NBYS_WebParts\NakitBagisciBirlestirmeWP\NakitBagisciBirlestirmeWP.webpart,UTF-8 with BOM
C:\Users\taylis\source\repos\PortalApps\NBYS_WebParts\NakitBagisciBirlestirmeWP\SharePointProjectItem.spdata,UTF-8 with BOM
C:\Users\taylis\source\repos\PortalApps\NBYS_WebParts\NakitBagisciBulmaWP\Elements.xml,UTF-8 with BOM
C:\Users\taylis\source\repos\PortalApps\NBYS_WebParts\NakitBagisciBulmaWP\NakitBagisciBulmaWP.ascx,UTF-8 (no BOM)
C:\Users\taylis\source\repos\PortalApps\NBYS_WebParts\NakitBagisciBulmaWP\NakitBagisciBulmaWP.ascx.cs,UTF-8 (no BOM)
C:\Users\taylis\source\repos\PortalApps\NBYS_WebParts\NakitBagisciBulmaWP\NakitBagisciBulmaWP.ascx.g.cs,UTF-8 with BOM
C:\Users\taylis\source\repos\PortalApps\NBYS_WebParts\NakitBagisciBulmaWP\NakitBagisciBulmaWP.webpart,UTF-8 with BOM
C:\Users\taylis\source\repos\PortalApps\NBYS_WebParts\NakitBagisciBulmaWP\SharePointProjectItem.spdata,UTF-8 with BOM
C:\Users\taylis\source\repos\PortalApps\NBYS_WebParts\NakitBagisciByBankaWP\Elements.xml,UTF-8 with BOM
C:\Users\taylis\source\repos\PortalApps\NBYS_WebParts\NakitBagisciByBankaWP\NakitBagisciByBankaWP.ascx,UTF-8 with BOM
C:\Users\taylis\source\repos\PortalApps\NBYS_WebParts\NakitBagisciByBankaWP\NakitBagisciByBankaWP.ascx.cs,UTF-8 (no BOM)
C:\Users\taylis\source\repos\PortalApps\NBYS_WebParts\NakitBagisciByBankaWP\NakitBagisciByBankaWP.ascx.g.cs,windows-1254
C:\Users\taylis\source\repos\PortalApps\NBYS_WebParts\NakitBagisciByBankaWP\NakitBagisciByBankaWP.webpart,UTF-8 with BOM
C:\Users\taylis\source\repos\PortalApps\NBYS_WebParts\NakitBagisciByBankaWP\SharePointProjectItem.spdata,UTF-8 with BOM
C:\Users\taylis\source\repos\PortalApps\NBYS_WebParts\NakitBagisciByTarihWP\Elements.xml,UTF-8 with BOM
C:\Users\taylis\source\repos\PortalApps\NBYS_WebParts\NakitBagisciByTarihWP\NakitBagisciByTarihWP.ascx,UTF-8 with BOM
C:\Users\taylis\source\repos\PortalApps\NBYS_WebParts\NakitBagisciByTarihWP\NakitBagisciByTarihWP.ascx.cs,UTF-8 (no BOM)
C:\Users\taylis\source\repos\PortalApps\NBYS_WebParts\NakitBagisciByTarihWP\NakitBagisciByTarihWP.ascx.g.cs,windows-1254
C:\Users\taylis\source\repos\PortalApps\NBYS_WebParts\NakitBagisciByTarihWP\NakitBagisciByTarihWP.webpart,UTF-8 with BOM
C:\Users\taylis\source\repos\PortalApps\NBYS_WebParts\NakitBagisciByTarihWP\SharePointProjectItem.spdata,UTF-8 with BOM
C:\Users\taylis\source\repos\PortalApps\NBYS_WebParts\NakitBagisciEditWP\Elements.xml,UTF-8 with BOM
C:\Users\taylis\source\repos\PortalApps\NBYS_WebParts\NakitBagisciEditWP\NakitBagisciEditWP.ascx,UTF-8 with BOM
C:\Users\taylis\source\repos\PortalApps\NBYS_WebParts\NakitBagisciEditWP\NakitBagisciEditWP.ascx.cs,UTF-8 (no BOM)
C:\Users\taylis\source\repos\PortalApps\NBYS_WebParts\NakitBagisciEditWP\NakitBagisciEditWP.ascx.g.cs,windows-1254
C:\Users\taylis\source\repos\PortalApps\NBYS_WebParts\NakitBagisciEditWP\NakitBagisciEditWP.webpart,UTF-8 with BOM
C:\Users\taylis\source\repos\PortalApps\NBYS_WebParts\NakitBagisciEditWP\SharePointProjectItem.spdata,UTF-8 with BOM
C:\Users\taylis\source\repos\PortalApps\NBYS_WebParts\NakitBagisciEslestirWP\Elements.xml,UTF-8 with BOM
C:\Users\taylis\source\repos\PortalApps\NBYS_WebParts\NakitBagisciEslestirWP\NakitBagisciEslestirWP.ascx,UTF-8 (no BOM)
C:\Users\taylis\source\repos\PortalApps\NBYS_WebParts\NakitBagisciEslestirWP\NakitBagisciEslestirWP.ascx.cs,UTF-8 (no BOM)
C:\Users\taylis\source\repos\PortalApps\NBYS_WebParts\NakitBagisciEslestirWP\NakitBagisciEslestirWP.ascx.g.cs,UTF-8 with BOM
C:\Users\taylis\source\repos\PortalApps\NBYS_WebParts\NakitBagisciEslestirWP\NakitBagisciEslestirWP.webpart,UTF-8 with BOM
C:\Users\taylis\source\repos\PortalApps\NBYS_WebParts\NakitBagisciEslestirWP\SharePointProjectItem.spdata,UTF-8 with BOM
C:\Users\taylis\source\repos\PortalApps\NBYS_WebParts\NakitBagisciListesiByYilAyWP\Elements.xml,UTF-8 with BOM
C:\Users\taylis\source\repos\PortalApps\NBYS_WebParts\NakitBagisciListesiByYilAyWP\NakitBagisciListesiByYilAyWP.ascx,UTF-8 (no BOM)
C:\Users\taylis\source\repos\PortalApps\NBYS_WebParts\NakitBagisciListesiByYilAyWP\NakitBagisciListesiByYilAyWP.ascx.cs,windows-1254
C:\Users\taylis\source\repos\PortalApps\NBYS_WebParts\NakitBagisciListesiByYilAyWP\NakitBagisciListesiByYilAyWP.ascx.g.cs,UTF-8 with BOM
C:\Users\taylis\source\repos\PortalApps\NBYS_WebParts\NakitBagisciListesiByYilAyWP\NakitBagisciListesiByYilAyWP.webpart,UTF-8 with BOM
C:\Users\taylis\source\repos\PortalApps\NBYS_WebParts\NakitBagisciListesiByYilAyWP\SharePointProjectItem.spdata,UTF-8 with BOM
C:\Users\taylis\source\repos\PortalApps\NBYS_WebParts\NakitBagisciListesiWP\Elements.xml,UTF-8 with BOM
C:\Users\taylis\source\repos\PortalApps\NBYS_WebParts\NakitBagisciListesiWP\NakitBagisciListesiWP.ascx,UTF-8 with BOM
C:\Users\taylis\source\repos\PortalApps\NBYS_WebParts\NakitBagisciListesiWP\NakitBagisciListesiWP.ascx.cs,UTF-8 (no BOM)
C:\Users\taylis\source\repos\PortalApps\NBYS_WebParts\NakitBagisciListesiWP\NakitBagisciListesiWP.ascx.g.cs,windows-1254
C:\Users\taylis\source\repos\PortalApps\NBYS_WebParts\NakitBagisciListesiWP\NakitBagisciListesiWP.webpart,UTF-8 with BOM
C:\Users\taylis\source\repos\PortalApps\NBYS_WebParts\NakitBagisciListesiWP\SharePointProjectItem.spdata,UTF-8 with BOM
C:\Users\taylis\source\repos\PortalApps\NBYS_WebParts\NakitBagisHareketSilmeWP\Elements.xml,UTF-8 with BOM
C:\Users\taylis\source\repos\PortalApps\NBYS_WebParts\NakitBagisHareketSilmeWP\NakitBagisHareketSilmeWP.ascx,UTF-8 (no BOM)
C:\Users\taylis\source\repos\PortalApps\NBYS_WebParts\NakitBagisHareketSilmeWP\NakitBagisHareketSilmeWP.ascx.cs,UTF-8 (no BOM)
C:\Users\taylis\source\repos\PortalApps\NBYS_WebParts\NakitBagisHareketSilmeWP\NakitBagisHareketSilmeWP.ascx.g.cs,UTF-8 with BOM
C:\Users\taylis\source\repos\PortalApps\NBYS_WebParts\NakitBagisHareketSilmeWP\NakitBagisHareketSilmeWP.webpart,UTF-8 with BOM
C:\Users\taylis\source\repos\PortalApps\NBYS_WebParts\NakitBagisHareketSilmeWP\SharePointProjectItem.spdata,UTF-8 with BOM
C:\Users\taylis\source\repos\PortalApps\NBYS_WebParts\NakitBagisHaritasiWP\Elements.xml,UTF-8 with BOM
C:\Users\taylis\source\repos\PortalApps\NBYS_WebParts\NakitBagisHaritasiWP\NakitBagisHaritasiWP.ascx,UTF-8 (no BOM)
C:\Users\taylis\source\repos\PortalApps\NBYS_WebParts\NakitBagisHaritasiWP\NakitBagisHaritasiWP.ascx.cs,UTF-8 (no BOM)
C:\Users\taylis\source\repos\PortalApps\NBYS_WebParts\NakitBagisHaritasiWP\NakitBagisHaritasiWP.ascx.g.cs,UTF-8 with BOM
C:\Users\taylis\source\repos\PortalApps\NBYS_WebParts\NakitBagisHaritasiWP\NakitBagisHaritasiWP.webpart,UTF-8 with BOM
C:\Users\taylis\source\repos\PortalApps\NBYS_WebParts\NakitBagisHaritasiWP\SharePointProjectItem.spdata,UTF-8 with BOM
C:\Users\taylis\source\repos\PortalApps\NBYS_WebParts\NakitBagisRaporuByBolgeWP\Elements.xml,UTF-8 with BOM
C:\Users\taylis\source\repos\PortalApps\NBYS_WebParts\NakitBagisRaporuByBolgeWP\NakitBagisRaporuByBolgeWP.ascx,UTF-8 with BOM
C:\Users\taylis\source\repos\PortalApps\NBYS_WebParts\NakitBagisRaporuByBolgeWP\NakitBagisRaporuByBolgeWP.ascx.cs,UTF-8 (no BOM)
C:\Users\taylis\source\repos\PortalApps\NBYS_WebParts\NakitBagisRaporuByBolgeWP\NakitBagisRaporuByBolgeWP.ascx.g.cs,windows-1254
C:\Users\taylis\source\repos\PortalApps\NBYS_WebParts\NakitBagisRaporuByBolgeWP\NakitBagisRaporuByBolgeWP.webpart,UTF-8 with BOM
C:\Users\taylis\source\repos\PortalApps\NBYS_WebParts\NakitBagisRaporuByBolgeWP\SharePointProjectItem.spdata,UTF-8 with BOM
C:\Users\taylis\source\repos\PortalApps\NBYS_WebParts\NakitBagisRaporuByYil_il\Elements.xml,UTF-8 with BOM
C:\Users\taylis\source\repos\PortalApps\NBYS_WebParts\NakitBagisRaporuByYil_il\NakitBagisRaporuByYil_il.ascx,UTF-8 (no BOM)
C:\Users\taylis\source\repos\PortalApps\NBYS_WebParts\NakitBagisRaporuByYil_il\NakitBagisRaporuByYil_il.ascx.cs,UTF-8 (no BOM)
C:\Users\taylis\source\repos\PortalApps\NBYS_WebParts\NakitBagisRaporuByYil_il\NakitBagisRaporuByYil_il.ascx.g.cs,UTF-8 with BOM
C:\Users\taylis\source\repos\PortalApps\NBYS_WebParts\NakitBagisRaporuByYil_il\NakitBagisRaporuByYil_il.webpart,UTF-8 with BOM
C:\Users\taylis\source\repos\PortalApps\NBYS_WebParts\NakitBagisRaporuByYil_il\SharePointProjectItem.spdata,UTF-8 with BOM
C:\Users\taylis\source\repos\PortalApps\NBYS_WebParts\NBYS_WebParts.csproj,UTF-8 (no BOM)
C:\Users\taylis\source\repos\PortalApps\NBYS_WebParts\NBYS_WebParts.csproj.user,UTF-8 (no BOM)
C:\Users\taylis\source\repos\PortalApps\NBYS_WebParts\NBYSParametreGirisiWP\Elements.xml,UTF-8 with BOM
C:\Users\taylis\source\repos\PortalApps\NBYS_WebParts\NBYSParametreGirisiWP\NBYSParametreGirisiWP.ascx,UTF-8 with BOM
C:\Users\taylis\source\repos\PortalApps\NBYS_WebParts\NBYSParametreGirisiWP\NBYSParametreGirisiWP.ascx.cs,windows-1254
C:\Users\taylis\source\repos\PortalApps\NBYS_WebParts\NBYSParametreGirisiWP\NBYSParametreGirisiWP.ascx.g.cs,windows-1254
C:\Users\taylis\source\repos\PortalApps\NBYS_WebParts\NBYSParametreGirisiWP\NBYSParametreGirisiWP.webpart,UTF-8 with BOM
C:\Users\taylis\source\repos\PortalApps\NBYS_WebParts\NBYSParametreGirisiWP\SharePointProjectItem.spdata,UTF-8 with BOM
C:\Users\taylis\source\repos\PortalApps\NBYS_WebParts\NBYSYetkilendirmeWP\Elements.xml,UTF-8 with BOM
C:\Users\taylis\source\repos\PortalApps\NBYS_WebParts\NBYSYetkilendirmeWP\NBYSYetkilendirmeWP.ascx,UTF-8 (no BOM)
C:\Users\taylis\source\repos\PortalApps\NBYS_WebParts\NBYSYetkilendirmeWP\NBYSYetkilendirmeWP.ascx.cs,UTF-8 (no BOM)
C:\Users\taylis\source\repos\PortalApps\NBYS_WebParts\NBYSYetkilendirmeWP\NBYSYetkilendirmeWP.ascx.g.cs,UTF-8 with BOM
C:\Users\taylis\source\repos\PortalApps\NBYS_WebParts\NBYSYetkilendirmeWP\NBYSYetkilendirmeWP.webpart,UTF-8 with BOM
C:\Users\taylis\source\repos\PortalApps\NBYS_WebParts\NBYSYetkilendirmeWP\SharePointProjectItem.spdata,UTF-8 with BOM
C:\Users\taylis\source\repos\PortalApps\NBYS_WebParts\Package\Package.package,UTF-8 with BOM
C:\Users\taylis\source\repos\PortalApps\NBYS_WebParts\Package\Package.Template.xml,UTF-8 with BOM
C:\Users\taylis\source\repos\PortalApps\NBYS_WebParts\packages.config,UTF-8 with BOM
C:\Users\taylis\source\repos\PortalApps\NBYS_WebParts\pkg\Debug\NBYS_WebParts\DAO.dll,windows-1254
C:\Users\taylis\source\repos\PortalApps\NBYS_WebParts\pkg\Debug\NBYS_WebParts\manifest.xml,UTF-8 with BOM
C:\Users\taylis\source\repos\PortalApps\NBYS_WebParts\pkg\Debug\NBYS_WebParts\Model.dll,windows-1254
C:\Users\taylis\source\repos\PortalApps\NBYS_WebParts\pkg\Debug\NBYS_WebParts\NBYS_WebParts.dll,windows-1254
C:\Users\taylis\source\repos\PortalApps\NBYS_WebParts\pkg\Debug\NBYS_WebParts\NBYS_WebParts_Feature1\ArmaganAraWP\ArmaganAraWP.webpart,UTF-8 with BOM
C:\Users\taylis\source\repos\PortalApps\NBYS_WebParts\pkg\Debug\NBYS_WebParts\NBYS_WebParts_Feature1\ArmaganAraWP\Elements.xml,UTF-8 with BOM
C:\Users\taylis\source\repos\PortalApps\NBYS_WebParts\pkg\Debug\NBYS_WebParts\NBYS_WebParts_Feature1\ArmaganEditWP\ArmaganEditWP.webpart,UTF-8 with BOM
C:\Users\taylis\source\repos\PortalApps\NBYS_WebParts\pkg\Debug\NBYS_WebParts\NBYS_WebParts_Feature1\ArmaganEditWP\Elements.xml,UTF-8 with BOM
C:\Users\taylis\source\repos\PortalApps\NBYS_WebParts\pkg\Debug\NBYS_WebParts\NBYS_WebParts_Feature1\ArmaganListesiWP\ArmaganListesiWP.webpart,UTF-8 with BOM
C:\Users\taylis\source\repos\PortalApps\NBYS_WebParts\pkg\Debug\NBYS_WebParts\NBYS_WebParts_Feature1\ArmaganListesiWP\Elements.xml,UTF-8 with BOM
C:\Users\taylis\source\repos\PortalApps\NBYS_WebParts\pkg\Debug\NBYS_WebParts\NBYS_WebParts_Feature1\BagisaVesileOlanArmaganBelgesiWP\BagisaVesileOlanArmaganBelgesiWP.webpart,UTF-8 with BOM
C:\Users\taylis\source\repos\PortalApps\NBYS_WebParts\pkg\Debug\NBYS_WebParts\NBYS_WebParts_Feature1\BagisaVesileOlanArmaganBelgesiWP\Elements.xml,UTF-8 with BOM
C:\Users\taylis\source\repos\PortalApps\NBYS_WebParts\pkg\Debug\NBYS_WebParts\NBYS_WebParts_Feature1\BagisaVesileOlanTesekkurGirisiWP\BagisaVesileOlanTesekkurGirisiWP.webpart,UTF-8 with BOM
C:\Users\taylis\source\repos\PortalApps\NBYS_WebParts\pkg\Debug\NBYS_WebParts\NBYS_WebParts_Feature1\BagisaVesileOlanTesekkurGirisiWP\Elements.xml,UTF-8 with BOM
C:\Users\taylis\source\repos\PortalApps\NBYS_WebParts\pkg\Debug\NBYS_WebParts\NBYS_WebParts_Feature1\BagisaVesileOlanTesekkurListesiWP\BagisaVesileOlanTesekkurListesiWP.webpart,UTF-8 with BOM
C:\Users\taylis\source\repos\PortalApps\NBYS_WebParts\pkg\Debug\NBYS_WebParts\NBYS_WebParts_Feature1\BagisaVesileOlanTesekkurListesiWP\Elements.xml,UTF-8 with BOM
C:\Users\taylis\source\repos\PortalApps\NBYS_WebParts\pkg\Debug\NBYS_WebParts\NBYS_WebParts_Feature1\BagisHareketListesiWP\BagisHareketListesiWP.webpart,UTF-8 with BOM
C:\Users\taylis\source\repos\PortalApps\NBYS_WebParts\pkg\Debug\NBYS_WebParts\NBYS_WebParts_Feature1\BagisHareketListesiWP\Elements.xml,UTF-8 with BOM
C:\Users\taylis\source\repos\PortalApps\NBYS_WebParts\pkg\Debug\NBYS_WebParts\NBYS_WebParts_Feature1\BagisIadeListesiWP\BagisIadeListesiWP.webpart,UTF-8 with BOM
C:\Users\taylis\source\repos\PortalApps\NBYS_WebParts\pkg\Debug\NBYS_WebParts\NBYS_WebParts_Feature1\BagisIadeListesiWP\Elements.xml,UTF-8 with BOM
C:\Users\taylis\source\repos\PortalApps\NBYS_WebParts\pkg\Debug\NBYS_WebParts\NBYS_WebParts_Feature1\BagisIadesiWP\BagisIadesiWP.webpart,UTF-8 with BOM
C:\Users\taylis\source\repos\PortalApps\NBYS_WebParts\pkg\Debug\NBYS_WebParts\NBYS_WebParts_Feature1\BagisIadesiWP\Elements.xml,UTF-8 with BOM
C:\Users\taylis\source\repos\PortalApps\NBYS_WebParts\pkg\Debug\NBYS_WebParts\NBYS_WebParts_Feature1\BankaDosyasiYuklemeWP\BankaDosyasiYuklemeWP.webpart,UTF-8 with BOM
C:\Users\taylis\source\repos\PortalApps\NBYS_WebParts\pkg\Debug\NBYS_WebParts\NBYS_WebParts_Feature1\BankaDosyasiYuklemeWP\Elements.xml,UTF-8 with BOM
C:\Users\taylis\source\repos\PortalApps\NBYS_WebParts\pkg\Debug\NBYS_WebParts\NBYS_WebParts_Feature1\BeratBasimiWP\BeratBasimiWP.webpart,UTF-8 with BOM
C:\Users\taylis\source\repos\PortalApps\NBYS_WebParts\pkg\Debug\NBYS_WebParts\NBYS_WebParts_Feature1\BeratBasimiWP\Elements.xml,UTF-8 with BOM
C:\Users\taylis\source\repos\PortalApps\NBYS_WebParts\pkg\Debug\NBYS_WebParts\NBYS_WebParts_Feature1\BeratBelgesiYazisiWP\BeratBelgesiYazisiWP.webpart,UTF-8 with BOM
C:\Users\taylis\source\repos\PortalApps\NBYS_WebParts\pkg\Debug\NBYS_WebParts\NBYS_WebParts_Feature1\BeratBelgesiYazisiWP\Elements.xml,UTF-8 with BOM
C:\Users\taylis\source\repos\PortalApps\NBYS_WebParts\pkg\Debug\NBYS_WebParts\NBYS_WebParts_Feature1\BolgeArmaganRaporuWP\BolgeArmaganRaporuWP.webpart,UTF-8 with BOM
C:\Users\taylis\source\repos\PortalApps\NBYS_WebParts\pkg\Debug\NBYS_WebParts\NBYS_WebParts_Feature1\BolgeArmaganRaporuWP\Elements.xml,UTF-8 with BOM
C:\Users\taylis\source\repos\PortalApps\NBYS_WebParts\pkg\Debug\NBYS_WebParts\NBYS_WebParts_Feature1\BolgelereGoreFTKRaporuWP\BolgelereGoreFTKRaporuWP.webpart,UTF-8 with BOM
C:\Users\taylis\source\repos\PortalApps\NBYS_WebParts\pkg\Debug\NBYS_WebParts\NBYS_WebParts_Feature1\BolgelereGoreFTKRaporuWP\Elements.xml,UTF-8 with BOM
C:\Users\taylis\source\repos\PortalApps\NBYS_WebParts\pkg\Debug\NBYS_WebParts\NBYS_WebParts_Feature1\CokDefaBagisYapanBagisciListesiWP\CokDefaBagisYapanBagisciListesiWP.webpart,UTF-8 with BOM
C:\Users\taylis\source\repos\PortalApps\NBYS_WebParts\pkg\Debug\NBYS_WebParts\NBYS_WebParts_Feature1\CokDefaBagisYapanBagisciListesiWP\Elements.xml,UTF-8 with BOM
C:\Users\taylis\source\repos\PortalApps\NBYS_WebParts\pkg\Debug\NBYS_WebParts\NBYS_WebParts_Feature1\DovizleYapilanBagislarWP\DovizleYapilanBagislarWP.webpart,UTF-8 with BOM
C:\Users\taylis\source\repos\PortalApps\NBYS_WebParts\pkg\Debug\NBYS_WebParts\NBYS_WebParts_Feature1\DovizleYapilanBagislarWP\Elements.xml,UTF-8 with BOM
C:\Users\taylis\source\repos\PortalApps\NBYS_WebParts\pkg\Debug\NBYS_WebParts\NBYS_WebParts_Feature1\DuzenliBagisciBelgesiBasimiWP\DuzenliBagisciBelgesiBasimiWP.webpart,UTF-8 with BOM
C:\Users\taylis\source\repos\PortalApps\NBYS_WebParts\pkg\Debug\NBYS_WebParts\NBYS_WebParts_Feature1\DuzenliBagisciBelgesiBasimiWP\Elements.xml,UTF-8 with BOM
C:\Users\taylis\source\repos\PortalApps\NBYS_WebParts\pkg\Debug\NBYS_WebParts\NBYS_WebParts_Feature1\DuzenliBagisciDosyaYuklemeWP\DuzenliBagisciDosyaYuklemeWP.webpart,UTF-8 with BOM
C:\Users\taylis\source\repos\PortalApps\NBYS_WebParts\pkg\Debug\NBYS_WebParts\NBYS_WebParts_Feature1\DuzenliBagisciDosyaYuklemeWP\Elements.xml,UTF-8 with BOM
C:\Users\taylis\source\repos\PortalApps\NBYS_WebParts\pkg\Debug\NBYS_WebParts\NBYS_WebParts_Feature1\DuzenliNakitBagisciListesiWP\DuzenliNakitBagisciListesiWP.webpart,UTF-8 with BOM
C:\Users\taylis\source\repos\PortalApps\NBYS_WebParts\pkg\Debug\NBYS_WebParts\NBYS_WebParts_Feature1\DuzenliNakitBagisciListesiWP\Elements.xml,UTF-8 with BOM
C:\Users\taylis\source\repos\PortalApps\NBYS_WebParts\pkg\Debug\NBYS_WebParts\NBYS_WebParts_Feature1\EkstreAktarmaEditWP\EkstreAktarmaEditWP.webpart,UTF-8 with BOM
C:\Users\taylis\source\repos\PortalApps\NBYS_WebParts\pkg\Debug\NBYS_WebParts\NBYS_WebParts_Feature1\EkstreAktarmaEditWP\Elements.xml,UTF-8 with BOM
C:\Users\taylis\source\repos\PortalApps\NBYS_WebParts\pkg\Debug\NBYS_WebParts\NBYS_WebParts_Feature1\EkstreListesiWP\EkstreListesiWP.webpart,UTF-8 with BOM
C:\Users\taylis\source\repos\PortalApps\NBYS_WebParts\pkg\Debug\NBYS_WebParts\NBYS_WebParts_Feature1\EkstreListesiWP\Elements.xml,UTF-8 with BOM
C:\Users\taylis\source\repos\PortalApps\NBYS_WebParts\pkg\Debug\NBYS_WebParts\NBYS_WebParts_Feature1\Feature.xml,UTF-8 with BOM
C:\Users\taylis\source\repos\PortalApps\NBYS_WebParts\pkg\Debug\NBYS_WebParts\NBYS_WebParts_Feature1\FTKFahriBaskanListesiWP\Elements.xml,UTF-8 with BOM
C:\Users\taylis\source\repos\PortalApps\NBYS_WebParts\pkg\Debug\NBYS_WebParts\NBYS_WebParts_Feature1\FTKFahriBaskanListesiWP\FTKFahriBaskanListesiWP.webpart,UTF-8 with BOM
C:\Users\taylis\source\repos\PortalApps\NBYS_WebParts\pkg\Debug\NBYS_WebParts\NBYS_WebParts_Feature1\FTKHaritasiWP\Elements.xml,UTF-8 with BOM
C:\Users\taylis\source\repos\PortalApps\NBYS_WebParts\pkg\Debug\NBYS_WebParts\NBYS_WebParts_Feature1\FTKHaritasiWP\FTKHaritasiWP.webpart,UTF-8 with BOM
C:\Users\taylis\source\repos\PortalApps\NBYS_WebParts\pkg\Debug\NBYS_WebParts\NBYS_WebParts_Feature1\FTKIslemleriWP\Elements.xml,UTF-8 with BOM
C:\Users\taylis\source\repos\PortalApps\NBYS_WebParts\pkg\Debug\NBYS_WebParts\NBYS_WebParts_Feature1\FTKIslemleriWP\FTKIslemleriWP.webpart,UTF-8 with BOM
C:\Users\taylis\source\repos\PortalApps\NBYS_WebParts\pkg\Debug\NBYS_WebParts\NBYS_WebParts_Feature1\FTKKisiGirisiWP\Elements.xml,UTF-8 with BOM
C:\Users\taylis\source\repos\PortalApps\NBYS_WebParts\pkg\Debug\NBYS_WebParts\NBYS_WebParts_Feature1\FTKKisiGirisiWP\FTKKisiGirisiWP.webpart,UTF-8 with BOM
C:\Users\taylis\source\repos\PortalApps\NBYS_WebParts\pkg\Debug\NBYS_WebParts\NBYS_WebParts_Feature1\FTKKisiListesiWP\Elements.xml,UTF-8 with BOM
C:\Users\taylis\source\repos\PortalApps\NBYS_WebParts\pkg\Debug\NBYS_WebParts\NBYS_WebParts_Feature1\FTKKisiListesiWP\FTKKisiListesiWP.webpart,UTF-8 with BOM
C:\Users\taylis\source\repos\PortalApps\NBYS_WebParts\pkg\Debug\NBYS_WebParts\NBYS_WebParts_Feature1\FTKKuruluOlmayanIlIlceListesiWP\Elements.xml,UTF-8 with BOM
C:\Users\taylis\source\repos\PortalApps\NBYS_WebParts\pkg\Debug\NBYS_WebParts\NBYS_WebParts_Feature1\FTKKuruluOlmayanIlIlceListesiWP\FTKKuruluOlmayanIlIlceListesiWP.webpart,UTF-8 with BOM
C:\Users\taylis\source\repos\PortalApps\NBYS_WebParts\pkg\Debug\NBYS_WebParts\NBYS_WebParts_Feature1\FTKListesiWP\Elements.xml,UTF-8 with BOM
C:\Users\taylis\source\repos\PortalApps\NBYS_WebParts\pkg\Debug\NBYS_WebParts\NBYS_WebParts_Feature1\FTKListesiWP\FTKListesiWP.webpart,UTF-8 with BOM
C:\Users\taylis\source\repos\PortalApps\NBYS_WebParts\pkg\Debug\NBYS_WebParts\NBYS_WebParts_Feature1\FTKYazilariWP\Elements.xml,UTF-8 with BOM
C:\Users\taylis\source\repos\PortalApps\NBYS_WebParts\pkg\Debug\NBYS_WebParts\NBYS_WebParts_Feature1\FTKYazilariWP\FTKYazilariWP.webpart,UTF-8 with BOM
C:\Users\taylis\source\repos\PortalApps\NBYS_WebParts\pkg\Debug\NBYS_WebParts\NBYS_WebParts_Feature1\HomeWP\Elements.xml,UTF-8 with BOM
C:\Users\taylis\source\repos\PortalApps\NBYS_WebParts\pkg\Debug\NBYS_WebParts\NBYS_WebParts_Feature1\HomeWP\HomeWP.webpart,UTF-8 with BOM
C:\Users\taylis\source\repos\PortalApps\NBYS_WebParts\pkg\Debug\NBYS_WebParts\NBYS_WebParts_Feature1\NakitBagisciAdresListesiWP\Elements.xml,UTF-8 with BOM
C:\Users\taylis\source\repos\PortalApps\NBYS_WebParts\pkg\Debug\NBYS_WebParts\NBYS_WebParts_Feature1\NakitBagisciAdresListesiWP\NakitBagisciAdresListesiWP.webpart,UTF-8 with BOM
C:\Users\taylis\source\repos\PortalApps\NBYS_WebParts\pkg\Debug\NBYS_WebParts\NBYS_WebParts_Feature1\NakitBagisciBagislariWP\Elements.xml,UTF-8 with BOM
C:\Users\taylis\source\repos\PortalApps\NBYS_WebParts\pkg\Debug\NBYS_WebParts\NBYS_WebParts_Feature1\NakitBagisciBagislariWP\NakitBagisciBagislariWP.webpart,UTF-8 with BOM
C:\Users\taylis\source\repos\PortalApps\NBYS_WebParts\pkg\Debug\NBYS_WebParts\NBYS_WebParts_Feature1\NakitBagisciBirlestirmeWP\Elements.xml,UTF-8 with BOM
C:\Users\taylis\source\repos\PortalApps\NBYS_WebParts\pkg\Debug\NBYS_WebParts\NBYS_WebParts_Feature1\NakitBagisciBirlestirmeWP\NakitBagisciBirlestirmeWP.webpart,UTF-8 with BOM
C:\Users\taylis\source\repos\PortalApps\NBYS_WebParts\pkg\Debug\NBYS_WebParts\NBYS_WebParts_Feature1\NakitBagisciBulmaWP\Elements.xml,UTF-8 with BOM
C:\Users\taylis\source\repos\PortalApps\NBYS_WebParts\pkg\Debug\NBYS_WebParts\NBYS_WebParts_Feature1\NakitBagisciBulmaWP\NakitBagisciBulmaWP.webpart,UTF-8 with BOM
C:\Users\taylis\source\repos\PortalApps\NBYS_WebParts\pkg\Debug\NBYS_WebParts\NBYS_WebParts_Feature1\NakitBagisciByBankaWP\Elements.xml,UTF-8 with BOM
C:\Users\taylis\source\repos\PortalApps\NBYS_WebParts\pkg\Debug\NBYS_WebParts\NBYS_WebParts_Feature1\NakitBagisciByBankaWP\NakitBagisciByBankaWP.webpart,UTF-8 with BOM
C:\Users\taylis\source\repos\PortalApps\NBYS_WebParts\pkg\Debug\NBYS_WebParts\NBYS_WebParts_Feature1\NakitBagisciByTarihWP\Elements.xml,UTF-8 with BOM
C:\Users\taylis\source\repos\PortalApps\NBYS_WebParts\pkg\Debug\NBYS_WebParts\NBYS_WebParts_Feature1\NakitBagisciByTarihWP\NakitBagisciByTarihWP.webpart,UTF-8 with BOM
C:\Users\taylis\source\repos\PortalApps\NBYS_WebParts\pkg\Debug\NBYS_WebParts\NBYS_WebParts_Feature1\NakitBagisciEditWP\Elements.xml,UTF-8 with BOM
C:\Users\taylis\source\repos\PortalApps\NBYS_WebParts\pkg\Debug\NBYS_WebParts\NBYS_WebParts_Feature1\NakitBagisciEditWP\NakitBagisciEditWP.webpart,UTF-8 with BOM
C:\Users\taylis\source\repos\PortalApps\NBYS_WebParts\pkg\Debug\NBYS_WebParts\NBYS_WebParts_Feature1\NakitBagisciEslestirWP\Elements.xml,UTF-8 with BOM
C:\Users\taylis\source\repos\PortalApps\NBYS_WebParts\pkg\Debug\NBYS_WebParts\NBYS_WebParts_Feature1\NakitBagisciEslestirWP\NakitBagisciEslestirWP.webpart,UTF-8 with BOM
C:\Users\taylis\source\repos\PortalApps\NBYS_WebParts\pkg\Debug\NBYS_WebParts\NBYS_WebParts_Feature1\NakitBagisciListesiByYilAyWP\Elements.xml,UTF-8 with BOM
C:\Users\taylis\source\repos\PortalApps\NBYS_WebParts\pkg\Debug\NBYS_WebParts\NBYS_WebParts_Feature1\NakitBagisciListesiByYilAyWP\NakitBagisciListesiByYilAyWP.webpart,UTF-8 with BOM
C:\Users\taylis\source\repos\PortalApps\NBYS_WebParts\pkg\Debug\NBYS_WebParts\NBYS_WebParts_Feature1\NakitBagisciListesiWP\Elements.xml,UTF-8 with BOM
C:\Users\taylis\source\repos\PortalApps\NBYS_WebParts\pkg\Debug\NBYS_WebParts\NBYS_WebParts_Feature1\NakitBagisciListesiWP\NakitBagisciListesiWP.webpart,UTF-8 with BOM
C:\Users\taylis\source\repos\PortalApps\NBYS_WebParts\pkg\Debug\NBYS_WebParts\NBYS_WebParts_Feature1\NakitBagisHareketSilmeWP\Elements.xml,UTF-8 with BOM
C:\Users\taylis\source\repos\PortalApps\NBYS_WebParts\pkg\Debug\NBYS_WebParts\NBYS_WebParts_Feature1\NakitBagisHareketSilmeWP\NakitBagisHareketSilmeWP.webpart,UTF-8 with BOM
C:\Users\taylis\source\repos\PortalApps\NBYS_WebParts\pkg\Debug\NBYS_WebParts\NBYS_WebParts_Feature1\NakitBagisHaritasiWP\Elements.xml,UTF-8 with BOM
C:\Users\taylis\source\repos\PortalApps\NBYS_WebParts\pkg\Debug\NBYS_WebParts\NBYS_WebParts_Feature1\NakitBagisHaritasiWP\NakitBagisHaritasiWP.webpart,UTF-8 with BOM
C:\Users\taylis\source\repos\PortalApps\NBYS_WebParts\pkg\Debug\NBYS_WebParts\NBYS_WebParts_Feature1\NakitBagisRaporuByBolgeWP\Elements.xml,UTF-8 with BOM
C:\Users\taylis\source\repos\PortalApps\NBYS_WebParts\pkg\Debug\NBYS_WebParts\NBYS_WebParts_Feature1\NakitBagisRaporuByBolgeWP\NakitBagisRaporuByBolgeWP.webpart,UTF-8 with BOM
C:\Users\taylis\source\repos\PortalApps\NBYS_WebParts\pkg\Debug\NBYS_WebParts\NBYS_WebParts_Feature1\NakitBagisRaporuByYil_il\Elements.xml,UTF-8 with BOM
C:\Users\taylis\source\repos\PortalApps\NBYS_WebParts\pkg\Debug\NBYS_WebParts\NBYS_WebParts_Feature1\NakitBagisRaporuByYil_il\NakitBagisRaporuByYil_il.webpart,UTF-8 with BOM
C:\Users\taylis\source\repos\PortalApps\NBYS_WebParts\pkg\Debug\NBYS_WebParts\NBYS_WebParts_Feature1\NBYSParametreGirisiWP\Elements.xml,UTF-8 with BOM
C:\Users\taylis\source\repos\PortalApps\NBYS_WebParts\pkg\Debug\NBYS_WebParts\NBYS_WebParts_Feature1\NBYSParametreGirisiWP\NBYSParametreGirisiWP.webpart,UTF-8 with BOM
C:\Users\taylis\source\repos\PortalApps\NBYS_WebParts\pkg\Debug\NBYS_WebParts\NBYS_WebParts_Feature1\NBYSYetkilendirmeWP\Elements.xml,UTF-8 with BOM
C:\Users\taylis\source\repos\PortalApps\NBYS_WebParts\pkg\Debug\NBYS_WebParts\NBYS_WebParts_Feature1\NBYSYetkilendirmeWP\NBYSYetkilendirmeWP.webpart,UTF-8 with BOM
C:\Users\taylis\source\repos\PortalApps\NBYS_WebParts\pkg\Debug\NBYS_WebParts\NBYS_WebParts_Feature1\SMSAylikBagisCizelgesi\Elements.xml,UTF-8 with BOM
C:\Users\taylis\source\repos\PortalApps\NBYS_WebParts\pkg\Debug\NBYS_WebParts\NBYS_WebParts_Feature1\SMSAylikBagisCizelgesi\SMSAylikBagisCizelgesi.webpart,UTF-8 with BOM
C:\Users\taylis\source\repos\PortalApps\NBYS_WebParts\pkg\Debug\NBYS_WebParts\NBYS_WebParts_Feature1\SMSAylikCizelgeReadOnlyWP\Elements.xml,UTF-8 with BOM
C:\Users\taylis\source\repos\PortalApps\NBYS_WebParts\pkg\Debug\NBYS_WebParts\NBYS_WebParts_Feature1\SMSAylikCizelgeReadOnlyWP\SMSAylikCizelgeReadOnlyWP.webpart,UTF-8 with BOM
C:\Users\taylis\source\repos\PortalApps\NBYS_WebParts\pkg\Debug\NBYS_WebParts\NBYS_WebParts_Feature1\SPDosyaListesiWP\Elements.xml,UTF-8 with BOM
C:\Users\taylis\source\repos\PortalApps\NBYS_WebParts\pkg\Debug\NBYS_WebParts\NBYS_WebParts_Feature1\SPDosyaListesiWP\SPDosyaListesiWP.webpart,UTF-8 with BOM
C:\Users\taylis\source\repos\PortalApps\NBYS_WebParts\pkg\Debug\NBYS_WebParts\NBYS_WebParts_Feature1\TasinmazArmaganListesiWP\Elements.xml,UTF-8 with BOM
C:\Users\taylis\source\repos\PortalApps\NBYS_WebParts\pkg\Debug\NBYS_WebParts\NBYS_WebParts_Feature1\TasinmazArmaganListesiWP\TasinmazArmaganListesiWP.webpart,UTF-8 with BOM
C:\Users\taylis\source\repos\PortalApps\NBYS_WebParts\pkg\Debug\NBYS_WebParts\NBYS_WebParts_Feature1\TasinmazArmaganWP\Elements.xml,UTF-8 with BOM
C:\Users\taylis\source\repos\PortalApps\NBYS_WebParts\pkg\Debug\NBYS_WebParts\NBYS_WebParts_Feature1\TasinmazArmaganWP\TasinmazArmaganWP.webpart,UTF-8 with BOM
C:\Users\taylis\source\repos\PortalApps\NBYS_WebParts\pkg\Debug\NBYS_WebParts\NBYS_WebParts_Feature1\TasinmazBagisciAdresListesiWP\Elements.xml,UTF-8 with BOM
C:\Users\taylis\source\repos\PortalApps\NBYS_WebParts\pkg\Debug\NBYS_WebParts\NBYS_WebParts_Feature1\TasinmazBagisciAdresListesiWP\TasinmazBagisciAdresListesiWP.webpart,UTF-8 with BOM
C:\Users\taylis\source\repos\PortalApps\NBYS_WebParts\pkg\Debug\NBYS_WebParts\NBYS_WebParts_Feature1\TesekkurBasimiWP\Elements.xml,UTF-8 with BOM
C:\Users\taylis\source\repos\PortalApps\NBYS_WebParts\pkg\Debug\NBYS_WebParts\NBYS_WebParts_Feature1\TesekkurBasimiWP\TesekkurBasimiWP.webpart,UTF-8 with BOM
C:\Users\taylis\source\repos\PortalApps\NBYS_WebParts\pkg\Debug\NBYS_WebParts\NBYS_WebParts_Feature1\TesekkurBelgesiYazisiWP\Elements.xml,UTF-8 with BOM
C:\Users\taylis\source\repos\PortalApps\NBYS_WebParts\pkg\Debug\NBYS_WebParts\NBYS_WebParts_Feature1\TesekkurBelgesiYazisiWP\TesekkurBelgesiYazisiWP.webpart,UTF-8 with BOM
C:\Users\taylis\source\repos\PortalApps\NBYS_WebParts\pkg\Debug\NBYS_WebParts\Utility.dll,windows-1254
C:\Users\taylis\source\repos\PortalApps\NBYS_WebParts\pkgobj\Debug\NBYS_WebParts_Feature1_Feature.xml,UTF-8 with BOM
C:\Users\taylis\source\repos\PortalApps\NBYS_WebParts\pkgobj\Debug\Package_Manifest.xml,UTF-8 with BOM
C:\Users\taylis\source\repos\PortalApps\NBYS_WebParts\pkgobj\Debug\TokenReplaceFolder\manifest.xml,UTF-8 with BOM
C:\Users\taylis\source\repos\PortalApps\NBYS_WebParts\pkgobj\Debug\TokenReplaceFolder\NBYS_WebParts_Feature1\ArmaganAraWP\ArmaganAraWP.webpart,UTF-8 with BOM
C:\Users\taylis\source\repos\PortalApps\NBYS_WebParts\pkgobj\Debug\TokenReplaceFolder\NBYS_WebParts_Feature1\ArmaganAraWP\Elements.xml,UTF-8 with BOM
C:\Users\taylis\source\repos\PortalApps\NBYS_WebParts\pkgobj\Debug\TokenReplaceFolder\NBYS_WebParts_Feature1\ArmaganEditWP\ArmaganEditWP.webpart,UTF-8 with BOM
C:\Users\taylis\source\repos\PortalApps\NBYS_WebParts\pkgobj\Debug\TokenReplaceFolder\NBYS_WebParts_Feature1\ArmaganEditWP\Elements.xml,UTF-8 with BOM
C:\Users\taylis\source\repos\PortalApps\NBYS_WebParts\pkgobj\Debug\TokenReplaceFolder\NBYS_WebParts_Feature1\ArmaganListesiWP\ArmaganListesiWP.webpart,UTF-8 with BOM
C:\Users\taylis\source\repos\PortalApps\NBYS_WebParts\pkgobj\Debug\TokenReplaceFolder\NBYS_WebParts_Feature1\ArmaganListesiWP\Elements.xml,UTF-8 with BOM
C:\Users\taylis\source\repos\PortalApps\NBYS_WebParts\pkgobj\Debug\TokenReplaceFolder\NBYS_WebParts_Feature1\BagisaVesileOlanArmaganBelgesiWP\BagisaVesileOlanArmaganBelgesiWP.webpart,UTF-8 with BOM
C:\Users\taylis\source\repos\PortalApps\NBYS_WebParts\pkgobj\Debug\TokenReplaceFolder\NBYS_WebParts_Feature1\BagisaVesileOlanArmaganBelgesiWP\Elements.xml,UTF-8 with BOM
C:\Users\taylis\source\repos\PortalApps\NBYS_WebParts\pkgobj\Debug\TokenReplaceFolder\NBYS_WebParts_Feature1\BagisaVesileOlanTesekkurGirisiWP\BagisaVesileOlanTesekkurGirisiWP.webpart,UTF-8 with BOM
C:\Users\taylis\source\repos\PortalApps\NBYS_WebParts\pkgobj\Debug\TokenReplaceFolder\NBYS_WebParts_Feature1\BagisaVesileOlanTesekkurGirisiWP\Elements.xml,UTF-8 with BOM
C:\Users\taylis\source\repos\PortalApps\NBYS_WebParts\pkgobj\Debug\TokenReplaceFolder\NBYS_WebParts_Feature1\BagisaVesileOlanTesekkurListesiWP\BagisaVesileOlanTesekkurListesiWP.webpart,UTF-8 with BOM
C:\Users\taylis\source\repos\PortalApps\NBYS_WebParts\pkgobj\Debug\TokenReplaceFolder\NBYS_WebParts_Feature1\BagisaVesileOlanTesekkurListesiWP\Elements.xml,UTF-8 with BOM
C:\Users\taylis\source\repos\PortalApps\NBYS_WebParts\pkgobj\Debug\TokenReplaceFolder\NBYS_WebParts_Feature1\BagisHareketListesiWP\BagisHareketListesiWP.webpart,UTF-8 with BOM
C:\Users\taylis\source\repos\PortalApps\NBYS_WebParts\pkgobj\Debug\TokenReplaceFolder\NBYS_WebParts_Feature1\BagisHareketListesiWP\Elements.xml,UTF-8 with BOM
C:\Users\taylis\source\repos\PortalApps\NBYS_WebParts\pkgobj\Debug\TokenReplaceFolder\NBYS_WebParts_Feature1\BagisIadeListesiWP\BagisIadeListesiWP.webpart,UTF-8 with BOM
C:\Users\taylis\source\repos\PortalApps\NBYS_WebParts\pkgobj\Debug\TokenReplaceFolder\NBYS_WebParts_Feature1\BagisIadeListesiWP\Elements.xml,UTF-8 with BOM
C:\Users\taylis\source\repos\PortalApps\NBYS_WebParts\pkgobj\Debug\TokenReplaceFolder\NBYS_WebParts_Feature1\BagisIadesiWP\BagisIadesiWP.webpart,UTF-8 with BOM
C:\Users\taylis\source\repos\PortalApps\NBYS_WebParts\pkgobj\Debug\TokenReplaceFolder\NBYS_WebParts_Feature1\BagisIadesiWP\Elements.xml,UTF-8 with BOM
C:\Users\taylis\source\repos\PortalApps\NBYS_WebParts\pkgobj\Debug\TokenReplaceFolder\NBYS_WebParts_Feature1\BankaDosyasiYuklemeWP\BankaDosyasiYuklemeWP.webpart,UTF-8 with BOM
C:\Users\taylis\source\repos\PortalApps\NBYS_WebParts\pkgobj\Debug\TokenReplaceFolder\NBYS_WebParts_Feature1\BankaDosyasiYuklemeWP\Elements.xml,UTF-8 with BOM
C:\Users\taylis\source\repos\PortalApps\NBYS_WebParts\pkgobj\Debug\TokenReplaceFolder\NBYS_WebParts_Feature1\BeratBasimiWP\BeratBasimiWP.webpart,UTF-8 with BOM
C:\Users\taylis\source\repos\PortalApps\NBYS_WebParts\pkgobj\Debug\TokenReplaceFolder\NBYS_WebParts_Feature1\BeratBasimiWP\Elements.xml,UTF-8 with BOM
C:\Users\taylis\source\repos\PortalApps\NBYS_WebParts\pkgobj\Debug\TokenReplaceFolder\NBYS_WebParts_Feature1\BeratBelgesiYazisiWP\BeratBelgesiYazisiWP.webpart,UTF-8 with BOM
C:\Users\taylis\source\repos\PortalApps\NBYS_WebParts\pkgobj\Debug\TokenReplaceFolder\NBYS_WebParts_Feature1\BeratBelgesiYazisiWP\Elements.xml,UTF-8 with BOM
C:\Users\taylis\source\repos\PortalApps\NBYS_WebParts\pkgobj\Debug\TokenReplaceFolder\NBYS_WebParts_Feature1\BolgeArmaganRaporuWP\BolgeArmaganRaporuWP.webpart,UTF-8 with BOM
C:\Users\taylis\source\repos\PortalApps\NBYS_WebParts\pkgobj\Debug\TokenReplaceFolder\NBYS_WebParts_Feature1\BolgeArmaganRaporuWP\Elements.xml,UTF-8 with BOM
C:\Users\taylis\source\repos\PortalApps\NBYS_WebParts\pkgobj\Debug\TokenReplaceFolder\NBYS_WebParts_Feature1\BolgelereGoreFTKRaporuWP\BolgelereGoreFTKRaporuWP.webpart,UTF-8 with BOM
C:\Users\taylis\source\repos\PortalApps\NBYS_WebParts\pkgobj\Debug\TokenReplaceFolder\NBYS_WebParts_Feature1\BolgelereGoreFTKRaporuWP\Elements.xml,UTF-8 with BOM
C:\Users\taylis\source\repos\PortalApps\NBYS_WebParts\pkgobj\Debug\TokenReplaceFolder\NBYS_WebParts_Feature1\CokDefaBagisYapanBagisciListesiWP\CokDefaBagisYapanBagisciListesiWP.webpart,UTF-8 with BOM
C:\Users\taylis\source\repos\PortalApps\NBYS_WebParts\pkgobj\Debug\TokenReplaceFolder\NBYS_WebParts_Feature1\CokDefaBagisYapanBagisciListesiWP\Elements.xml,UTF-8 with BOM
C:\Users\taylis\source\repos\PortalApps\NBYS_WebParts\pkgobj\Debug\TokenReplaceFolder\NBYS_WebParts_Feature1\DovizleYapilanBagislarWP\DovizleYapilanBagislarWP.webpart,UTF-8 with BOM
C:\Users\taylis\source\repos\PortalApps\NBYS_WebParts\pkgobj\Debug\TokenReplaceFolder\NBYS_WebParts_Feature1\DovizleYapilanBagislarWP\Elements.xml,UTF-8 with BOM
C:\Users\taylis\source\repos\PortalApps\NBYS_WebParts\pkgobj\Debug\TokenReplaceFolder\NBYS_WebParts_Feature1\DuzenliBagisciBelgesiBasimiWP\DuzenliBagisciBelgesiBasimiWP.webpart,UTF-8 with BOM
C:\Users\taylis\source\repos\PortalApps\NBYS_WebParts\pkgobj\Debug\TokenReplaceFolder\NBYS_WebParts_Feature1\DuzenliBagisciBelgesiBasimiWP\Elements.xml,UTF-8 with BOM
C:\Users\taylis\source\repos\PortalApps\NBYS_WebParts\pkgobj\Debug\TokenReplaceFolder\NBYS_WebParts_Feature1\DuzenliBagisciDosyaYuklemeWP\DuzenliBagisciDosyaYuklemeWP.webpart,UTF-8 with BOM
C:\Users\taylis\source\repos\PortalApps\NBYS_WebParts\pkgobj\Debug\TokenReplaceFolder\NBYS_WebParts_Feature1\DuzenliBagisciDosyaYuklemeWP\Elements.xml,UTF-8 with BOM
C:\Users\taylis\source\repos\PortalApps\NBYS_WebParts\pkgobj\Debug\TokenReplaceFolder\NBYS_WebParts_Feature1\DuzenliNakitBagisciListesiWP\DuzenliNakitBagisciListesiWP.webpart,UTF-8 with BOM
C:\Users\taylis\source\repos\PortalApps\NBYS_WebParts\pkgobj\Debug\TokenReplaceFolder\NBYS_WebParts_Feature1\DuzenliNakitBagisciListesiWP\Elements.xml,UTF-8 with BOM
C:\Users\taylis\source\repos\PortalApps\NBYS_WebParts\pkgobj\Debug\TokenReplaceFolder\NBYS_WebParts_Feature1\EkstreAktarmaEditWP\EkstreAktarmaEditWP.webpart,UTF-8 with BOM
C:\Users\taylis\source\repos\PortalApps\NBYS_WebParts\pkgobj\Debug\TokenReplaceFolder\NBYS_WebParts_Feature1\EkstreAktarmaEditWP\Elements.xml,UTF-8 with BOM
C:\Users\taylis\source\repos\PortalApps\NBYS_WebParts\pkgobj\Debug\TokenReplaceFolder\NBYS_WebParts_Feature1\EkstreListesiWP\EkstreListesiWP.webpart,UTF-8 with BOM
C:\Users\taylis\source\repos\PortalApps\NBYS_WebParts\pkgobj\Debug\TokenReplaceFolder\NBYS_WebParts_Feature1\EkstreListesiWP\Elements.xml,UTF-8 with BOM
C:\Users\taylis\source\repos\PortalApps\NBYS_WebParts\pkgobj\Debug\TokenReplaceFolder\NBYS_WebParts_Feature1\Feature.xml,UTF-8 with BOM
C:\Users\taylis\source\repos\PortalApps\NBYS_WebParts\pkgobj\Debug\TokenReplaceFolder\NBYS_WebParts_Feature1\FTKFahriBaskanListesiWP\Elements.xml,UTF-8 with BOM
C:\Users\taylis\source\repos\PortalApps\NBYS_WebParts\pkgobj\Debug\TokenReplaceFolder\NBYS_WebParts_Feature1\FTKFahriBaskanListesiWP\FTKFahriBaskanListesiWP.webpart,UTF-8 with BOM
C:\Users\taylis\source\repos\PortalApps\NBYS_WebParts\pkgobj\Debug\TokenReplaceFolder\NBYS_WebParts_Feature1\FTKHaritasiWP\Elements.xml,UTF-8 with BOM
C:\Users\taylis\source\repos\PortalApps\NBYS_WebParts\pkgobj\Debug\TokenReplaceFolder\NBYS_WebParts_Feature1\FTKHaritasiWP\FTKHaritasiWP.webpart,UTF-8 with BOM
C:\Users\taylis\source\repos\PortalApps\NBYS_WebParts\pkgobj\Debug\TokenReplaceFolder\NBYS_WebParts_Feature1\FTKIslemleriWP\Elements.xml,UTF-8 with BOM
C:\Users\taylis\source\repos\PortalApps\NBYS_WebParts\pkgobj\Debug\TokenReplaceFolder\NBYS_WebParts_Feature1\FTKIslemleriWP\FTKIslemleriWP.webpart,UTF-8 with BOM
C:\Users\taylis\source\repos\PortalApps\NBYS_WebParts\pkgobj\Debug\TokenReplaceFolder\NBYS_WebParts_Feature1\FTKKisiGirisiWP\Elements.xml,UTF-8 with BOM
C:\Users\taylis\source\repos\PortalApps\NBYS_WebParts\pkgobj\Debug\TokenReplaceFolder\NBYS_WebParts_Feature1\FTKKisiGirisiWP\FTKKisiGirisiWP.webpart,UTF-8 with BOM
C:\Users\taylis\source\repos\PortalApps\NBYS_WebParts\pkgobj\Debug\TokenReplaceFolder\NBYS_WebParts_Feature1\FTKKisiListesiWP\Elements.xml,UTF-8 with BOM
C:\Users\taylis\source\repos\PortalApps\NBYS_WebParts\pkgobj\Debug\TokenReplaceFolder\NBYS_WebParts_Feature1\FTKKisiListesiWP\FTKKisiListesiWP.webpart,UTF-8 with BOM
C:\Users\taylis\source\repos\PortalApps\NBYS_WebParts\pkgobj\Debug\TokenReplaceFolder\NBYS_WebParts_Feature1\FTKKuruluOlmayanIlIlceListesiWP\Elements.xml,UTF-8 with BOM
C:\Users\taylis\source\repos\PortalApps\NBYS_WebParts\pkgobj\Debug\TokenReplaceFolder\NBYS_WebParts_Feature1\FTKKuruluOlmayanIlIlceListesiWP\FTKKuruluOlmayanIlIlceListesiWP.webpart,UTF-8 with BOM
C:\Users\taylis\source\repos\PortalApps\NBYS_WebParts\pkgobj\Debug\TokenReplaceFolder\NBYS_WebParts_Feature1\FTKListesiWP\Elements.xml,UTF-8 with BOM
C:\Users\taylis\source\repos\PortalApps\NBYS_WebParts\pkgobj\Debug\TokenReplaceFolder\NBYS_WebParts_Feature1\FTKListesiWP\FTKListesiWP.webpart,UTF-8 with BOM
C:\Users\taylis\source\repos\PortalApps\NBYS_WebParts\pkgobj\Debug\TokenReplaceFolder\NBYS_WebParts_Feature1\FTKYazilariWP\Elements.xml,UTF-8 with BOM
C:\Users\taylis\source\repos\PortalApps\NBYS_WebParts\pkgobj\Debug\TokenReplaceFolder\NBYS_WebParts_Feature1\FTKYazilariWP\FTKYazilariWP.webpart,UTF-8 with BOM
C:\Users\taylis\source\repos\PortalApps\NBYS_WebParts\pkgobj\Debug\TokenReplaceFolder\NBYS_WebParts_Feature1\HomeWP\Elements.xml,UTF-8 with BOM
C:\Users\taylis\source\repos\PortalApps\NBYS_WebParts\pkgobj\Debug\TokenReplaceFolder\NBYS_WebParts_Feature1\HomeWP\HomeWP.webpart,UTF-8 with BOM
C:\Users\taylis\source\repos\PortalApps\NBYS_WebParts\pkgobj\Debug\TokenReplaceFolder\NBYS_WebParts_Feature1\NakitBagisciAdresListesiWP\Elements.xml,UTF-8 with BOM
C:\Users\taylis\source\repos\PortalApps\NBYS_WebParts\pkgobj\Debug\TokenReplaceFolder\NBYS_WebParts_Feature1\NakitBagisciAdresListesiWP\NakitBagisciAdresListesiWP.webpart,UTF-8 with BOM
C:\Users\taylis\source\repos\PortalApps\NBYS_WebParts\pkgobj\Debug\TokenReplaceFolder\NBYS_WebParts_Feature1\NakitBagisciBagislariWP\Elements.xml,UTF-8 with BOM
C:\Users\taylis\source\repos\PortalApps\NBYS_WebParts\pkgobj\Debug\TokenReplaceFolder\NBYS_WebParts_Feature1\NakitBagisciBagislariWP\NakitBagisciBagislariWP.webpart,UTF-8 with BOM
C:\Users\taylis\source\repos\PortalApps\NBYS_WebParts\pkgobj\Debug\TokenReplaceFolder\NBYS_WebParts_Feature1\NakitBagisciBirlestirmeWP\Elements.xml,UTF-8 with BOM
C:\Users\taylis\source\repos\PortalApps\NBYS_WebParts\pkgobj\Debug\TokenReplaceFolder\NBYS_WebParts_Feature1\NakitBagisciBirlestirmeWP\NakitBagisciBirlestirmeWP.webpart,UTF-8 with BOM
C:\Users\taylis\source\repos\PortalApps\NBYS_WebParts\pkgobj\Debug\TokenReplaceFolder\NBYS_WebParts_Feature1\NakitBagisciBulmaWP\Elements.xml,UTF-8 with BOM
C:\Users\taylis\source\repos\PortalApps\NBYS_WebParts\pkgobj\Debug\TokenReplaceFolder\NBYS_WebParts_Feature1\NakitBagisciBulmaWP\NakitBagisciBulmaWP.webpart,UTF-8 with BOM
C:\Users\taylis\source\repos\PortalApps\NBYS_WebParts\pkgobj\Debug\TokenReplaceFolder\NBYS_WebParts_Feature1\NakitBagisciByBankaWP\Elements.xml,UTF-8 with BOM
C:\Users\taylis\source\repos\PortalApps\NBYS_WebParts\pkgobj\Debug\TokenReplaceFolder\NBYS_WebParts_Feature1\NakitBagisciByBankaWP\NakitBagisciByBankaWP.webpart,UTF-8 with BOM
C:\Users\taylis\source\repos\PortalApps\NBYS_WebParts\pkgobj\Debug\TokenReplaceFolder\NBYS_WebParts_Feature1\NakitBagisciByTarihWP\Elements.xml,UTF-8 with BOM
C:\Users\taylis\source\repos\PortalApps\NBYS_WebParts\pkgobj\Debug\TokenReplaceFolder\NBYS_WebParts_Feature1\NakitBagisciByTarihWP\NakitBagisciByTarihWP.webpart,UTF-8 with BOM
C:\Users\taylis\source\repos\PortalApps\NBYS_WebParts\pkgobj\Debug\TokenReplaceFolder\NBYS_WebParts_Feature1\NakitBagisciEditWP\Elements.xml,UTF-8 with BOM
C:\Users\taylis\source\repos\PortalApps\NBYS_WebParts\pkgobj\Debug\TokenReplaceFolder\NBYS_WebParts_Feature1\NakitBagisciEditWP\NakitBagisciEditWP.webpart,UTF-8 with BOM
C:\Users\taylis\source\repos\PortalApps\NBYS_WebParts\pkgobj\Debug\TokenReplaceFolder\NBYS_WebParts_Feature1\NakitBagisciEslestirWP\Elements.xml,UTF-8 with BOM
C:\Users\taylis\source\repos\PortalApps\NBYS_WebParts\pkgobj\Debug\TokenReplaceFolder\NBYS_WebParts_Feature1\NakitBagisciEslestirWP\NakitBagisciEslestirWP.webpart,UTF-8 with BOM
C:\Users\taylis\source\repos\PortalApps\NBYS_WebParts\pkgobj\Debug\TokenReplaceFolder\NBYS_WebParts_Feature1\NakitBagisciListesiByYilAyWP\Elements.xml,UTF-8 with BOM
C:\Users\taylis\source\repos\PortalApps\NBYS_WebParts\pkgobj\Debug\TokenReplaceFolder\NBYS_WebParts_Feature1\NakitBagisciListesiByYilAyWP\NakitBagisciListesiByYilAyWP.webpart,UTF-8 with BOM
C:\Users\taylis\source\repos\PortalApps\NBYS_WebParts\pkgobj\Debug\TokenReplaceFolder\NBYS_WebParts_Feature1\NakitBagisciListesiWP\Elements.xml,UTF-8 with BOM
C:\Users\taylis\source\repos\PortalApps\NBYS_WebParts\pkgobj\Debug\TokenReplaceFolder\NBYS_WebParts_Feature1\NakitBagisciListesiWP\NakitBagisciListesiWP.webpart,UTF-8 with BOM
C:\Users\taylis\source\repos\PortalApps\NBYS_WebParts\pkgobj\Debug\TokenReplaceFolder\NBYS_WebParts_Feature1\NakitBagisHareketSilmeWP\Elements.xml,UTF-8 with BOM
C:\Users\taylis\source\repos\PortalApps\NBYS_WebParts\pkgobj\Debug\TokenReplaceFolder\NBYS_WebParts_Feature1\NakitBagisHareketSilmeWP\NakitBagisHareketSilmeWP.webpart,UTF-8 with BOM
C:\Users\taylis\source\repos\PortalApps\NBYS_WebParts\pkgobj\Debug\TokenReplaceFolder\NBYS_WebParts_Feature1\NakitBagisHaritasiWP\Elements.xml,UTF-8 with BOM
C:\Users\taylis\source\repos\PortalApps\NBYS_WebParts\pkgobj\Debug\TokenReplaceFolder\NBYS_WebParts_Feature1\NakitBagisHaritasiWP\NakitBagisHaritasiWP.webpart,UTF-8 with BOM
C:\Users\taylis\source\repos\PortalApps\NBYS_WebParts\pkgobj\Debug\TokenReplaceFolder\NBYS_WebParts_Feature1\NakitBagisRaporuByBolgeWP\Elements.xml,UTF-8 with BOM
C:\Users\taylis\source\repos\PortalApps\NBYS_WebParts\pkgobj\Debug\TokenReplaceFolder\NBYS_WebParts_Feature1\NakitBagisRaporuByBolgeWP\NakitBagisRaporuByBolgeWP.webpart,UTF-8 with BOM
C:\Users\taylis\source\repos\PortalApps\NBYS_WebParts\pkgobj\Debug\TokenReplaceFolder\NBYS_WebParts_Feature1\NakitBagisRaporuByYil_il\Elements.xml,UTF-8 with BOM
C:\Users\taylis\source\repos\PortalApps\NBYS_WebParts\pkgobj\Debug\TokenReplaceFolder\NBYS_WebParts_Feature1\NakitBagisRaporuByYil_il\NakitBagisRaporuByYil_il.webpart,UTF-8 with BOM
C:\Users\taylis\source\repos\PortalApps\NBYS_WebParts\pkgobj\Debug\TokenReplaceFolder\NBYS_WebParts_Feature1\NBYSParametreGirisiWP\Elements.xml,UTF-8 with BOM
C:\Users\taylis\source\repos\PortalApps\NBYS_WebParts\pkgobj\Debug\TokenReplaceFolder\NBYS_WebParts_Feature1\NBYSParametreGirisiWP\NBYSParametreGirisiWP.webpart,UTF-8 with BOM
C:\Users\taylis\source\repos\PortalApps\NBYS_WebParts\pkgobj\Debug\TokenReplaceFolder\NBYS_WebParts_Feature1\NBYSYetkilendirmeWP\Elements.xml,UTF-8 with BOM
C:\Users\taylis\source\repos\PortalApps\NBYS_WebParts\pkgobj\Debug\TokenReplaceFolder\NBYS_WebParts_Feature1\NBYSYetkilendirmeWP\NBYSYetkilendirmeWP.webpart,UTF-8 with BOM
C:\Users\taylis\source\repos\PortalApps\NBYS_WebParts\pkgobj\Debug\TokenReplaceFolder\NBYS_WebParts_Feature1\SMSAylikBagisCizelgesi\Elements.xml,UTF-8 with BOM
C:\Users\taylis\source\repos\PortalApps\NBYS_WebParts\pkgobj\Debug\TokenReplaceFolder\NBYS_WebParts_Feature1\SMSAylikBagisCizelgesi\SMSAylikBagisCizelgesi.webpart,UTF-8 with BOM
C:\Users\taylis\source\repos\PortalApps\NBYS_WebParts\pkgobj\Debug\TokenReplaceFolder\NBYS_WebParts_Feature1\SMSAylikCizelgeReadOnlyWP\Elements.xml,UTF-8 with BOM
C:\Users\taylis\source\repos\PortalApps\NBYS_WebParts\pkgobj\Debug\TokenReplaceFolder\NBYS_WebParts_Feature1\SMSAylikCizelgeReadOnlyWP\SMSAylikCizelgeReadOnlyWP.webpart,UTF-8 with BOM
C:\Users\taylis\source\repos\PortalApps\NBYS_WebParts\pkgobj\Debug\TokenReplaceFolder\NBYS_WebParts_Feature1\SPDosyaListesiWP\Elements.xml,UTF-8 with BOM
C:\Users\taylis\source\repos\PortalApps\NBYS_WebParts\pkgobj\Debug\TokenReplaceFolder\NBYS_WebParts_Feature1\SPDosyaListesiWP\SPDosyaListesiWP.webpart,UTF-8 with BOM
C:\Users\taylis\source\repos\PortalApps\NBYS_WebParts\pkgobj\Debug\TokenReplaceFolder\NBYS_WebParts_Feature1\TasinmazArmaganListesiWP\Elements.xml,UTF-8 with BOM
C:\Users\taylis\source\repos\PortalApps\NBYS_WebParts\pkgobj\Debug\TokenReplaceFolder\NBYS_WebParts_Feature1\TasinmazArmaganListesiWP\TasinmazArmaganListesiWP.webpart,UTF-8 with BOM
C:\Users\taylis\source\repos\PortalApps\NBYS_WebParts\pkgobj\Debug\TokenReplaceFolder\NBYS_WebParts_Feature1\TasinmazArmaganWP\Elements.xml,UTF-8 with BOM
C:\Users\taylis\source\repos\PortalApps\NBYS_WebParts\pkgobj\Debug\TokenReplaceFolder\NBYS_WebParts_Feature1\TasinmazArmaganWP\TasinmazArmaganWP.webpart,UTF-8 with BOM
C:\Users\taylis\source\repos\PortalApps\NBYS_WebParts\pkgobj\Debug\TokenReplaceFolder\NBYS_WebParts_Feature1\TasinmazBagisciAdresListesiWP\Elements.xml,UTF-8 with BOM
C:\Users\taylis\source\repos\PortalApps\NBYS_WebParts\pkgobj\Debug\TokenReplaceFolder\NBYS_WebParts_Feature1\TasinmazBagisciAdresListesiWP\TasinmazBagisciAdresListesiWP.webpart,UTF-8 with BOM
C:\Users\taylis\source\repos\PortalApps\NBYS_WebParts\pkgobj\Debug\TokenReplaceFolder\NBYS_WebParts_Feature1\TesekkurBasimiWP\Elements.xml,UTF-8 with BOM
C:\Users\taylis\source\repos\PortalApps\NBYS_WebParts\pkgobj\Debug\TokenReplaceFolder\NBYS_WebParts_Feature1\TesekkurBasimiWP\TesekkurBasimiWP.webpart,UTF-8 with BOM
C:\Users\taylis\source\repos\PortalApps\NBYS_WebParts\pkgobj\Debug\TokenReplaceFolder\NBYS_WebParts_Feature1\TesekkurBelgesiYazisiWP\Elements.xml,UTF-8 with BOM
C:\Users\taylis\source\repos\PortalApps\NBYS_WebParts\pkgobj\Debug\TokenReplaceFolder\NBYS_WebParts_Feature1\TesekkurBelgesiYazisiWP\TesekkurBelgesiYazisiWP.webpart,UTF-8 with BOM
C:\Users\taylis\source\repos\PortalApps\NBYS_WebParts\Properties\AssemblyInfo.cs,windows-1254
C:\Users\taylis\source\repos\PortalApps\NBYS_WebParts\SharePointProjectItem.spdata,UTF-8 (no BOM)
C:\Users\taylis\source\repos\PortalApps\NBYS_WebParts\SMSAylikBagisCizelgesi\Elements.xml,UTF-8 with BOM
C:\Users\taylis\source\repos\PortalApps\NBYS_WebParts\SMSAylikBagisCizelgesi\SharePointProjectItem.spdata,UTF-8 with BOM
C:\Users\taylis\source\repos\PortalApps\NBYS_WebParts\SMSAylikBagisCizelgesi\SMSAylikBagisCizelgesi.ascx,UTF-8 (no BOM)
C:\Users\taylis\source\repos\PortalApps\NBYS_WebParts\SMSAylikBagisCizelgesi\SMSAylikBagisCizelgesi.ascx.cs,windows-1254
C:\Users\taylis\source\repos\PortalApps\NBYS_WebParts\SMSAylikBagisCizelgesi\SMSAylikBagisCizelgesi.ascx.g.cs,UTF-8 with BOM
C:\Users\taylis\source\repos\PortalApps\NBYS_WebParts\SMSAylikBagisCizelgesi\SMSAylikBagisCizelgesi.webpart,UTF-8 with BOM
C:\Users\taylis\source\repos\PortalApps\NBYS_WebParts\SMSAylikCizelgeReadOnlyWP\Elements.xml,UTF-8 with BOM
C:\Users\taylis\source\repos\PortalApps\NBYS_WebParts\SMSAylikCizelgeReadOnlyWP\SharePointProjectItem.spdata,UTF-8 with BOM
C:\Users\taylis\source\repos\PortalApps\NBYS_WebParts\SMSAylikCizelgeReadOnlyWP\SMSAylikCizelgeReadOnlyWP.ascx,UTF-8 (no BOM)
C:\Users\taylis\source\repos\PortalApps\NBYS_WebParts\SMSAylikCizelgeReadOnlyWP\SMSAylikCizelgeReadOnlyWP.ascx.cs,windows-1254
C:\Users\taylis\source\repos\PortalApps\NBYS_WebParts\SMSAylikCizelgeReadOnlyWP\SMSAylikCizelgeReadOnlyWP.ascx.g.cs,UTF-8 with BOM
C:\Users\taylis\source\repos\PortalApps\NBYS_WebParts\SMSAylikCizelgeReadOnlyWP\SMSAylikCizelgeReadOnlyWP.webpart,UTF-8 with BOM
C:\Users\taylis\source\repos\PortalApps\NBYS_WebParts\SPDosyaListesiWP\Elements.xml,UTF-8 with BOM
C:\Users\taylis\source\repos\PortalApps\NBYS_WebParts\SPDosyaListesiWP\SharePointProjectItem.spdata,UTF-8 with BOM
C:\Users\taylis\source\repos\PortalApps\NBYS_WebParts\SPDosyaListesiWP\SPDosyaListesiWP.ascx,UTF-8 with BOM
C:\Users\taylis\source\repos\PortalApps\NBYS_WebParts\SPDosyaListesiWP\SPDosyaListesiWP.ascx.cs,windows-1254
C:\Users\taylis\source\repos\PortalApps\NBYS_WebParts\SPDosyaListesiWP\SPDosyaListesiWP.ascx.g.cs,windows-1254
C:\Users\taylis\source\repos\PortalApps\NBYS_WebParts\SPDosyaListesiWP\SPDosyaListesiWP.webpart,UTF-8 with BOM
C:\Users\taylis\source\repos\PortalApps\NBYS_WebParts\TasinmazArmaganListesiWP\Elements.xml,UTF-8 with BOM
C:\Users\taylis\source\repos\PortalApps\NBYS_WebParts\TasinmazArmaganListesiWP\SharePointProjectItem.spdata,UTF-8 with BOM
C:\Users\taylis\source\repos\PortalApps\NBYS_WebParts\TasinmazArmaganListesiWP\TasinmazArmaganListesiWP.ascx,UTF-8 (no BOM)
C:\Users\taylis\source\repos\PortalApps\NBYS_WebParts\TasinmazArmaganListesiWP\TasinmazArmaganListesiWP.ascx.cs,UTF-8 (no BOM)
C:\Users\taylis\source\repos\PortalApps\NBYS_WebParts\TasinmazArmaganListesiWP\TasinmazArmaganListesiWP.ascx.g.cs,UTF-8 with BOM
C:\Users\taylis\source\repos\PortalApps\NBYS_WebParts\TasinmazArmaganListesiWP\TasinmazArmaganListesiWP.webpart,UTF-8 with BOM
C:\Users\taylis\source\repos\PortalApps\NBYS_WebParts\TasinmazArmaganWP\Elements.xml,UTF-8 with BOM
C:\Users\taylis\source\repos\PortalApps\NBYS_WebParts\TasinmazArmaganWP\SharePointProjectItem.spdata,UTF-8 with BOM
C:\Users\taylis\source\repos\PortalApps\NBYS_WebParts\TasinmazArmaganWP\TasinmazArmaganWP.ascx,UTF-8 (no BOM)
C:\Users\taylis\source\repos\PortalApps\NBYS_WebParts\TasinmazArmaganWP\TasinmazArmaganWP.ascx.cs,UTF-8 (no BOM)
C:\Users\taylis\source\repos\PortalApps\NBYS_WebParts\TasinmazArmaganWP\TasinmazArmaganWP.ascx.g.cs,UTF-8 with BOM
C:\Users\taylis\source\repos\PortalApps\NBYS_WebParts\TasinmazArmaganWP\TasinmazArmaganWP.webpart,UTF-8 with BOM
C:\Users\taylis\source\repos\PortalApps\NBYS_WebParts\TasinmazBagisciAdresListesiWP\Elements.xml,UTF-8 with BOM
C:\Users\taylis\source\repos\PortalApps\NBYS_WebParts\TasinmazBagisciAdresListesiWP\SharePointProjectItem.spdata,UTF-8 with BOM
C:\Users\taylis\source\repos\PortalApps\NBYS_WebParts\TasinmazBagisciAdresListesiWP\TasinmazBagisciAdresListesiWP.ascx,UTF-8 (no BOM)
C:\Users\taylis\source\repos\PortalApps\NBYS_WebParts\TasinmazBagisciAdresListesiWP\TasinmazBagisciAdresListesiWP.ascx.cs,UTF-8 (no BOM)
C:\Users\taylis\source\repos\PortalApps\NBYS_WebParts\TasinmazBagisciAdresListesiWP\TasinmazBagisciAdresListesiWP.ascx.g.cs,UTF-8 with BOM
C:\Users\taylis\source\repos\PortalApps\NBYS_WebParts\TasinmazBagisciAdresListesiWP\TasinmazBagisciAdresListesiWP.webpart,UTF-8 with BOM
C:\Users\taylis\source\repos\PortalApps\NBYS_WebParts\TesekkurBasimiWP\Elements.xml,UTF-8 with BOM
C:\Users\taylis\source\repos\PortalApps\NBYS_WebParts\TesekkurBasimiWP\SharePointProjectItem.spdata,UTF-8 with BOM
C:\Users\taylis\source\repos\PortalApps\NBYS_WebParts\TesekkurBasimiWP\TesekkurBasimiWP.ascx,UTF-8 with BOM
C:\Users\taylis\source\repos\PortalApps\NBYS_WebParts\TesekkurBasimiWP\TesekkurBasimiWP.ascx.cs,UTF-8 (no BOM)
C:\Users\taylis\source\repos\PortalApps\NBYS_WebParts\TesekkurBasimiWP\TesekkurBasimiWP.ascx.g.cs,windows-1254
C:\Users\taylis\source\repos\PortalApps\NBYS_WebParts\TesekkurBasimiWP\TesekkurBasimiWP.webpart,UTF-8 with BOM
C:\Users\taylis\source\repos\PortalApps\NBYS_WebParts\TesekkurBelgesiYazisiWP\Elements.xml,UTF-8 with BOM
C:\Users\taylis\source\repos\PortalApps\NBYS_WebParts\TesekkurBelgesiYazisiWP\SharePointProjectItem.spdata,UTF-8 with BOM
C:\Users\taylis\source\repos\PortalApps\NBYS_WebParts\TesekkurBelgesiYazisiWP\TesekkurBelgesiYazisiWP.ascx,UTF-8 with BOM
C:\Users\taylis\source\repos\PortalApps\NBYS_WebParts\TesekkurBelgesiYazisiWP\TesekkurBelgesiYazisiWP.ascx.cs,UTF-8 (no BOM)
C:\Users\taylis\source\repos\PortalApps\NBYS_WebParts\TesekkurBelgesiYazisiWP\TesekkurBelgesiYazisiWP.ascx.g.cs,windows-1254
C:\Users\taylis\source\repos\PortalApps\NBYS_WebParts\TesekkurBelgesiYazisiWP\TesekkurBelgesiYazisiWP.webpart,UTF-8 with BOM
C:\Users\taylis\source\repos\PortalApps\Portal_WebParts\app.config,UTF-8 with BOM
C:\Users\taylis\source\repos\PortalApps\Portal_WebParts\DuyuruGirisiWP\DuyuruGirisiWP.ascx,UTF-8 with BOM
C:\Users\taylis\source\repos\PortalApps\Portal_WebParts\DuyuruGirisiWP\DuyuruGirisiWP.ascx.cs,windows-1254
C:\Users\taylis\source\repos\PortalApps\Portal_WebParts\DuyuruGirisiWP\DuyuruGirisiWP.ascx.g.cs,windows-1254
C:\Users\taylis\source\repos\PortalApps\Portal_WebParts\DuyuruGirisiWP\DuyuruGirisiWP.webpart,UTF-8 with BOM
C:\Users\taylis\source\repos\PortalApps\Portal_WebParts\DuyuruGirisiWP\Elements.xml,UTF-8 with BOM
C:\Users\taylis\source\repos\PortalApps\Portal_WebParts\DuyuruGirisiWP\SharePointProjectItem.spdata,UTF-8 with BOM
C:\Users\taylis\source\repos\PortalApps\Portal_WebParts\DuyuruListesiWP\DuyuruListesiWP.ascx,UTF-8 with BOM
C:\Users\taylis\source\repos\PortalApps\Portal_WebParts\DuyuruListesiWP\DuyuruListesiWP.ascx.cs,windows-1254
C:\Users\taylis\source\repos\PortalApps\Portal_WebParts\DuyuruListesiWP\DuyuruListesiWP.ascx.g.cs,UTF-8 (no BOM)
C:\Users\taylis\source\repos\PortalApps\Portal_WebParts\DuyuruListesiWP\DuyuruListesiWP.webpart,UTF-8 with BOM
C:\Users\taylis\source\repos\PortalApps\Portal_WebParts\DuyuruListesiWP\Elements.xml,UTF-8 with BOM
C:\Users\taylis\source\repos\PortalApps\Portal_WebParts\DuyuruListesiWP\SharePointProjectItem.spdata,UTF-8 with BOM
C:\Users\taylis\source\repos\PortalApps\Portal_WebParts\DuyuruPopupWP\DuyuruPopupWP.ascx,UTF-8 with BOM
C:\Users\taylis\source\repos\PortalApps\Portal_WebParts\DuyuruPopupWP\DuyuruPopupWP.ascx.cs,windows-1254
C:\Users\taylis\source\repos\PortalApps\Portal_WebParts\DuyuruPopupWP\DuyuruPopupWP.ascx.g.cs,windows-1254
C:\Users\taylis\source\repos\PortalApps\Portal_WebParts\DuyuruPopupWP\DuyuruPopupWP.webpart,UTF-8 with BOM
C:\Users\taylis\source\repos\PortalApps\Portal_WebParts\DuyuruPopupWP\Elements.xml,UTF-8 with BOM
C:\Users\taylis\source\repos\PortalApps\Portal_WebParts\DuyuruPopupWP\SharePointProjectItem.spdata,UTF-8 with BOM
C:\Users\taylis\source\repos\PortalApps\Portal_WebParts\DuyuruPopupWP\TextArea.cs,UTF-8 (no BOM)
C:\Users\taylis\source\repos\PortalApps\Portal_WebParts\Features\Feature1\Feature1.feature,UTF-8 with BOM
C:\Users\taylis\source\repos\PortalApps\Portal_WebParts\Features\Feature1\Feature1.Template.xml,UTF-8 with BOM
C:\Users\taylis\source\repos\PortalApps\Portal_WebParts\GunlukNobetcilerMoveWP\Elements.xml,UTF-8 with BOM
C:\Users\taylis\source\repos\PortalApps\Portal_WebParts\GunlukNobetcilerMoveWP\GunlukNobetcilerMoveWP.ascx,UTF-8 with BOM
C:\Users\taylis\source\repos\PortalApps\Portal_WebParts\GunlukNobetcilerMoveWP\GunlukNobetcilerMoveWP.ascx.cs,windows-1254
C:\Users\taylis\source\repos\PortalApps\Portal_WebParts\GunlukNobetcilerMoveWP\GunlukNobetcilerMoveWP.ascx.g.cs,windows-1254
C:\Users\taylis\source\repos\PortalApps\Portal_WebParts\GunlukNobetcilerMoveWP\GunlukNobetcilerMoveWP.webpart,UTF-8 with BOM
C:\Users\taylis\source\repos\PortalApps\Portal_WebParts\GunlukNobetcilerMoveWP\SharePointProjectItem.spdata,UTF-8 with BOM
C:\Users\taylis\source\repos\PortalApps\Portal_WebParts\GunlukYemekListesiMoveWP\Elements.xml,UTF-8 with BOM
C:\Users\taylis\source\repos\PortalApps\Portal_WebParts\GunlukYemekListesiMoveWP\GunlukYemekListesiMoveWP.ascx,UTF-8 with BOM
C:\Users\taylis\source\repos\PortalApps\Portal_WebParts\GunlukYemekListesiMoveWP\GunlukYemekListesiMoveWP.ascx.cs,windows-1254
C:\Users\taylis\source\repos\PortalApps\Portal_WebParts\GunlukYemekListesiMoveWP\GunlukYemekListesiMoveWP.ascx.g.cs,windows-1254
C:\Users\taylis\source\repos\PortalApps\Portal_WebParts\GunlukYemekListesiMoveWP\GunlukYemekListesiMoveWP.webpart,UTF-8 with BOM
C:\Users\taylis\source\repos\PortalApps\Portal_WebParts\GunlukYemekListesiMoveWP\SharePointProjectItem.spdata,UTF-8 with BOM
C:\Users\taylis\source\repos\PortalApps\Portal_WebParts\GununSozuWP\Elements.xml,UTF-8 with BOM
C:\Users\taylis\source\repos\PortalApps\Portal_WebParts\GununSozuWP\GununSozuWP.ascx,UTF-8 with BOM
C:\Users\taylis\source\repos\PortalApps\Portal_WebParts\GununSozuWP\GununSozuWP.ascx.cs,windows-1254
C:\Users\taylis\source\repos\PortalApps\Portal_WebParts\GununSozuWP\GununSozuWP.ascx.g.cs,windows-1254
C:\Users\taylis\source\repos\PortalApps\Portal_WebParts\GununSozuWP\GununSozuWP.webpart,UTF-8 with BOM
C:\Users\taylis\source\repos\PortalApps\Portal_WebParts\GununSozuWP\SharePointProjectItem.spdata,UTF-8 with BOM
C:\Users\taylis\source\repos\PortalApps\Portal_WebParts\key.snk,windows-1254
C:\Users\taylis\source\repos\PortalApps\Portal_WebParts\KutlamaMoveWP\Elements.xml,UTF-8 with BOM
C:\Users\taylis\source\repos\PortalApps\Portal_WebParts\KutlamaMoveWP\KutlamaMoveWP.ascx,UTF-8 with BOM
C:\Users\taylis\source\repos\PortalApps\Portal_WebParts\KutlamaMoveWP\KutlamaMoveWP.ascx.cs,windows-1254
C:\Users\taylis\source\repos\PortalApps\Portal_WebParts\KutlamaMoveWP\KutlamaMoveWP.ascx.g.cs,windows-1254
C:\Users\taylis\source\repos\PortalApps\Portal_WebParts\KutlamaMoveWP\KutlamaMoveWP.webpart,UTF-8 with BOM
C:\Users\taylis\source\repos\PortalApps\Portal_WebParts\KutlamaMoveWP\SharePointProjectItem.spdata,UTF-8 with BOM
C:\Users\taylis\source\repos\PortalApps\Portal_WebParts\OlayListesiWP\Elements.xml,UTF-8 with BOM
C:\Users\taylis\source\repos\PortalApps\Portal_WebParts\OlayListesiWP\OlayListesiWP.ascx,UTF-8 with BOM
C:\Users\taylis\source\repos\PortalApps\Portal_WebParts\OlayListesiWP\OlayListesiWP.ascx.cs,windows-1254
C:\Users\taylis\source\repos\PortalApps\Portal_WebParts\OlayListesiWP\OlayListesiWP.ascx.g.cs,windows-1254
C:\Users\taylis\source\repos\PortalApps\Portal_WebParts\OlayListesiWP\OlayListesiWP.webpart,UTF-8 with BOM
C:\Users\taylis\source\repos\PortalApps\Portal_WebParts\OlayListesiWP\SharePointProjectItem.spdata,UTF-8 with BOM
C:\Users\taylis\source\repos\PortalApps\Portal_WebParts\Package\Package.package,UTF-8 with BOM
C:\Users\taylis\source\repos\PortalApps\Portal_WebParts\Package\Package.Template.xml,UTF-8 with BOM
C:\Users\taylis\source\repos\PortalApps\Portal_WebParts\packages.config,UTF-8 with BOM
C:\Users\taylis\source\repos\PortalApps\Portal_WebParts\pkg\Debug\Portal_WebParts\DAO.dll,windows-1254
C:\Users\taylis\source\repos\PortalApps\Portal_WebParts\pkg\Debug\Portal_WebParts\manifest.xml,UTF-8 with BOM
C:\Users\taylis\source\repos\PortalApps\Portal_WebParts\pkg\Debug\Portal_WebParts\Model.dll,windows-1254
C:\Users\taylis\source\repos\PortalApps\Portal_WebParts\pkg\Debug\Portal_WebParts\Portal_WebParts.dll,windows-1254
C:\Users\taylis\source\repos\PortalApps\Portal_WebParts\pkg\Debug\Portal_WebParts\Portal_WebParts_Feature1\DuyuruGirisiWP\DuyuruGirisiWP.webpart,UTF-8 with BOM
C:\Users\taylis\source\repos\PortalApps\Portal_WebParts\pkg\Debug\Portal_WebParts\Portal_WebParts_Feature1\DuyuruGirisiWP\Elements.xml,UTF-8 with BOM
C:\Users\taylis\source\repos\PortalApps\Portal_WebParts\pkg\Debug\Portal_WebParts\Portal_WebParts_Feature1\DuyuruListesiWP\DuyuruListesiWP.webpart,UTF-8 with BOM
C:\Users\taylis\source\repos\PortalApps\Portal_WebParts\pkg\Debug\Portal_WebParts\Portal_WebParts_Feature1\DuyuruListesiWP\Elements.xml,UTF-8 with BOM
C:\Users\taylis\source\repos\PortalApps\Portal_WebParts\pkg\Debug\Portal_WebParts\Portal_WebParts_Feature1\DuyuruPopupWP\DuyuruPopupWP.webpart,UTF-8 with BOM
C:\Users\taylis\source\repos\PortalApps\Portal_WebParts\pkg\Debug\Portal_WebParts\Portal_WebParts_Feature1\DuyuruPopupWP\Elements.xml,UTF-8 with BOM
C:\Users\taylis\source\repos\PortalApps\Portal_WebParts\pkg\Debug\Portal_WebParts\Portal_WebParts_Feature1\Feature.xml,UTF-8 with BOM
C:\Users\taylis\source\repos\PortalApps\Portal_WebParts\pkg\Debug\Portal_WebParts\Portal_WebParts_Feature1\GunlukNobetcilerMoveWP\Elements.xml,UTF-8 with BOM
C:\Users\taylis\source\repos\PortalApps\Portal_WebParts\pkg\Debug\Portal_WebParts\Portal_WebParts_Feature1\GunlukNobetcilerMoveWP\GunlukNobetcilerMoveWP.webpart,UTF-8 with BOM
C:\Users\taylis\source\repos\PortalApps\Portal_WebParts\pkg\Debug\Portal_WebParts\Portal_WebParts_Feature1\GunlukYemekListesiMoveWP\Elements.xml,UTF-8 with BOM
C:\Users\taylis\source\repos\PortalApps\Portal_WebParts\pkg\Debug\Portal_WebParts\Portal_WebParts_Feature1\GunlukYemekListesiMoveWP\GunlukYemekListesiMoveWP.webpart,UTF-8 with BOM
C:\Users\taylis\source\repos\PortalApps\Portal_WebParts\pkg\Debug\Portal_WebParts\Portal_WebParts_Feature1\GununSozuWP\Elements.xml,UTF-8 with BOM
C:\Users\taylis\source\repos\PortalApps\Portal_WebParts\pkg\Debug\Portal_WebParts\Portal_WebParts_Feature1\GununSozuWP\GununSozuWP.webpart,UTF-8 with BOM
C:\Users\taylis\source\repos\PortalApps\Portal_WebParts\pkg\Debug\Portal_WebParts\Portal_WebParts_Feature1\KutlamaMoveWP\Elements.xml,UTF-8 with BOM
C:\Users\taylis\source\repos\PortalApps\Portal_WebParts\pkg\Debug\Portal_WebParts\Portal_WebParts_Feature1\KutlamaMoveWP\KutlamaMoveWP.webpart,UTF-8 with BOM
C:\Users\taylis\source\repos\PortalApps\Portal_WebParts\pkg\Debug\Portal_WebParts\Portal_WebParts_Feature1\OlayListesiWP\Elements.xml,UTF-8 with BOM
C:\Users\taylis\source\repos\PortalApps\Portal_WebParts\pkg\Debug\Portal_WebParts\Portal_WebParts_Feature1\OlayListesiWP\OlayListesiWP.webpart,UTF-8 with BOM
C:\Users\taylis\source\repos\PortalApps\Portal_WebParts\pkg\Debug\Portal_WebParts\Portal_WebParts_Feature1\ToplantiGirisiWP\Elements.xml,UTF-8 with BOM
C:\Users\taylis\source\repos\PortalApps\Portal_WebParts\pkg\Debug\Portal_WebParts\Portal_WebParts_Feature1\ToplantiGirisiWP\ToplantiGirisiWP.webpart,UTF-8 with BOM
C:\Users\taylis\source\repos\PortalApps\Portal_WebParts\pkg\Debug\Portal_WebParts\Portal_WebParts_Feature1\ToplantiKatilimTutanagiWP\Elements.xml,UTF-8 with BOM
C:\Users\taylis\source\repos\PortalApps\Portal_WebParts\pkg\Debug\Portal_WebParts\Portal_WebParts_Feature1\ToplantiKatilimTutanagiWP\ToplantiKatilimTutanagiWP.webpart,UTF-8 with BOM
C:\Users\taylis\source\repos\PortalApps\Portal_WebParts\pkg\Debug\Portal_WebParts\Portal_WebParts_Feature1\ToplantiListesiWP\Elements.xml,UTF-8 with BOM
C:\Users\taylis\source\repos\PortalApps\Portal_WebParts\pkg\Debug\Portal_WebParts\Portal_WebParts_Feature1\ToplantiListesiWP\ToplantiListesiWP.webpart,UTF-8 with BOM
C:\Users\taylis\source\repos\PortalApps\Portal_WebParts\pkg\Debug\Portal_WebParts\Portal_WebParts_Feature1\ToplantiParametreGirisiWP\Elements.xml,UTF-8 with BOM
C:\Users\taylis\source\repos\PortalApps\Portal_WebParts\pkg\Debug\Portal_WebParts\Portal_WebParts_Feature1\ToplantiParametreGirisiWP\ToplantiParametreGirisiWP.webpart,UTF-8 with BOM
C:\Users\taylis\source\repos\PortalApps\Portal_WebParts\pkg\Debug\Portal_WebParts\Portal_WebParts_Feature1\ToplantiViewerWP\Elements.xml,UTF-8 with BOM
C:\Users\taylis\source\repos\PortalApps\Portal_WebParts\pkg\Debug\Portal_WebParts\Portal_WebParts_Feature1\ToplantiViewerWP\ToplantiViewerWP.webpart,UTF-8 with BOM
C:\Users\taylis\source\repos\PortalApps\Portal_WebParts\pkg\Debug\Portal_WebParts\Portal_WebParts_Feature1\WebPartSearchWP\Elements.xml,UTF-8 with BOM
C:\Users\taylis\source\repos\PortalApps\Portal_WebParts\pkg\Debug\Portal_WebParts\Portal_WebParts_Feature1\WebPartSearchWP\WebPartSearchWP.webpart,UTF-8 with BOM
C:\Users\taylis\source\repos\PortalApps\Portal_WebParts\pkg\Debug\Portal_WebParts\Portal_WebParts_Feature1\YoneticiOzetiWP\Elements.xml,UTF-8 with BOM
C:\Users\taylis\source\repos\PortalApps\Portal_WebParts\pkg\Debug\Portal_WebParts\Portal_WebParts_Feature1\YoneticiOzetiWP\YoneticiOzetiWP.webpart,UTF-8 with BOM
C:\Users\taylis\source\repos\PortalApps\Portal_WebParts\pkg\Debug\Portal_WebParts\Utility.dll,windows-1254
C:\Users\taylis\source\repos\PortalApps\Portal_WebParts\pkgobj\Debug\Package_Manifest.xml,UTF-8 with BOM
C:\Users\taylis\source\repos\PortalApps\Portal_WebParts\pkgobj\Debug\Portal_WebParts_Feature1_Feature.xml,UTF-8 with BOM
C:\Users\taylis\source\repos\PortalApps\Portal_WebParts\pkgobj\Debug\TokenReplaceFolder\manifest.xml,UTF-8 with BOM
C:\Users\taylis\source\repos\PortalApps\Portal_WebParts\pkgobj\Debug\TokenReplaceFolder\Portal_WebParts_Feature1\DuyuruGirisiWP\DuyuruGirisiWP.webpart,UTF-8 with BOM
C:\Users\taylis\source\repos\PortalApps\Portal_WebParts\pkgobj\Debug\TokenReplaceFolder\Portal_WebParts_Feature1\DuyuruGirisiWP\Elements.xml,UTF-8 with BOM
C:\Users\taylis\source\repos\PortalApps\Portal_WebParts\pkgobj\Debug\TokenReplaceFolder\Portal_WebParts_Feature1\DuyuruListesiWP\DuyuruListesiWP.webpart,UTF-8 with BOM
C:\Users\taylis\source\repos\PortalApps\Portal_WebParts\pkgobj\Debug\TokenReplaceFolder\Portal_WebParts_Feature1\DuyuruListesiWP\Elements.xml,UTF-8 with BOM
C:\Users\taylis\source\repos\PortalApps\Portal_WebParts\pkgobj\Debug\TokenReplaceFolder\Portal_WebParts_Feature1\DuyuruPopupWP\DuyuruPopupWP.webpart,UTF-8 with BOM
C:\Users\taylis\source\repos\PortalApps\Portal_WebParts\pkgobj\Debug\TokenReplaceFolder\Portal_WebParts_Feature1\DuyuruPopupWP\Elements.xml,UTF-8 with BOM
C:\Users\taylis\source\repos\PortalApps\Portal_WebParts\pkgobj\Debug\TokenReplaceFolder\Portal_WebParts_Feature1\Feature.xml,UTF-8 with BOM
C:\Users\taylis\source\repos\PortalApps\Portal_WebParts\pkgobj\Debug\TokenReplaceFolder\Portal_WebParts_Feature1\GunlukNobetcilerMoveWP\Elements.xml,UTF-8 with BOM
C:\Users\taylis\source\repos\PortalApps\Portal_WebParts\pkgobj\Debug\TokenReplaceFolder\Portal_WebParts_Feature1\GunlukNobetcilerMoveWP\GunlukNobetcilerMoveWP.webpart,UTF-8 with BOM
C:\Users\taylis\source\repos\PortalApps\Portal_WebParts\pkgobj\Debug\TokenReplaceFolder\Portal_WebParts_Feature1\GunlukYemekListesiMoveWP\Elements.xml,UTF-8 with BOM
C:\Users\taylis\source\repos\PortalApps\Portal_WebParts\pkgobj\Debug\TokenReplaceFolder\Portal_WebParts_Feature1\GunlukYemekListesiMoveWP\GunlukYemekListesiMoveWP.webpart,UTF-8 with BOM
C:\Users\taylis\source\repos\PortalApps\Portal_WebParts\pkgobj\Debug\TokenReplaceFolder\Portal_WebParts_Feature1\GununSozuWP\Elements.xml,UTF-8 with BOM
C:\Users\taylis\source\repos\PortalApps\Portal_WebParts\pkgobj\Debug\TokenReplaceFolder\Portal_WebParts_Feature1\GununSozuWP\GununSozuWP.webpart,UTF-8 with BOM
C:\Users\taylis\source\repos\PortalApps\Portal_WebParts\pkgobj\Debug\TokenReplaceFolder\Portal_WebParts_Feature1\KutlamaMoveWP\Elements.xml,UTF-8 with BOM
C:\Users\taylis\source\repos\PortalApps\Portal_WebParts\pkgobj\Debug\TokenReplaceFolder\Portal_WebParts_Feature1\KutlamaMoveWP\KutlamaMoveWP.webpart,UTF-8 with BOM
C:\Users\taylis\source\repos\PortalApps\Portal_WebParts\pkgobj\Debug\TokenReplaceFolder\Portal_WebParts_Feature1\OlayListesiWP\Elements.xml,UTF-8 with BOM
C:\Users\taylis\source\repos\PortalApps\Portal_WebParts\pkgobj\Debug\TokenReplaceFolder\Portal_WebParts_Feature1\OlayListesiWP\OlayListesiWP.webpart,UTF-8 with BOM
C:\Users\taylis\source\repos\PortalApps\Portal_WebParts\pkgobj\Debug\TokenReplaceFolder\Portal_WebParts_Feature1\ToplantiGirisiWP\Elements.xml,UTF-8 with BOM
C:\Users\taylis\source\repos\PortalApps\Portal_WebParts\pkgobj\Debug\TokenReplaceFolder\Portal_WebParts_Feature1\ToplantiGirisiWP\ToplantiGirisiWP.webpart,UTF-8 with BOM
C:\Users\taylis\source\repos\PortalApps\Portal_WebParts\pkgobj\Debug\TokenReplaceFolder\Portal_WebParts_Feature1\ToplantiKatilimTutanagiWP\Elements.xml,UTF-8 with BOM
C:\Users\taylis\source\repos\PortalApps\Portal_WebParts\pkgobj\Debug\TokenReplaceFolder\Portal_WebParts_Feature1\ToplantiKatilimTutanagiWP\ToplantiKatilimTutanagiWP.webpart,UTF-8 with BOM
C:\Users\taylis\source\repos\PortalApps\Portal_WebParts\pkgobj\Debug\TokenReplaceFolder\Portal_WebParts_Feature1\ToplantiListesiWP\Elements.xml,UTF-8 with BOM
C:\Users\taylis\source\repos\PortalApps\Portal_WebParts\pkgobj\Debug\TokenReplaceFolder\Portal_WebParts_Feature1\ToplantiListesiWP\ToplantiListesiWP.webpart,UTF-8 with BOM
C:\Users\taylis\source\repos\PortalApps\Portal_WebParts\pkgobj\Debug\TokenReplaceFolder\Portal_WebParts_Feature1\ToplantiParametreGirisiWP\Elements.xml,UTF-8 with BOM
C:\Users\taylis\source\repos\PortalApps\Portal_WebParts\pkgobj\Debug\TokenReplaceFolder\Portal_WebParts_Feature1\ToplantiParametreGirisiWP\ToplantiParametreGirisiWP.webpart,UTF-8 with BOM
C:\Users\taylis\source\repos\PortalApps\Portal_WebParts\pkgobj\Debug\TokenReplaceFolder\Portal_WebParts_Feature1\ToplantiViewerWP\Elements.xml,UTF-8 with BOM
C:\Users\taylis\source\repos\PortalApps\Portal_WebParts\pkgobj\Debug\TokenReplaceFolder\Portal_WebParts_Feature1\ToplantiViewerWP\ToplantiViewerWP.webpart,UTF-8 with BOM
C:\Users\taylis\source\repos\PortalApps\Portal_WebParts\pkgobj\Debug\TokenReplaceFolder\Portal_WebParts_Feature1\WebPartSearchWP\Elements.xml,UTF-8 with BOM
C:\Users\taylis\source\repos\PortalApps\Portal_WebParts\pkgobj\Debug\TokenReplaceFolder\Portal_WebParts_Feature1\WebPartSearchWP\WebPartSearchWP.webpart,UTF-8 with BOM
C:\Users\taylis\source\repos\PortalApps\Portal_WebParts\pkgobj\Debug\TokenReplaceFolder\Portal_WebParts_Feature1\YoneticiOzetiWP\Elements.xml,UTF-8 with BOM
C:\Users\taylis\source\repos\PortalApps\Portal_WebParts\pkgobj\Debug\TokenReplaceFolder\Portal_WebParts_Feature1\YoneticiOzetiWP\YoneticiOzetiWP.webpart,UTF-8 with BOM
C:\Users\taylis\source\repos\PortalApps\Portal_WebParts\Portal_WebParts.csproj,UTF-8 with BOM
C:\Users\taylis\source\repos\PortalApps\Portal_WebParts\Portal_WebParts.csproj.user,UTF-8 with BOM
C:\Users\taylis\source\repos\PortalApps\Portal_WebParts\Properties\AssemblyInfo.cs,windows-1254
C:\Users\taylis\source\repos\PortalApps\Portal_WebParts\ToplantiGirisiWP\Elements.xml,UTF-8 with BOM
C:\Users\taylis\source\repos\PortalApps\Portal_WebParts\ToplantiGirisiWP\SharePointProjectItem.spdata,UTF-8 with BOM
C:\Users\taylis\source\repos\PortalApps\Portal_WebParts\ToplantiGirisiWP\ToplantiGirisiWP.ascx,UTF-8 with BOM
C:\Users\taylis\source\repos\PortalApps\Portal_WebParts\ToplantiGirisiWP\ToplantiGirisiWP.ascx.cs,UTF-8 (no BOM)
C:\Users\taylis\source\repos\PortalApps\Portal_WebParts\ToplantiGirisiWP\ToplantiGirisiWP.ascx.g.cs,windows-1254
C:\Users\taylis\source\repos\PortalApps\Portal_WebParts\ToplantiGirisiWP\ToplantiGirisiWP.webpart,UTF-8 with BOM
C:\Users\taylis\source\repos\PortalApps\Portal_WebParts\ToplantiKatilimTutanagiWP\Elements.xml,UTF-8 with BOM
C:\Users\taylis\source\repos\PortalApps\Portal_WebParts\ToplantiKatilimTutanagiWP\SharePointProjectItem.spdata,UTF-8 with BOM
C:\Users\taylis\source\repos\PortalApps\Portal_WebParts\ToplantiKatilimTutanagiWP\ToplantiKatilimTutanagiWP.ascx,UTF-8 with BOM
C:\Users\taylis\source\repos\PortalApps\Portal_WebParts\ToplantiKatilimTutanagiWP\ToplantiKatilimTutanagiWP.ascx.cs,UTF-8 (no BOM)
C:\Users\taylis\source\repos\PortalApps\Portal_WebParts\ToplantiKatilimTutanagiWP\ToplantiKatilimTutanagiWP.ascx.g.cs,windows-1254
C:\Users\taylis\source\repos\PortalApps\Portal_WebParts\ToplantiKatilimTutanagiWP\ToplantiKatilimTutanagiWP.webpart,UTF-8 with BOM
C:\Users\taylis\source\repos\PortalApps\Portal_WebParts\ToplantiListesiWP\Elements.xml,UTF-8 with BOM
C:\Users\taylis\source\repos\PortalApps\Portal_WebParts\ToplantiListesiWP\SharePointProjectItem.spdata,UTF-8 with BOM
C:\Users\taylis\source\repos\PortalApps\Portal_WebParts\ToplantiListesiWP\ToplantiListesiWP.ascx,UTF-8 with BOM
C:\Users\taylis\source\repos\PortalApps\Portal_WebParts\ToplantiListesiWP\ToplantiListesiWP.ascx.cs,windows-1254
C:\Users\taylis\source\repos\PortalApps\Portal_WebParts\ToplantiListesiWP\ToplantiListesiWP.ascx.g.cs,windows-1254
C:\Users\taylis\source\repos\PortalApps\Portal_WebParts\ToplantiListesiWP\ToplantiListesiWP.webpart,UTF-8 with BOM
C:\Users\taylis\source\repos\PortalApps\Portal_WebParts\ToplantiParametreGirisiWP\Elements.xml,UTF-8 with BOM
C:\Users\taylis\source\repos\PortalApps\Portal_WebParts\ToplantiParametreGirisiWP\SharePointProjectItem.spdata,UTF-8 with BOM
C:\Users\taylis\source\repos\PortalApps\Portal_WebParts\ToplantiParametreGirisiWP\ToplantiParametreGirisiWP.ascx,UTF-8 with BOM
C:\Users\taylis\source\repos\PortalApps\Portal_WebParts\ToplantiParametreGirisiWP\ToplantiParametreGirisiWP.ascx.cs,windows-1254
C:\Users\taylis\source\repos\PortalApps\Portal_WebParts\ToplantiParametreGirisiWP\ToplantiParametreGirisiWP.ascx.g.cs,windows-1254
C:\Users\taylis\source\repos\PortalApps\Portal_WebParts\ToplantiParametreGirisiWP\ToplantiParametreGirisiWP.webpart,UTF-8 with BOM
C:\Users\taylis\source\repos\PortalApps\Portal_WebParts\ToplantiViewerWP\Elements.xml,UTF-8 with BOM
C:\Users\taylis\source\repos\PortalApps\Portal_WebParts\ToplantiViewerWP\SharePointProjectItem.spdata,UTF-8 with BOM
C:\Users\taylis\source\repos\PortalApps\Portal_WebParts\ToplantiViewerWP\ToplantiViewerWP.ascx,UTF-8 with BOM
C:\Users\taylis\source\repos\PortalApps\Portal_WebParts\ToplantiViewerWP\ToplantiViewerWP.ascx.cs,UTF-8 (no BOM)
C:\Users\taylis\source\repos\PortalApps\Portal_WebParts\ToplantiViewerWP\ToplantiViewerWP.ascx.g.cs,windows-1254
C:\Users\taylis\source\repos\PortalApps\Portal_WebParts\ToplantiViewerWP\ToplantiViewerWP.webpart,UTF-8 with BOM
C:\Users\taylis\source\repos\PortalApps\Portal_WebParts\WebPartSearchWP\Elements.xml,UTF-8 with BOM
C:\Users\taylis\source\repos\PortalApps\Portal_WebParts\WebPartSearchWP\SharePointProjectItem.spdata,UTF-8 (no BOM)
C:\Users\taylis\source\repos\PortalApps\Portal_WebParts\WebPartSearchWP\WebPartSearchWP.ascx,UTF-8 (no BOM)
C:\Users\taylis\source\repos\PortalApps\Portal_WebParts\WebPartSearchWP\WebPartSearchWP.ascx.cs,UTF-8 (no BOM)
C:\Users\taylis\source\repos\PortalApps\Portal_WebParts\WebPartSearchWP\WebPartSearchWP.ascx.g.cs,UTF-8 with BOM
C:\Users\taylis\source\repos\PortalApps\Portal_WebParts\WebPartSearchWP\WebPartSearchWP.webpart,UTF-8 with BOM
C:\Users\taylis\source\repos\PortalApps\Portal_WebParts\YoneticiOzetiWP\Elements.xml,UTF-8 with BOM
C:\Users\taylis\source\repos\PortalApps\Portal_WebParts\YoneticiOzetiWP\SharePointProjectItem.spdata,UTF-8 with BOM
C:\Users\taylis\source\repos\PortalApps\Portal_WebParts\YoneticiOzetiWP\YoneticiOzetiWP.ascx,UTF-8 with BOM
C:\Users\taylis\source\repos\PortalApps\Portal_WebParts\YoneticiOzetiWP\YoneticiOzetiWP.ascx.cs,windows-1254
C:\Users\taylis\source\repos\PortalApps\Portal_WebParts\YoneticiOzetiWP\YoneticiOzetiWP.ascx.g.cs,windows-1254
C:\Users\taylis\source\repos\PortalApps\Portal_WebParts\YoneticiOzetiWP\YoneticiOzetiWP.webpart,UTF-8 with BOM
C:\Users\taylis\source\repos\PortalApps\PortalApps.sln,UTF-8 with BOM
C:\Users\taylis\source\repos\PortalApps\TBYS_WebParts\app.config,UTF-8 with BOM
C:\Users\taylis\source\repos\PortalApps\TBYS_WebParts\BagimsizBolumWP\BagimsizBolumWP.ascx,UTF-8 (no BOM)
C:\Users\taylis\source\repos\PortalApps\TBYS_WebParts\BagimsizBolumWP\BagimsizBolumWP.ascx.cs,UTF-8 (no BOM)
C:\Users\taylis\source\repos\PortalApps\TBYS_WebParts\BagimsizBolumWP\BagimsizBolumWP.ascx.g.cs,UTF-8 with BOM
C:\Users\taylis\source\repos\PortalApps\TBYS_WebParts\BagimsizBolumWP\BagimsizBolumWP.webpart,UTF-8 with BOM
C:\Users\taylis\source\repos\PortalApps\TBYS_WebParts\BagimsizBolumWP\Elements.xml,UTF-8 with BOM
C:\Users\taylis\source\repos\PortalApps\TBYS_WebParts\BagimsizBolumWP\SharePointProjectItem.spdata,UTF-8 with BOM
C:\Users\taylis\source\repos\PortalApps\TBYS_WebParts\BagisciBagislariWP\BagisciBagislariWP.ascx,UTF-8 with BOM
C:\Users\taylis\source\repos\PortalApps\TBYS_WebParts\BagisciBagislariWP\BagisciBagislariWP.ascx.cs,UTF-8 (no BOM)
C:\Users\taylis\source\repos\PortalApps\TBYS_WebParts\BagisciBagislariWP\BagisciBagislariWP.ascx.g.cs,windows-1254
C:\Users\taylis\source\repos\PortalApps\TBYS_WebParts\BagisciBagislariWP\BagisciBagislariWP.webpart,UTF-8 with BOM
C:\Users\taylis\source\repos\PortalApps\TBYS_WebParts\BagisciBagislariWP\Elements.xml,UTF-8 with BOM
C:\Users\taylis\source\repos\PortalApps\TBYS_WebParts\BagisciBagislariWP\SharePointProjectItem.spdata,UTF-8 with BOM
C:\Users\taylis\source\repos\PortalApps\TBYS_WebParts\BagisciTaahhutleriWP\BagisciTaahhutleriWP.ascx,UTF-8 with BOM
C:\Users\taylis\source\repos\PortalApps\TBYS_WebParts\BagisciTaahhutleriWP\BagisciTaahhutleriWP.ascx.cs,UTF-8 (no BOM)
C:\Users\taylis\source\repos\PortalApps\TBYS_WebParts\BagisciTaahhutleriWP\BagisciTaahhutleriWP.ascx.g.cs,windows-1254
C:\Users\taylis\source\repos\PortalApps\TBYS_WebParts\BagisciTaahhutleriWP\BagisciTaahhutleriWP.webpart,UTF-8 with BOM
C:\Users\taylis\source\repos\PortalApps\TBYS_WebParts\BagisciTaahhutleriWP\Elements.xml,UTF-8 with BOM
C:\Users\taylis\source\repos\PortalApps\TBYS_WebParts\BagisciTaahhutleriWP\SharePointProjectItem.spdata,UTF-8 with BOM
C:\Users\taylis\source\repos\PortalApps\TBYS_WebParts\BagisciTalepleriWP\BagisciTalepleriWP.ascx,UTF-8 with BOM
C:\Users\taylis\source\repos\PortalApps\TBYS_WebParts\BagisciTalepleriWP\BagisciTalepleriWP.ascx.cs,UTF-8 (no BOM)
C:\Users\taylis\source\repos\PortalApps\TBYS_WebParts\BagisciTalepleriWP\BagisciTalepleriWP.ascx.g.cs,windows-1254
C:\Users\taylis\source\repos\PortalApps\TBYS_WebParts\BagisciTalepleriWP\BagisciTalepleriWP.webpart,UTF-8 with BOM
C:\Users\taylis\source\repos\PortalApps\TBYS_WebParts\BagisciTalepleriWP\Elements.xml,UTF-8 with BOM
C:\Users\taylis\source\repos\PortalApps\TBYS_WebParts\BagisciTalepleriWP\SharePointProjectItem.spdata,UTF-8 with BOM
C:\Users\taylis\source\repos\PortalApps\TBYS_WebParts\BagisciYakinlariWP\BagisciYakinlariWP.ascx,UTF-8 with BOM
C:\Users\taylis\source\repos\PortalApps\TBYS_WebParts\BagisciYakinlariWP\BagisciYakinlariWP.ascx.cs,UTF-8 (no BOM)
C:\Users\taylis\source\repos\PortalApps\TBYS_WebParts\BagisciYakinlariWP\BagisciYakinlariWP.ascx.g.cs,windows-1254
C:\Users\taylis\source\repos\PortalApps\TBYS_WebParts\BagisciYakinlariWP\BagisciYakinlariWP.webpart,UTF-8 with BOM
C:\Users\taylis\source\repos\PortalApps\TBYS_WebParts\BagisciYakinlariWP\Elements.xml,UTF-8 with BOM
C:\Users\taylis\source\repos\PortalApps\TBYS_WebParts\BagisciYakinlariWP\SharePointProjectItem.spdata,UTF-8 with BOM
C:\Users\taylis\source\repos\PortalApps\TBYS_WebParts\BorcluKiraciIslemleriWP\BorcluKiraciIslemleriWP.ascx,UTF-8 with BOM
C:\Users\taylis\source\repos\PortalApps\TBYS_WebParts\BorcluKiraciIslemleriWP\BorcluKiraciIslemleriWP.ascx.cs,windows-1254
C:\Users\taylis\source\repos\PortalApps\TBYS_WebParts\BorcluKiraciIslemleriWP\BorcluKiraciIslemleriWP.ascx.g.cs,windows-1254
C:\Users\taylis\source\repos\PortalApps\TBYS_WebParts\BorcluKiraciIslemleriWP\BorcluKiraciIslemleriWP.webpart,UTF-8 with BOM
C:\Users\taylis\source\repos\PortalApps\TBYS_WebParts\BorcluKiraciIslemleriWP\Elements.xml,UTF-8 with BOM
C:\Users\taylis\source\repos\PortalApps\TBYS_WebParts\BorcluKiraciIslemleriWP\SharePointProjectItem.spdata,UTF-8 with BOM
C:\Users\taylis\source\repos\PortalApps\TBYS_WebParts\BorcluKiracilarByBolgeWP\BorcluKiracilarByBolgeWP.ascx,UTF-8 with BOM
C:\Users\taylis\source\repos\PortalApps\TBYS_WebParts\BorcluKiracilarByBolgeWP\BorcluKiracilarByBolgeWP.ascx.cs,UTF-8 (no BOM)
C:\Users\taylis\source\repos\PortalApps\TBYS_WebParts\BorcluKiracilarByBolgeWP\BorcluKiracilarByBolgeWP.ascx.g.cs,windows-1254
C:\Users\taylis\source\repos\PortalApps\TBYS_WebParts\BorcluKiracilarByBolgeWP\BorcluKiracilarByBolgeWP.webpart,UTF-8 with BOM
C:\Users\taylis\source\repos\PortalApps\TBYS_WebParts\BorcluKiracilarByBolgeWP\Elements.xml,UTF-8 with BOM
C:\Users\taylis\source\repos\PortalApps\TBYS_WebParts\BorcluKiracilarByBolgeWP\SharePointProjectItem.spdata,UTF-8 with BOM
C:\Users\taylis\source\repos\PortalApps\TBYS_WebParts\BorcluKiracilarWP\BorcluKiracilarWP.ascx,UTF-8 with BOM
C:\Users\taylis\source\repos\PortalApps\TBYS_WebParts\BorcluKiracilarWP\BorcluKiracilarWP.ascx.cs,windows-1254
C:\Users\taylis\source\repos\PortalApps\TBYS_WebParts\BorcluKiracilarWP\BorcluKiracilarWP.ascx.g.cs,windows-1254
C:\Users\taylis\source\repos\PortalApps\TBYS_WebParts\BorcluKiracilarWP\BorcluKiracilarWP.webpart,UTF-8 with BOM
C:\Users\taylis\source\repos\PortalApps\TBYS_WebParts\BorcluKiracilarWP\Elements.xml,UTF-8 with BOM
C:\Users\taylis\source\repos\PortalApps\TBYS_WebParts\BorcluKiracilarWP\SharePointProjectItem.spdata,UTF-8 with BOM
C:\Users\taylis\source\repos\PortalApps\TBYS_WebParts\BorcluKiraciTakibiByBolgeWP\BorcluKiraciTakibiByBolgeWP.ascx,UTF-8 with BOM
C:\Users\taylis\source\repos\PortalApps\TBYS_WebParts\BorcluKiraciTakibiByBolgeWP\BorcluKiraciTakibiByBolgeWP.ascx.cs,UTF-8 (no BOM)
C:\Users\taylis\source\repos\PortalApps\TBYS_WebParts\BorcluKiraciTakibiByBolgeWP\BorcluKiraciTakibiByBolgeWP.ascx.g.cs,windows-1254
C:\Users\taylis\source\repos\PortalApps\TBYS_WebParts\BorcluKiraciTakibiByBolgeWP\BorcluKiraciTakibiByBolgeWP.webpart,UTF-8 with BOM
C:\Users\taylis\source\repos\PortalApps\TBYS_WebParts\BorcluKiraciTakibiByBolgeWP\Elements.xml,UTF-8 with BOM
C:\Users\taylis\source\repos\PortalApps\TBYS_WebParts\BorcluKiraciTakibiByBolgeWP\SharePointProjectItem.spdata,UTF-8 with BOM
C:\Users\taylis\source\repos\PortalApps\TBYS_WebParts\DevirGerekenSozlesmelerWP\DevirGerekenSozlesmelerWP.ascx,UTF-8 with BOM
C:\Users\taylis\source\repos\PortalApps\TBYS_WebParts\DevirGerekenSozlesmelerWP\DevirGerekenSozlesmelerWP.ascx.cs,windows-1254
C:\Users\taylis\source\repos\PortalApps\TBYS_WebParts\DevirGerekenSozlesmelerWP\DevirGerekenSozlesmelerWP.ascx.g.cs,UTF-8 with BOM
C:\Users\taylis\source\repos\PortalApps\TBYS_WebParts\DevirGerekenSozlesmelerWP\DevirGerekenSozlesmelerWP.webpart,UTF-8 with BOM
C:\Users\taylis\source\repos\PortalApps\TBYS_WebParts\DevirGerekenSozlesmelerWP\Elements.xml,UTF-8 with BOM
C:\Users\taylis\source\repos\PortalApps\TBYS_WebParts\DevirGerekenSozlesmelerWP\SharePointProjectItem.spdata,UTF-8 with BOM
C:\Users\taylis\source\repos\PortalApps\TBYS_WebParts\EmptyWP\Elements.xml,UTF-8 with BOM
C:\Users\taylis\source\repos\PortalApps\TBYS_WebParts\EmptyWP\EmptyWP.ascx,UTF-8 with BOM
C:\Users\taylis\source\repos\PortalApps\TBYS_WebParts\EmptyWP\EmptyWP.ascx.cs,UTF-8 (no BOM)
C:\Users\taylis\source\repos\PortalApps\TBYS_WebParts\EmptyWP\EmptyWP.ascx.g.cs,UTF-8 (no BOM)
C:\Users\taylis\source\repos\PortalApps\TBYS_WebParts\EmptyWP\EmptyWP.webpart,UTF-8 with BOM
C:\Users\taylis\source\repos\PortalApps\TBYS_WebParts\EmptyWP\SharePointProjectItem.spdata,UTF-8 with BOM
C:\Users\taylis\source\repos\PortalApps\TBYS_WebParts\EnvanterdenCikanTasinmazListesiWP\Elements.xml,UTF-8 with BOM
C:\Users\taylis\source\repos\PortalApps\TBYS_WebParts\EnvanterdenCikanTasinmazListesiWP\EnvanterdenCikanTasinmazListesiWP.ascx,UTF-8 (no BOM)
C:\Users\taylis\source\repos\PortalApps\TBYS_WebParts\EnvanterdenCikanTasinmazListesiWP\EnvanterdenCikanTasinmazListesiWP.ascx.cs,windows-1254
C:\Users\taylis\source\repos\PortalApps\TBYS_WebParts\EnvanterdenCikanTasinmazListesiWP\EnvanterdenCikanTasinmazListesiWP.ascx.g.cs,UTF-8 with BOM
C:\Users\taylis\source\repos\PortalApps\TBYS_WebParts\EnvanterdenCikanTasinmazListesiWP\EnvanterdenCikanTasinmazListesiWP.webpart,UTF-8 with BOM
C:\Users\taylis\source\repos\PortalApps\TBYS_WebParts\EnvanterdenCikanTasinmazListesiWP\SharePointProjectItem.spdata,UTF-8 with BOM
C:\Users\taylis\source\repos\PortalApps\TBYS_WebParts\EnvanterdenCikarmaWP\Elements.xml,UTF-8 with BOM
C:\Users\taylis\source\repos\PortalApps\TBYS_WebParts\EnvanterdenCikarmaWP\EnvanterdenCikarmaWP.ascx,UTF-8 with BOM
C:\Users\taylis\source\repos\PortalApps\TBYS_WebParts\EnvanterdenCikarmaWP\EnvanterdenCikarmaWP.ascx.cs,windows-1254
C:\Users\taylis\source\repos\PortalApps\TBYS_WebParts\EnvanterdenCikarmaWP\EnvanterdenCikarmaWP.ascx.g.cs,windows-1254
C:\Users\taylis\source\repos\PortalApps\TBYS_WebParts\EnvanterdenCikarmaWP\EnvanterdenCikarmaWP.webpart,UTF-8 with BOM
C:\Users\taylis\source\repos\PortalApps\TBYS_WebParts\EnvanterdenCikarmaWP\SharePointProjectItem.spdata,UTF-8 with BOM
C:\Users\taylis\source\repos\PortalApps\TBYS_WebParts\Features\Feature1\Feature1.feature,UTF-8 with BOM
C:\Users\taylis\source\repos\PortalApps\TBYS_WebParts\Features\Feature1\Feature1.Template.xml,UTF-8 with BOM
C:\Users\taylis\source\repos\PortalApps\TBYS_WebParts\GecikmeZammiWP\Elements.xml,UTF-8 with BOM
C:\Users\taylis\source\repos\PortalApps\TBYS_WebParts\GecikmeZammiWP\GecikmeZammiWP.ascx,UTF-8 with BOM
C:\Users\taylis\source\repos\PortalApps\TBYS_WebParts\GecikmeZammiWP\GecikmeZammiWP.ascx.cs,UTF-8 (no BOM)
C:\Users\taylis\source\repos\PortalApps\TBYS_WebParts\GecikmeZammiWP\GecikmeZammiWP.ascx.g.cs,windows-1254
C:\Users\taylis\source\repos\PortalApps\TBYS_WebParts\GecikmeZammiWP\GecikmeZammiWP.webpart,UTF-8 with BOM
C:\Users\taylis\source\repos\PortalApps\TBYS_WebParts\GecikmeZammiWP\SharePointProjectItem.spdata,UTF-8 with BOM
C:\Users\taylis\source\repos\PortalApps\TBYS_WebParts\GenelSozlesmeListesiWP\Elements.xml,UTF-8 with BOM
C:\Users\taylis\source\repos\PortalApps\TBYS_WebParts\GenelSozlesmeListesiWP\GenelSozlesmeListesiWP.ascx,UTF-8 with BOM
C:\Users\taylis\source\repos\PortalApps\TBYS_WebParts\GenelSozlesmeListesiWP\GenelSozlesmeListesiWP.ascx.cs,windows-1254
C:\Users\taylis\source\repos\PortalApps\TBYS_WebParts\GenelSozlesmeListesiWP\GenelSozlesmeListesiWP.ascx.g.cs,windows-1254
C:\Users\taylis\source\repos\PortalApps\TBYS_WebParts\GenelSozlesmeListesiWP\GenelSozlesmeListesiWP.webpart,UTF-8 with BOM
C:\Users\taylis\source\repos\PortalApps\TBYS_WebParts\GenelSozlesmeListesiWP\SharePointProjectItem.spdata,UTF-8 with BOM
C:\Users\taylis\source\repos\PortalApps\TBYS_WebParts\GerceklesenKiraArtislariWP\Elements.xml,UTF-8 with BOM
C:\Users\taylis\source\repos\PortalApps\TBYS_WebParts\GerceklesenKiraArtislariWP\GerceklesenKiraArtislariWP.ascx,UTF-8 with BOM
C:\Users\taylis\source\repos\PortalApps\TBYS_WebParts\GerceklesenKiraArtislariWP\GerceklesenKiraArtislariWP.ascx.cs,windows-1254
C:\Users\taylis\source\repos\PortalApps\TBYS_WebParts\GerceklesenKiraArtislariWP\GerceklesenKiraArtislariWP.ascx.g.cs,windows-1254
C:\Users\taylis\source\repos\PortalApps\TBYS_WebParts\GerceklesenKiraArtislariWP\GerceklesenKiraArtislariWP.webpart,UTF-8 with BOM
C:\Users\taylis\source\repos\PortalApps\TBYS_WebParts\GerceklesenKiraArtislariWP\SharePointProjectItem.spdata,UTF-8 with BOM
C:\Users\taylis\source\repos\PortalApps\TBYS_WebParts\HukukiTakipListesiWP\Elements.xml,UTF-8 with BOM
C:\Users\taylis\source\repos\PortalApps\TBYS_WebParts\HukukiTakipListesiWP\HukukiTakipListesiWP.ascx,UTF-8 with BOM
C:\Users\taylis\source\repos\PortalApps\TBYS_WebParts\HukukiTakipListesiWP\HukukiTakipListesiWP.ascx.cs,windows-1254
C:\Users\taylis\source\repos\PortalApps\TBYS_WebParts\HukukiTakipListesiWP\HukukiTakipListesiWP.ascx.g.cs,windows-1254
C:\Users\taylis\source\repos\PortalApps\TBYS_WebParts\HukukiTakipListesiWP\HukukiTakipListesiWP.webpart,UTF-8 with BOM
C:\Users\taylis\source\repos\PortalApps\TBYS_WebParts\HukukiTakipListesiWP\SharePointProjectItem.spdata,UTF-8 with BOM
C:\Users\taylis\source\repos\PortalApps\TBYS_WebParts\key.snk,windows-1254
C:\Users\taylis\source\repos\PortalApps\TBYS_WebParts\KiraArtisCizelgesiWP\Elements.xml,UTF-8 with BOM
C:\Users\taylis\source\repos\PortalApps\TBYS_WebParts\KiraArtisCizelgesiWP\KiraArtisCizelgesiWP.ascx,UTF-8 with BOM
C:\Users\taylis\source\repos\PortalApps\TBYS_WebParts\KiraArtisCizelgesiWP\KiraArtisCizelgesiWP.ascx.cs,UTF-8 (no BOM)
C:\Users\taylis\source\repos\PortalApps\TBYS_WebParts\KiraArtisCizelgesiWP\KiraArtisCizelgesiWP.ascx.g.cs,windows-1254
C:\Users\taylis\source\repos\PortalApps\TBYS_WebParts\KiraArtisCizelgesiWP\KiraArtisCizelgesiWP.webpart,UTF-8 with BOM
C:\Users\taylis\source\repos\PortalApps\TBYS_WebParts\KiraArtisCizelgesiWP\SharePointProjectItem.spdata,UTF-8 with BOM
C:\Users\taylis\source\repos\PortalApps\TBYS_WebParts\KiraArtisYazisiWP\Elements.xml,UTF-8 with BOM
C:\Users\taylis\source\repos\PortalApps\TBYS_WebParts\KiraArtisYazisiWP\KiraArtisYazisiWP.ascx,UTF-8 with BOM
C:\Users\taylis\source\repos\PortalApps\TBYS_WebParts\KiraArtisYazisiWP\KiraArtisYazisiWP.ascx.cs,windows-1254
C:\Users\taylis\source\repos\PortalApps\TBYS_WebParts\KiraArtisYazisiWP\KiraArtisYazisiWP.ascx.g.cs,windows-1254
C:\Users\taylis\source\repos\PortalApps\TBYS_WebParts\KiraArtisYazisiWP\KiraArtisYazisiWP.webpart,UTF-8 with BOM
C:\Users\taylis\source\repos\PortalApps\TBYS_WebParts\KiraArtisYazisiWP\SharePointProjectItem.spdata,UTF-8 with BOM
C:\Users\taylis\source\repos\PortalApps\TBYS_WebParts\KiraBakiyeDevriWP\Elements.xml,UTF-8 with BOM
C:\Users\taylis\source\repos\PortalApps\TBYS_WebParts\KiraBakiyeDevriWP\KiraBakiyeDevriWP.ascx,UTF-8 with BOM
C:\Users\taylis\source\repos\PortalApps\TBYS_WebParts\KiraBakiyeDevriWP\KiraBakiyeDevriWP.ascx.cs,UTF-8 with BOM
C:\Users\taylis\source\repos\PortalApps\TBYS_WebParts\KiraBakiyeDevriWP\KiraBakiyeDevriWP.ascx.g.cs,UTF-8 with BOM
C:\Users\taylis\source\repos\PortalApps\TBYS_WebParts\KiraBakiyeDevriWP\KiraBakiyeDevriWP.webpart,UTF-8 with BOM
C:\Users\taylis\source\repos\PortalApps\TBYS_WebParts\KiraBakiyeDevriWP\SharePointProjectItem.spdata,UTF-8 with BOM
C:\Users\taylis\source\repos\PortalApps\TBYS_WebParts\KiraBankaEkstreListesiWP\Elements.xml,UTF-8 with BOM
C:\Users\taylis\source\repos\PortalApps\TBYS_WebParts\KiraBankaEkstreListesiWP\KiraBankaEkstreListesiWP.ascx,UTF-8 (no BOM)
C:\Users\taylis\source\repos\PortalApps\TBYS_WebParts\KiraBankaEkstreListesiWP\KiraBankaEkstreListesiWP.ascx.cs,UTF-8 (no BOM)
C:\Users\taylis\source\repos\PortalApps\TBYS_WebParts\KiraBankaEkstreListesiWP\KiraBankaEkstreListesiWP.ascx.g.cs,UTF-8 with BOM
C:\Users\taylis\source\repos\PortalApps\TBYS_WebParts\KiraBankaEkstreListesiWP\KiraBankaEkstreListesiWP.webpart,UTF-8 with BOM
C:\Users\taylis\source\repos\PortalApps\TBYS_WebParts\KiraBankaEkstreListesiWP\SharePointProjectItem.spdata,UTF-8 with BOM
C:\Users\taylis\source\repos\PortalApps\TBYS_WebParts\KiraBorcuYazisiWP\Elements.xml,UTF-8 with BOM
C:\Users\taylis\source\repos\PortalApps\TBYS_WebParts\KiraBorcuYazisiWP\KiraBorcuYazisiWP.ascx,UTF-8 with BOM
C:\Users\taylis\source\repos\PortalApps\TBYS_WebParts\KiraBorcuYazisiWP\KiraBorcuYazisiWP.ascx.cs,UTF-8 (no BOM)
C:\Users\taylis\source\repos\PortalApps\TBYS_WebParts\KiraBorcuYazisiWP\KiraBorcuYazisiWP.ascx.g.cs,windows-1254
C:\Users\taylis\source\repos\PortalApps\TBYS_WebParts\KiraBorcuYazisiWP\KiraBorcuYazisiWP.webpart,UTF-8 with BOM
C:\Users\taylis\source\repos\PortalApps\TBYS_WebParts\KiraBorcuYazisiWP\SharePointProjectItem.spdata,UTF-8 with BOM
C:\Users\taylis\source\repos\PortalApps\TBYS_WebParts\KiraciAylikOdemeWP\Elements.xml,UTF-8 with BOM
C:\Users\taylis\source\repos\PortalApps\TBYS_WebParts\KiraciAylikOdemeWP\KiraciAylikOdemeWP.ascx,UTF-8 with BOM
C:\Users\taylis\source\repos\PortalApps\TBYS_WebParts\KiraciAylikOdemeWP\KiraciAylikOdemeWP.ascx.cs,UTF-8 (no BOM)
C:\Users\taylis\source\repos\PortalApps\TBYS_WebParts\KiraciAylikOdemeWP\KiraciAylikOdemeWP.ascx.g.cs,windows-1254
C:\Users\taylis\source\repos\PortalApps\TBYS_WebParts\KiraciAylikOdemeWP\KiraciAylikOdemeWP.webpart,UTF-8 with BOM
C:\Users\taylis\source\repos\PortalApps\TBYS_WebParts\KiraciAylikOdemeWP\SharePointProjectItem.spdata,UTF-8 with BOM
C:\Users\taylis\source\repos\PortalApps\TBYS_WebParts\KiraciEslestirWP\Elements.xml,UTF-8 with BOM
C:\Users\taylis\source\repos\PortalApps\TBYS_WebParts\KiraciEslestirWP\KiraciEslestirWP.ascx,UTF-8 with BOM
C:\Users\taylis\source\repos\PortalApps\TBYS_WebParts\KiraciEslestirWP\KiraciEslestirWP.ascx.cs,windows-1254
C:\Users\taylis\source\repos\PortalApps\TBYS_WebParts\KiraciEslestirWP\KiraciEslestirWP.ascx.g.cs,windows-1254
C:\Users\taylis\source\repos\PortalApps\TBYS_WebParts\KiraciEslestirWP\KiraciEslestirWP.webpart,UTF-8 with BOM
C:\Users\taylis\source\repos\PortalApps\TBYS_WebParts\KiraciEslestirWP\SharePointProjectItem.spdata,UTF-8 with BOM
C:\Users\taylis\source\repos\PortalApps\TBYS_WebParts\KiraciGirisiWP\Elements.xml,UTF-8 with BOM
C:\Users\taylis\source\repos\PortalApps\TBYS_WebParts\KiraciGirisiWP\KiraciGirisiWP.ascx,UTF-8 with BOM
C:\Users\taylis\source\repos\PortalApps\TBYS_WebParts\KiraciGirisiWP\KiraciGirisiWP.ascx.cs,UTF-8 (no BOM)
C:\Users\taylis\source\repos\PortalApps\TBYS_WebParts\KiraciGirisiWP\KiraciGirisiWP.ascx.g.cs,windows-1254
C:\Users\taylis\source\repos\PortalApps\TBYS_WebParts\KiraciGirisiWP\KiraciGirisiWP.webpart,UTF-8 with BOM
C:\Users\taylis\source\repos\PortalApps\TBYS_WebParts\KiraciGirisiWP\SharePointProjectItem.spdata,UTF-8 with BOM
C:\Users\taylis\source\repos\PortalApps\TBYS_WebParts\KiraciListesiWP\Elements.xml,UTF-8 with BOM
C:\Users\taylis\source\repos\PortalApps\TBYS_WebParts\KiraciListesiWP\KiraciListesiWP.ascx,UTF-8 with BOM
C:\Users\taylis\source\repos\PortalApps\TBYS_WebParts\KiraciListesiWP\KiraciListesiWP.ascx.cs,windows-1254
C:\Users\taylis\source\repos\PortalApps\TBYS_WebParts\KiraciListesiWP\KiraciListesiWP.ascx.g.cs,windows-1254
C:\Users\taylis\source\repos\PortalApps\TBYS_WebParts\KiraciListesiWP\KiraciListesiWP.webpart,UTF-8 with BOM
C:\Users\taylis\source\repos\PortalApps\TBYS_WebParts\KiraciListesiWP\SharePointProjectItem.spdata,UTF-8 with BOM
C:\Users\taylis\source\repos\PortalApps\TBYS_WebParts\KiradaOlanTasinmazlarWP\Elements.xml,UTF-8 with BOM
C:\Users\taylis\source\repos\PortalApps\TBYS_WebParts\KiradaOlanTasinmazlarWP\KiradaOlanTasinmazlarWP.ascx,UTF-8 with BOM
C:\Users\taylis\source\repos\PortalApps\TBYS_WebParts\KiradaOlanTasinmazlarWP\KiradaOlanTasinmazlarWP.ascx.cs,windows-1254
C:\Users\taylis\source\repos\PortalApps\TBYS_WebParts\KiradaOlanTasinmazlarWP\KiradaOlanTasinmazlarWP.ascx.g.cs,windows-1254
C:\Users\taylis\source\repos\PortalApps\TBYS_WebParts\KiradaOlanTasinmazlarWP\KiradaOlanTasinmazlarWP.webpart,UTF-8 with BOM
C:\Users\taylis\source\repos\PortalApps\TBYS_WebParts\KiradaOlanTasinmazlarWP\SharePointProjectItem.spdata,UTF-8 with BOM
C:\Users\taylis\source\repos\PortalApps\TBYS_WebParts\KiraEkstreListesiWP\Elements.xml,UTF-8 with BOM
C:\Users\taylis\source\repos\PortalApps\TBYS_WebParts\KiraEkstreListesiWP\KiraEkstreListesiWP.ascx,UTF-8 with BOM
C:\Users\taylis\source\repos\PortalApps\TBYS_WebParts\KiraEkstreListesiWP\KiraEkstreListesiWP.ascx.cs,windows-1254
C:\Users\taylis\source\repos\PortalApps\TBYS_WebParts\KiraEkstreListesiWP\KiraEkstreListesiWP.ascx.g.cs,windows-1254
C:\Users\taylis\source\repos\PortalApps\TBYS_WebParts\KiraEkstreListesiWP\KiraEkstreListesiWP.webpart,UTF-8 with BOM
C:\Users\taylis\source\repos\PortalApps\TBYS_WebParts\KiraEkstreListesiWP\SharePointProjectItem.spdata,UTF-8 with BOM
C:\Users\taylis\source\repos\PortalApps\TBYS_WebParts\KiraGeliriTahakkukTahsilWP\Elements.xml,UTF-8 with BOM
C:\Users\taylis\source\repos\PortalApps\TBYS_WebParts\KiraGeliriTahakkukTahsilWP\KiraGeliriTahakkukTahsilWP.ascx,UTF-8 with BOM
C:\Users\taylis\source\repos\PortalApps\TBYS_WebParts\KiraGeliriTahakkukTahsilWP\KiraGeliriTahakkukTahsilWP.ascx.cs,windows-1254
C:\Users\taylis\source\repos\PortalApps\TBYS_WebParts\KiraGeliriTahakkukTahsilWP\KiraGeliriTahakkukTahsilWP.ascx.g.cs,UTF-8 (no BOM)
C:\Users\taylis\source\repos\PortalApps\TBYS_WebParts\KiraGeliriTahakkukTahsilWP\KiraGeliriTahakkukTahsilWP.webpart,UTF-8 with BOM
C:\Users\taylis\source\repos\PortalApps\TBYS_WebParts\KiraGeliriTahakkukTahsilWP\SharePointProjectItem.spdata,UTF-8 with BOM
C:\Users\taylis\source\repos\PortalApps\TBYS_WebParts\KiraGelirleriAyDokumuWP\Elements.xml,UTF-8 with BOM
C:\Users\taylis\source\repos\PortalApps\TBYS_WebParts\KiraGelirleriAyDokumuWP\KiraGelirleriAyDokumuWP.ascx,UTF-8 with BOM
C:\Users\taylis\source\repos\PortalApps\TBYS_WebParts\KiraGelirleriAyDokumuWP\KiraGelirleriAyDokumuWP.ascx.cs,windows-1254
C:\Users\taylis\source\repos\PortalApps\TBYS_WebParts\KiraGelirleriAyDokumuWP\KiraGelirleriAyDokumuWP.ascx.g.cs,windows-1254
C:\Users\taylis\source\repos\PortalApps\TBYS_WebParts\KiraGelirleriAyDokumuWP\KiraGelirleriAyDokumuWP.webpart,UTF-8 with BOM
C:\Users\taylis\source\repos\PortalApps\TBYS_WebParts\KiraGelirleriAyDokumuWP\SharePointProjectItem.spdata,UTF-8 with BOM
C:\Users\taylis\source\repos\PortalApps\TBYS_WebParts\KiraKartiWP\Elements.xml,UTF-8 with BOM
C:\Users\taylis\source\repos\PortalApps\TBYS_WebParts\KiraKartiWP\KiraKartiWP.ascx,UTF-8 with BOM
C:\Users\taylis\source\repos\PortalApps\TBYS_WebParts\KiraKartiWP\KiraKartiWP.ascx.cs,UTF-8 (no BOM)
C:\Users\taylis\source\repos\PortalApps\TBYS_WebParts\KiraKartiWP\KiraKartiWP.ascx.g.cs,windows-1254
C:\Users\taylis\source\repos\PortalApps\TBYS_WebParts\KiraKartiWP\KiraKartiWP.webpart,UTF-8 with BOM
C:\Users\taylis\source\repos\PortalApps\TBYS_WebParts\KiraKartiWP\SharePointProjectItem.spdata,UTF-8 with BOM
C:\Users\taylis\source\repos\PortalApps\TBYS_WebParts\KiraOdemeDosyasiYuklemeWP\Elements.xml,UTF-8 with BOM
C:\Users\taylis\source\repos\PortalApps\TBYS_WebParts\KiraOdemeDosyasiYuklemeWP\KiraOdemeDosyasiYuklemeWP.ascx,UTF-8 with BOM
C:\Users\taylis\source\repos\PortalApps\TBYS_WebParts\KiraOdemeDosyasiYuklemeWP\KiraOdemeDosyasiYuklemeWP.ascx.cs,UTF-8 (no BOM)
C:\Users\taylis\source\repos\PortalApps\TBYS_WebParts\KiraOdemeDosyasiYuklemeWP\KiraOdemeDosyasiYuklemeWP.ascx.g.cs,windows-1254
C:\Users\taylis\source\repos\PortalApps\TBYS_WebParts\KiraOdemeDosyasiYuklemeWP\KiraOdemeDosyasiYuklemeWP.webpart,UTF-8 with BOM
C:\Users\taylis\source\repos\PortalApps\TBYS_WebParts\KiraOdemeDosyasiYuklemeWP\SharePointProjectItem.spdata,UTF-8 with BOM
C:\Users\taylis\source\repos\PortalApps\TBYS_WebParts\KiraSozlesmeListesiWP\Elements.xml,UTF-8 with BOM
C:\Users\taylis\source\repos\PortalApps\TBYS_WebParts\KiraSozlesmeListesiWP\KiraSozlesmeListesiWP.ascx,UTF-8 with BOM
C:\Users\taylis\source\repos\PortalApps\TBYS_WebParts\KiraSozlesmeListesiWP\KiraSozlesmeListesiWP.ascx.cs,windows-1254
C:\Users\taylis\source\repos\PortalApps\TBYS_WebParts\KiraSozlesmeListesiWP\KiraSozlesmeListesiWP.ascx.g.cs,windows-1254
C:\Users\taylis\source\repos\PortalApps\TBYS_WebParts\KiraSozlesmeListesiWP\KiraSozlesmeListesiWP.webpart,UTF-8 with BOM
C:\Users\taylis\source\repos\PortalApps\TBYS_WebParts\KiraSozlesmeListesiWP\SharePointProjectItem.spdata,UTF-8 with BOM
C:\Users\taylis\source\repos\PortalApps\TBYS_WebParts\KiraSozlesmeSiralamaWP\Elements.xml,UTF-8 with BOM
C:\Users\taylis\source\repos\PortalApps\TBYS_WebParts\KiraSozlesmeSiralamaWP\KiraSozlesmeSiralamaWP.ascx,UTF-8 with BOM
C:\Users\taylis\source\repos\PortalApps\TBYS_WebParts\KiraSozlesmeSiralamaWP\KiraSozlesmeSiralamaWP.ascx.cs,windows-1254
C:\Users\taylis\source\repos\PortalApps\TBYS_WebParts\KiraSozlesmeSiralamaWP\KiraSozlesmeSiralamaWP.ascx.g.cs,windows-1254
C:\Users\taylis\source\repos\PortalApps\TBYS_WebParts\KiraSozlesmeSiralamaWP\KiraSozlesmeSiralamaWP.webpart,UTF-8 with BOM
C:\Users\taylis\source\repos\PortalApps\TBYS_WebParts\KiraSozlesmeSiralamaWP\SharePointProjectItem.spdata,UTF-8 with BOM
C:\Users\taylis\source\repos\PortalApps\TBYS_WebParts\KiraSozlesmesiWP\Elements.xml,UTF-8 with BOM
C:\Users\taylis\source\repos\PortalApps\TBYS_WebParts\KiraSozlesmesiWP\KiraSozlesmesiWP.ascx,UTF-8 with BOM
C:\Users\taylis\source\repos\PortalApps\TBYS_WebParts\KiraSozlesmesiWP\KiraSozlesmesiWP.ascx.cs,UTF-8 (no BOM)
C:\Users\taylis\source\repos\PortalApps\TBYS_WebParts\KiraSozlesmesiWP\KiraSozlesmesiWP.ascx.g.cs,windows-1254
C:\Users\taylis\source\repos\PortalApps\TBYS_WebParts\KiraSozlesmesiWP\KiraSozlesmesiWP.webpart,UTF-8 with BOM
C:\Users\taylis\source\repos\PortalApps\TBYS_WebParts\KiraSozlesmesiWP\SharePointProjectItem.spdata,UTF-8 with BOM
C:\Users\taylis\source\repos\PortalApps\TBYS_WebParts\KirayaVerilmeyenTasinmazlarWP\Elements.xml,UTF-8 with BOM
C:\Users\taylis\source\repos\PortalApps\TBYS_WebParts\KirayaVerilmeyenTasinmazlarWP\KirayaVerilmeyenTasinmazlarWP.ascx,UTF-8 with BOM
C:\Users\taylis\source\repos\PortalApps\TBYS_WebParts\KirayaVerilmeyenTasinmazlarWP\KirayaVerilmeyenTasinmazlarWP.ascx.cs,windows-1254
C:\Users\taylis\source\repos\PortalApps\TBYS_WebParts\KirayaVerilmeyenTasinmazlarWP\KirayaVerilmeyenTasinmazlarWP.ascx.g.cs,windows-1254
C:\Users\taylis\source\repos\PortalApps\TBYS_WebParts\KirayaVerilmeyenTasinmazlarWP\KirayaVerilmeyenTasinmazlarWP.webpart,UTF-8 with BOM
C:\Users\taylis\source\repos\PortalApps\TBYS_WebParts\KirayaVerilmeyenTasinmazlarWP\SharePointProjectItem.spdata,UTF-8 with BOM
C:\Users\taylis\source\repos\PortalApps\TBYS_WebParts\KPSSorguListesiWP\Elements.xml,UTF-8 with BOM
C:\Users\taylis\source\repos\PortalApps\TBYS_WebParts\KPSSorguListesiWP\KPSSorguListesiWP.ascx,UTF-8 with BOM
C:\Users\taylis\source\repos\PortalApps\TBYS_WebParts\KPSSorguListesiWP\KPSSorguListesiWP.ascx.cs,UTF-8 (no BOM)
C:\Users\taylis\source\repos\PortalApps\TBYS_WebParts\KPSSorguListesiWP\KPSSorguListesiWP.ascx.g.cs,windows-1254
C:\Users\taylis\source\repos\PortalApps\TBYS_WebParts\KPSSorguListesiWP\KPSSorguListesiWP.webpart,UTF-8 with BOM
C:\Users\taylis\source\repos\PortalApps\TBYS_WebParts\KPSSorguListesiWP\SharePointProjectItem.spdata,UTF-8 with BOM
C:\Users\taylis\source\repos\PortalApps\TBYS_WebParts\KPSSorguSonucuWP\Elements.xml,UTF-8 with BOM
C:\Users\taylis\source\repos\PortalApps\TBYS_WebParts\KPSSorguSonucuWP\KPSSorguSonucuWP.ascx,UTF-8 with BOM
C:\Users\taylis\source\repos\PortalApps\TBYS_WebParts\KPSSorguSonucuWP\KPSSorguSonucuWP.ascx.cs,windows-1254
C:\Users\taylis\source\repos\PortalApps\TBYS_WebParts\KPSSorguSonucuWP\KPSSorguSonucuWP.ascx.g.cs,windows-1254
C:\Users\taylis\source\repos\PortalApps\TBYS_WebParts\KPSSorguSonucuWP\KPSSorguSonucuWP.webpart,UTF-8 with BOM
C:\Users\taylis\source\repos\PortalApps\TBYS_WebParts\KPSSorguSonucuWP\SharePointProjectItem.spdata,UTF-8 with BOM
C:\Users\taylis\source\repos\PortalApps\TBYS_WebParts\MevcutKiracilarWP\Elements.xml,UTF-8 with BOM
C:\Users\taylis\source\repos\PortalApps\TBYS_WebParts\MevcutKiracilarWP\MevcutKiracilarWP.ascx,UTF-8 with BOM
C:\Users\taylis\source\repos\PortalApps\TBYS_WebParts\MevcutKiracilarWP\MevcutKiracilarWP.ascx.cs,windows-1254
C:\Users\taylis\source\repos\PortalApps\TBYS_WebParts\MevcutKiracilarWP\MevcutKiracilarWP.ascx.g.cs,windows-1254
C:\Users\taylis\source\repos\PortalApps\TBYS_WebParts\MevcutKiracilarWP\MevcutKiracilarWP.webpart,UTF-8 with BOM
C:\Users\taylis\source\repos\PortalApps\TBYS_WebParts\MevcutKiracilarWP\SharePointProjectItem.spdata,UTF-8 with BOM
C:\Users\taylis\source\repos\PortalApps\TBYS_WebParts\MulkiyetiOlmayanTasinmazGirisiWP\Elements.xml,UTF-8 with BOM
C:\Users\taylis\source\repos\PortalApps\TBYS_WebParts\MulkiyetiOlmayanTasinmazGirisiWP\MulkiyetiOlmayanTasinmazGirisiWP.ascx,UTF-8 with BOM
C:\Users\taylis\source\repos\PortalApps\TBYS_WebParts\MulkiyetiOlmayanTasinmazGirisiWP\MulkiyetiOlmayanTasinmazGirisiWP.ascx.cs,UTF-8 (no BOM)
C:\Users\taylis\source\repos\PortalApps\TBYS_WebParts\MulkiyetiOlmayanTasinmazGirisiWP\MulkiyetiOlmayanTasinmazGirisiWP.ascx.g.cs,windows-1254
C:\Users\taylis\source\repos\PortalApps\TBYS_WebParts\MulkiyetiOlmayanTasinmazGirisiWP\MulkiyetiOlmayanTasinmazGirisiWP.webpart,UTF-8 with BOM
C:\Users\taylis\source\repos\PortalApps\TBYS_WebParts\MulkiyetiOlmayanTasinmazGirisiWP\SharePointProjectItem.spdata,UTF-8 with BOM
C:\Users\taylis\source\repos\PortalApps\TBYS_WebParts\MulkiyetiOlmayanTasinmazListesiWP\Elements.xml,UTF-8 with BOM
C:\Users\taylis\source\repos\PortalApps\TBYS_WebParts\MulkiyetiOlmayanTasinmazListesiWP\MulkiyetiOlmayanTasinmazListesiWP.ascx,UTF-8 with BOM
C:\Users\taylis\source\repos\PortalApps\TBYS_WebParts\MulkiyetiOlmayanTasinmazListesiWP\MulkiyetiOlmayanTasinmazListesiWP.ascx.cs,windows-1254
C:\Users\taylis\source\repos\PortalApps\TBYS_WebParts\MulkiyetiOlmayanTasinmazListesiWP\MulkiyetiOlmayanTasinmazListesiWP.ascx.g.cs,windows-1254
C:\Users\taylis\source\repos\PortalApps\TBYS_WebParts\MulkiyetiOlmayanTasinmazListesiWP\MulkiyetiOlmayanTasinmazListesiWP.webpart,UTF-8 with BOM
C:\Users\taylis\source\repos\PortalApps\TBYS_WebParts\MulkiyetiOlmayanTasinmazListesiWP\SharePointProjectItem.spdata,UTF-8 with BOM
C:\Users\taylis\source\repos\PortalApps\TBYS_WebParts\OdemeAyristirmaWP\Elements.xml,UTF-8 with BOM
C:\Users\taylis\source\repos\PortalApps\TBYS_WebParts\OdemeAyristirmaWP\OdemeAyristirmaWP.ascx,UTF-8 with BOM
C:\Users\taylis\source\repos\PortalApps\TBYS_WebParts\OdemeAyristirmaWP\OdemeAyristirmaWP.ascx.cs,UTF-8 (no BOM)
C:\Users\taylis\source\repos\PortalApps\TBYS_WebParts\OdemeAyristirmaWP\OdemeAyristirmaWP.ascx.g.cs,windows-1254
C:\Users\taylis\source\repos\PortalApps\TBYS_WebParts\OdemeAyristirmaWP\OdemeAyristirmaWP.webpart,UTF-8 with BOM
C:\Users\taylis\source\repos\PortalApps\TBYS_WebParts\OdemeAyristirmaWP\SharePointProjectItem.spdata,UTF-8 with BOM
C:\Users\taylis\source\repos\PortalApps\TBYS_WebParts\OdemeGirisWP\Elements.xml,UTF-8 with BOM
C:\Users\taylis\source\repos\PortalApps\TBYS_WebParts\OdemeGirisWP\OdemeGirisWP.ascx,UTF-8 with BOM
C:\Users\taylis\source\repos\PortalApps\TBYS_WebParts\OdemeGirisWP\OdemeGirisWP.ascx.cs,UTF-8 (no BOM)
C:\Users\taylis\source\repos\PortalApps\TBYS_WebParts\OdemeGirisWP\OdemeGirisWP.ascx.g.cs,windows-1254
C:\Users\taylis\source\repos\PortalApps\TBYS_WebParts\OdemeGirisWP\OdemeGirisWP.webpart,UTF-8 with BOM
C:\Users\taylis\source\repos\PortalApps\TBYS_WebParts\OdemeGirisWP\SharePointProjectItem.spdata,UTF-8 with BOM
C:\Users\taylis\source\repos\PortalApps\TBYS_WebParts\OdemePlaniListesiWP\Elements.xml,UTF-8 with BOM
C:\Users\taylis\source\repos\PortalApps\TBYS_WebParts\OdemePlaniListesiWP\OdemePlaniListesiWP.ascx,UTF-8 with BOM
C:\Users\taylis\source\repos\PortalApps\TBYS_WebParts\OdemePlaniListesiWP\OdemePlaniListesiWP.ascx.cs,windows-1254
C:\Users\taylis\source\repos\PortalApps\TBYS_WebParts\OdemePlaniListesiWP\OdemePlaniListesiWP.ascx.g.cs,windows-1254
C:\Users\taylis\source\repos\PortalApps\TBYS_WebParts\OdemePlaniListesiWP\OdemePlaniListesiWP.webpart,UTF-8 with BOM
C:\Users\taylis\source\repos\PortalApps\TBYS_WebParts\OdemePlaniListesiWP\SharePointProjectItem.spdata,UTF-8 with BOM
C:\Users\taylis\source\repos\PortalApps\TBYS_WebParts\OdemePlaniWP\Elements.xml,UTF-8 with BOM
C:\Users\taylis\source\repos\PortalApps\TBYS_WebParts\OdemePlaniWP\OdemePlaniWP.ascx,UTF-8 with BOM
C:\Users\taylis\source\repos\PortalApps\TBYS_WebParts\OdemePlaniWP\OdemePlaniWP.ascx.cs,UTF-8 (no BOM)
C:\Users\taylis\source\repos\PortalApps\TBYS_WebParts\OdemePlaniWP\OdemePlaniWP.ascx.g.cs,windows-1254
C:\Users\taylis\source\repos\PortalApps\TBYS_WebParts\OdemePlaniWP\OdemePlaniWP.webpart,UTF-8 with BOM
C:\Users\taylis\source\repos\PortalApps\TBYS_WebParts\OdemePlaniWP\SharePointProjectItem.spdata,UTF-8 with BOM
C:\Users\taylis\source\repos\PortalApps\TBYS_WebParts\Package\Package.package,UTF-8 with BOM
C:\Users\taylis\source\repos\PortalApps\TBYS_WebParts\Package\Package.Template.xml,UTF-8 with BOM
C:\Users\taylis\source\repos\PortalApps\TBYS_WebParts\packages.config,UTF-8 with BOM
C:\Users\taylis\source\repos\PortalApps\TBYS_WebParts\pkg\Debug\TBYS_WebParts\DAO.dll,windows-1254
C:\Users\taylis\source\repos\PortalApps\TBYS_WebParts\pkg\Debug\TBYS_WebParts\manifest.xml,UTF-8 with BOM
C:\Users\taylis\source\repos\PortalApps\TBYS_WebParts\pkg\Debug\TBYS_WebParts\Model.dll,windows-1254
C:\Users\taylis\source\repos\PortalApps\TBYS_WebParts\pkg\Debug\TBYS_WebParts\TBYS_WebParts.dll,windows-1254
C:\Users\taylis\source\repos\PortalApps\TBYS_WebParts\pkg\Debug\TBYS_WebParts\TBYS_WebParts_Feature1\BagimsizBolumWP\BagimsizBolumWP.webpart,UTF-8 with BOM
C:\Users\taylis\source\repos\PortalApps\TBYS_WebParts\pkg\Debug\TBYS_WebParts\TBYS_WebParts_Feature1\BagimsizBolumWP\Elements.xml,UTF-8 with BOM
C:\Users\taylis\source\repos\PortalApps\TBYS_WebParts\pkg\Debug\TBYS_WebParts\TBYS_WebParts_Feature1\BagisciBagislariWP\BagisciBagislariWP.webpart,UTF-8 with BOM
C:\Users\taylis\source\repos\PortalApps\TBYS_WebParts\pkg\Debug\TBYS_WebParts\TBYS_WebParts_Feature1\BagisciBagislariWP\Elements.xml,UTF-8 with BOM
C:\Users\taylis\source\repos\PortalApps\TBYS_WebParts\pkg\Debug\TBYS_WebParts\TBYS_WebParts_Feature1\BagisciTaahhutleriWP\BagisciTaahhutleriWP.webpart,UTF-8 with BOM
C:\Users\taylis\source\repos\PortalApps\TBYS_WebParts\pkg\Debug\TBYS_WebParts\TBYS_WebParts_Feature1\BagisciTaahhutleriWP\Elements.xml,UTF-8 with BOM
C:\Users\taylis\source\repos\PortalApps\TBYS_WebParts\pkg\Debug\TBYS_WebParts\TBYS_WebParts_Feature1\BagisciTalepleriWP\BagisciTalepleriWP.webpart,UTF-8 with BOM
C:\Users\taylis\source\repos\PortalApps\TBYS_WebParts\pkg\Debug\TBYS_WebParts\TBYS_WebParts_Feature1\BagisciTalepleriWP\Elements.xml,UTF-8 with BOM
C:\Users\taylis\source\repos\PortalApps\TBYS_WebParts\pkg\Debug\TBYS_WebParts\TBYS_WebParts_Feature1\BagisciYakinlariWP\BagisciYakinlariWP.webpart,UTF-8 with BOM
C:\Users\taylis\source\repos\PortalApps\TBYS_WebParts\pkg\Debug\TBYS_WebParts\TBYS_WebParts_Feature1\BagisciYakinlariWP\Elements.xml,UTF-8 with BOM
C:\Users\taylis\source\repos\PortalApps\TBYS_WebParts\pkg\Debug\TBYS_WebParts\TBYS_WebParts_Feature1\BorcluKiraciIslemleriWP\BorcluKiraciIslemleriWP.webpart,UTF-8 with BOM
C:\Users\taylis\source\repos\PortalApps\TBYS_WebParts\pkg\Debug\TBYS_WebParts\TBYS_WebParts_Feature1\BorcluKiraciIslemleriWP\Elements.xml,UTF-8 with BOM
C:\Users\taylis\source\repos\PortalApps\TBYS_WebParts\pkg\Debug\TBYS_WebParts\TBYS_WebParts_Feature1\BorcluKiracilarByBolgeWP\BorcluKiracilarByBolgeWP.webpart,UTF-8 with BOM
C:\Users\taylis\source\repos\PortalApps\TBYS_WebParts\pkg\Debug\TBYS_WebParts\TBYS_WebParts_Feature1\BorcluKiracilarByBolgeWP\Elements.xml,UTF-8 with BOM
C:\Users\taylis\source\repos\PortalApps\TBYS_WebParts\pkg\Debug\TBYS_WebParts\TBYS_WebParts_Feature1\BorcluKiracilarWP\BorcluKiracilarWP.webpart,UTF-8 with BOM
C:\Users\taylis\source\repos\PortalApps\TBYS_WebParts\pkg\Debug\TBYS_WebParts\TBYS_WebParts_Feature1\BorcluKiracilarWP\Elements.xml,UTF-8 with BOM
C:\Users\taylis\source\repos\PortalApps\TBYS_WebParts\pkg\Debug\TBYS_WebParts\TBYS_WebParts_Feature1\BorcluKiraciTakibiByBolgeWP\BorcluKiraciTakibiByBolgeWP.webpart,UTF-8 with BOM
C:\Users\taylis\source\repos\PortalApps\TBYS_WebParts\pkg\Debug\TBYS_WebParts\TBYS_WebParts_Feature1\BorcluKiraciTakibiByBolgeWP\Elements.xml,UTF-8 with BOM
C:\Users\taylis\source\repos\PortalApps\TBYS_WebParts\pkg\Debug\TBYS_WebParts\TBYS_WebParts_Feature1\DevirGerekenSozlesmelerWP\DevirGerekenSozlesmelerWP.webpart,UTF-8 with BOM
C:\Users\taylis\source\repos\PortalApps\TBYS_WebParts\pkg\Debug\TBYS_WebParts\TBYS_WebParts_Feature1\DevirGerekenSozlesmelerWP\Elements.xml,UTF-8 with BOM
C:\Users\taylis\source\repos\PortalApps\TBYS_WebParts\pkg\Debug\TBYS_WebParts\TBYS_WebParts_Feature1\EmptyWP\Elements.xml,UTF-8 with BOM
C:\Users\taylis\source\repos\PortalApps\TBYS_WebParts\pkg\Debug\TBYS_WebParts\TBYS_WebParts_Feature1\EmptyWP\EmptyWP.webpart,UTF-8 with BOM
C:\Users\taylis\source\repos\PortalApps\TBYS_WebParts\pkg\Debug\TBYS_WebParts\TBYS_WebParts_Feature1\EnvanterdenCikanTasinmazListesiWP\Elements.xml,UTF-8 with BOM
C:\Users\taylis\source\repos\PortalApps\TBYS_WebParts\pkg\Debug\TBYS_WebParts\TBYS_WebParts_Feature1\EnvanterdenCikanTasinmazListesiWP\EnvanterdenCikanTasinmazListesiWP.webpart,UTF-8 with BOM
C:\Users\taylis\source\repos\PortalApps\TBYS_WebParts\pkg\Debug\TBYS_WebParts\TBYS_WebParts_Feature1\EnvanterdenCikarmaWP\Elements.xml,UTF-8 with BOM
C:\Users\taylis\source\repos\PortalApps\TBYS_WebParts\pkg\Debug\TBYS_WebParts\TBYS_WebParts_Feature1\EnvanterdenCikarmaWP\EnvanterdenCikarmaWP.webpart,UTF-8 with BOM
C:\Users\taylis\source\repos\PortalApps\TBYS_WebParts\pkg\Debug\TBYS_WebParts\TBYS_WebParts_Feature1\Feature.xml,UTF-8 with BOM
C:\Users\taylis\source\repos\PortalApps\TBYS_WebParts\pkg\Debug\TBYS_WebParts\TBYS_WebParts_Feature1\GecikmeZammiWP\Elements.xml,UTF-8 with BOM
C:\Users\taylis\source\repos\PortalApps\TBYS_WebParts\pkg\Debug\TBYS_WebParts\TBYS_WebParts_Feature1\GecikmeZammiWP\GecikmeZammiWP.webpart,UTF-8 with BOM
C:\Users\taylis\source\repos\PortalApps\TBYS_WebParts\pkg\Debug\TBYS_WebParts\TBYS_WebParts_Feature1\GenelSozlesmeListesiWP\Elements.xml,UTF-8 with BOM
C:\Users\taylis\source\repos\PortalApps\TBYS_WebParts\pkg\Debug\TBYS_WebParts\TBYS_WebParts_Feature1\GenelSozlesmeListesiWP\GenelSozlesmeListesiWP.webpart,UTF-8 with BOM
C:\Users\taylis\source\repos\PortalApps\TBYS_WebParts\pkg\Debug\TBYS_WebParts\TBYS_WebParts_Feature1\GerceklesenKiraArtislariWP\Elements.xml,UTF-8 with BOM
C:\Users\taylis\source\repos\PortalApps\TBYS_WebParts\pkg\Debug\TBYS_WebParts\TBYS_WebParts_Feature1\GerceklesenKiraArtislariWP\GerceklesenKiraArtislariWP.webpart,UTF-8 with BOM
C:\Users\taylis\source\repos\PortalApps\TBYS_WebParts\pkg\Debug\TBYS_WebParts\TBYS_WebParts_Feature1\HukukiTakipListesiWP\Elements.xml,UTF-8 with BOM
C:\Users\taylis\source\repos\PortalApps\TBYS_WebParts\pkg\Debug\TBYS_WebParts\TBYS_WebParts_Feature1\HukukiTakipListesiWP\HukukiTakipListesiWP.webpart,UTF-8 with BOM
C:\Users\taylis\source\repos\PortalApps\TBYS_WebParts\pkg\Debug\TBYS_WebParts\TBYS_WebParts_Feature1\KiraArtisCizelgesiWP\Elements.xml,UTF-8 with BOM
C:\Users\taylis\source\repos\PortalApps\TBYS_WebParts\pkg\Debug\TBYS_WebParts\TBYS_WebParts_Feature1\KiraArtisCizelgesiWP\KiraArtisCizelgesiWP.webpart,UTF-8 with BOM
C:\Users\taylis\source\repos\PortalApps\TBYS_WebParts\pkg\Debug\TBYS_WebParts\TBYS_WebParts_Feature1\KiraArtisYazisiWP\Elements.xml,UTF-8 with BOM
C:\Users\taylis\source\repos\PortalApps\TBYS_WebParts\pkg\Debug\TBYS_WebParts\TBYS_WebParts_Feature1\KiraArtisYazisiWP\KiraArtisYazisiWP.webpart,UTF-8 with BOM
C:\Users\taylis\source\repos\PortalApps\TBYS_WebParts\pkg\Debug\TBYS_WebParts\TBYS_WebParts_Feature1\KiraBakiyeDevriWP\Elements.xml,UTF-8 with BOM
C:\Users\taylis\source\repos\PortalApps\TBYS_WebParts\pkg\Debug\TBYS_WebParts\TBYS_WebParts_Feature1\KiraBakiyeDevriWP\KiraBakiyeDevriWP.webpart,UTF-8 with BOM
C:\Users\taylis\source\repos\PortalApps\TBYS_WebParts\pkg\Debug\TBYS_WebParts\TBYS_WebParts_Feature1\KiraBankaEkstreListesiWP\Elements.xml,UTF-8 with BOM
C:\Users\taylis\source\repos\PortalApps\TBYS_WebParts\pkg\Debug\TBYS_WebParts\TBYS_WebParts_Feature1\KiraBankaEkstreListesiWP\KiraBankaEkstreListesiWP.webpart,UTF-8 with BOM
C:\Users\taylis\source\repos\PortalApps\TBYS_WebParts\pkg\Debug\TBYS_WebParts\TBYS_WebParts_Feature1\KiraBorcuYazisiWP\Elements.xml,UTF-8 with BOM
C:\Users\taylis\source\repos\PortalApps\TBYS_WebParts\pkg\Debug\TBYS_WebParts\TBYS_WebParts_Feature1\KiraBorcuYazisiWP\KiraBorcuYazisiWP.webpart,UTF-8 with BOM
C:\Users\taylis\source\repos\PortalApps\TBYS_WebParts\pkg\Debug\TBYS_WebParts\TBYS_WebParts_Feature1\KiraciAylikOdemeWP\Elements.xml,UTF-8 with BOM
C:\Users\taylis\source\repos\PortalApps\TBYS_WebParts\pkg\Debug\TBYS_WebParts\TBYS_WebParts_Feature1\KiraciAylikOdemeWP\KiraciAylikOdemeWP.webpart,UTF-8 with BOM
C:\Users\taylis\source\repos\PortalApps\TBYS_WebParts\pkg\Debug\TBYS_WebParts\TBYS_WebParts_Feature1\KiraciEslestirWP\Elements.xml,UTF-8 with BOM
C:\Users\taylis\source\repos\PortalApps\TBYS_WebParts\pkg\Debug\TBYS_WebParts\TBYS_WebParts_Feature1\KiraciEslestirWP\KiraciEslestirWP.webpart,UTF-8 with BOM
C:\Users\taylis\source\repos\PortalApps\TBYS_WebParts\pkg\Debug\TBYS_WebParts\TBYS_WebParts_Feature1\KiraciGirisiWP\Elements.xml,UTF-8 with BOM
C:\Users\taylis\source\repos\PortalApps\TBYS_WebParts\pkg\Debug\TBYS_WebParts\TBYS_WebParts_Feature1\KiraciGirisiWP\KiraciGirisiWP.webpart,UTF-8 with BOM
C:\Users\taylis\source\repos\PortalApps\TBYS_WebParts\pkg\Debug\TBYS_WebParts\TBYS_WebParts_Feature1\KiraciListesiWP\Elements.xml,UTF-8 with BOM
C:\Users\taylis\source\repos\PortalApps\TBYS_WebParts\pkg\Debug\TBYS_WebParts\TBYS_WebParts_Feature1\KiraciListesiWP\KiraciListesiWP.webpart,UTF-8 with BOM
C:\Users\taylis\source\repos\PortalApps\TBYS_WebParts\pkg\Debug\TBYS_WebParts\TBYS_WebParts_Feature1\KiradaOlanTasinmazlarWP\Elements.xml,UTF-8 with BOM
C:\Users\taylis\source\repos\PortalApps\TBYS_WebParts\pkg\Debug\TBYS_WebParts\TBYS_WebParts_Feature1\KiradaOlanTasinmazlarWP\KiradaOlanTasinmazlarWP.webpart,UTF-8 with BOM
C:\Users\taylis\source\repos\PortalApps\TBYS_WebParts\pkg\Debug\TBYS_WebParts\TBYS_WebParts_Feature1\KiraGeliriTahakkukTahsilWP\Elements.xml,UTF-8 with BOM
C:\Users\taylis\source\repos\PortalApps\TBYS_WebParts\pkg\Debug\TBYS_WebParts\TBYS_WebParts_Feature1\KiraGeliriTahakkukTahsilWP\KiraGeliriTahakkukTahsilWP.webpart,UTF-8 with BOM
C:\Users\taylis\source\repos\PortalApps\TBYS_WebParts\pkg\Debug\TBYS_WebParts\TBYS_WebParts_Feature1\KiraGelirleriAyDokumuWP\Elements.xml,UTF-8 with BOM
C:\Users\taylis\source\repos\PortalApps\TBYS_WebParts\pkg\Debug\TBYS_WebParts\TBYS_WebParts_Feature1\KiraGelirleriAyDokumuWP\KiraGelirleriAyDokumuWP.webpart,UTF-8 with BOM
C:\Users\taylis\source\repos\PortalApps\TBYS_WebParts\pkg\Debug\TBYS_WebParts\TBYS_WebParts_Feature1\KiraKartiWP\Elements.xml,UTF-8 with BOM
C:\Users\taylis\source\repos\PortalApps\TBYS_WebParts\pkg\Debug\TBYS_WebParts\TBYS_WebParts_Feature1\KiraKartiWP\KiraKartiWP.webpart,UTF-8 with BOM
C:\Users\taylis\source\repos\PortalApps\TBYS_WebParts\pkg\Debug\TBYS_WebParts\TBYS_WebParts_Feature1\KiraOdemeDosyasiYuklemeWP\Elements.xml,UTF-8 with BOM
C:\Users\taylis\source\repos\PortalApps\TBYS_WebParts\pkg\Debug\TBYS_WebParts\TBYS_WebParts_Feature1\KiraOdemeDosyasiYuklemeWP\KiraOdemeDosyasiYuklemeWP.webpart,UTF-8 with BOM
C:\Users\taylis\source\repos\PortalApps\TBYS_WebParts\pkg\Debug\TBYS_WebParts\TBYS_WebParts_Feature1\KiraSozlesmeListesiWP\Elements.xml,UTF-8 with BOM
C:\Users\taylis\source\repos\PortalApps\TBYS_WebParts\pkg\Debug\TBYS_WebParts\TBYS_WebParts_Feature1\KiraSozlesmeListesiWP\KiraSozlesmeListesiWP.webpart,UTF-8 with BOM
C:\Users\taylis\source\repos\PortalApps\TBYS_WebParts\pkg\Debug\TBYS_WebParts\TBYS_WebParts_Feature1\KiraSozlesmeSiralamaWP\Elements.xml,UTF-8 with BOM
C:\Users\taylis\source\repos\PortalApps\TBYS_WebParts\pkg\Debug\TBYS_WebParts\TBYS_WebParts_Feature1\KiraSozlesmeSiralamaWP\KiraSozlesmeSiralamaWP.webpart,UTF-8 with BOM
C:\Users\taylis\source\repos\PortalApps\TBYS_WebParts\pkg\Debug\TBYS_WebParts\TBYS_WebParts_Feature1\KiraSozlesmesiWP\Elements.xml,UTF-8 with BOM
C:\Users\taylis\source\repos\PortalApps\TBYS_WebParts\pkg\Debug\TBYS_WebParts\TBYS_WebParts_Feature1\KiraSozlesmesiWP\KiraSozlesmesiWP.webpart,UTF-8 with BOM
C:\Users\taylis\source\repos\PortalApps\TBYS_WebParts\pkg\Debug\TBYS_WebParts\TBYS_WebParts_Feature1\KirayaVerilmeyenTasinmazlarWP\Elements.xml,UTF-8 with BOM
C:\Users\taylis\source\repos\PortalApps\TBYS_WebParts\pkg\Debug\TBYS_WebParts\TBYS_WebParts_Feature1\KirayaVerilmeyenTasinmazlarWP\KirayaVerilmeyenTasinmazlarWP.webpart,UTF-8 with BOM
C:\Users\taylis\source\repos\PortalApps\TBYS_WebParts\pkg\Debug\TBYS_WebParts\TBYS_WebParts_Feature1\KPSSorguListesiWP\Elements.xml,UTF-8 with BOM
C:\Users\taylis\source\repos\PortalApps\TBYS_WebParts\pkg\Debug\TBYS_WebParts\TBYS_WebParts_Feature1\KPSSorguListesiWP\KPSSorguListesiWP.webpart,UTF-8 with BOM
C:\Users\taylis\source\repos\PortalApps\TBYS_WebParts\pkg\Debug\TBYS_WebParts\TBYS_WebParts_Feature1\KPSSorguSonucuWP\Elements.xml,UTF-8 with BOM
C:\Users\taylis\source\repos\PortalApps\TBYS_WebParts\pkg\Debug\TBYS_WebParts\TBYS_WebParts_Feature1\KPSSorguSonucuWP\KPSSorguSonucuWP.webpart,UTF-8 with BOM
C:\Users\taylis\source\repos\PortalApps\TBYS_WebParts\pkg\Debug\TBYS_WebParts\TBYS_WebParts_Feature1\MevcutKiracilarWP\Elements.xml,UTF-8 with BOM
C:\Users\taylis\source\repos\PortalApps\TBYS_WebParts\pkg\Debug\TBYS_WebParts\TBYS_WebParts_Feature1\MevcutKiracilarWP\MevcutKiracilarWP.webpart,UTF-8 with BOM
C:\Users\taylis\source\repos\PortalApps\TBYS_WebParts\pkg\Debug\TBYS_WebParts\TBYS_WebParts_Feature1\MulkiyetiOlmayanTasinmazGirisiWP\Elements.xml,UTF-8 with BOM
C:\Users\taylis\source\repos\PortalApps\TBYS_WebParts\pkg\Debug\TBYS_WebParts\TBYS_WebParts_Feature1\MulkiyetiOlmayanTasinmazGirisiWP\MulkiyetiOlmayanTasinmazGirisiWP.webpart,UTF-8 with BOM
C:\Users\taylis\source\repos\PortalApps\TBYS_WebParts\pkg\Debug\TBYS_WebParts\TBYS_WebParts_Feature1\MulkiyetiOlmayanTasinmazListesiWP\Elements.xml,UTF-8 with BOM
C:\Users\taylis\source\repos\PortalApps\TBYS_WebParts\pkg\Debug\TBYS_WebParts\TBYS_WebParts_Feature1\MulkiyetiOlmayanTasinmazListesiWP\MulkiyetiOlmayanTasinmazListesiWP.webpart,UTF-8 with BOM
C:\Users\taylis\source\repos\PortalApps\TBYS_WebParts\pkg\Debug\TBYS_WebParts\TBYS_WebParts_Feature1\OdemeAyristirmaWP\Elements.xml,UTF-8 with BOM
C:\Users\taylis\source\repos\PortalApps\TBYS_WebParts\pkg\Debug\TBYS_WebParts\TBYS_WebParts_Feature1\OdemeAyristirmaWP\OdemeAyristirmaWP.webpart,UTF-8 with BOM
C:\Users\taylis\source\repos\PortalApps\TBYS_WebParts\pkg\Debug\TBYS_WebParts\TBYS_WebParts_Feature1\OdemeGirisWP\Elements.xml,UTF-8 with BOM
C:\Users\taylis\source\repos\PortalApps\TBYS_WebParts\pkg\Debug\TBYS_WebParts\TBYS_WebParts_Feature1\OdemeGirisWP\OdemeGirisWP.webpart,UTF-8 with BOM
C:\Users\taylis\source\repos\PortalApps\TBYS_WebParts\pkg\Debug\TBYS_WebParts\TBYS_WebParts_Feature1\OdemePlaniListesiWP\Elements.xml,UTF-8 with BOM
C:\Users\taylis\source\repos\PortalApps\TBYS_WebParts\pkg\Debug\TBYS_WebParts\TBYS_WebParts_Feature1\OdemePlaniListesiWP\OdemePlaniListesiWP.webpart,UTF-8 with BOM
C:\Users\taylis\source\repos\PortalApps\TBYS_WebParts\pkg\Debug\TBYS_WebParts\TBYS_WebParts_Feature1\OdemePlaniWP\Elements.xml,UTF-8 with BOM
C:\Users\taylis\source\repos\PortalApps\TBYS_WebParts\pkg\Debug\TBYS_WebParts\TBYS_WebParts_Feature1\OdemePlaniWP\OdemePlaniWP.webpart,UTF-8 with BOM
C:\Users\taylis\source\repos\PortalApps\TBYS_WebParts\pkg\Debug\TBYS_WebParts\TBYS_WebParts_Feature1\SharePointLibraryFileListWP\Elements.xml,UTF-8 with BOM
C:\Users\taylis\source\repos\PortalApps\TBYS_WebParts\pkg\Debug\TBYS_WebParts\TBYS_WebParts_Feature1\SharePointLibraryFileListWP\SharePointLibraryFileListWP.webpart,UTF-8 with BOM
C:\Users\taylis\source\repos\PortalApps\TBYS_WebParts\pkg\Debug\TBYS_WebParts\TBYS_WebParts_Feature1\SigortaDurumuDaskWP\Elements.xml,UTF-8 with BOM
C:\Users\taylis\source\repos\PortalApps\TBYS_WebParts\pkg\Debug\TBYS_WebParts\TBYS_WebParts_Feature1\SigortaDurumuDaskWP\SigortaDurumuDaskWP.webpart,UTF-8 with BOM
C:\Users\taylis\source\repos\PortalApps\TBYS_WebParts\pkg\Debug\TBYS_WebParts\TBYS_WebParts_Feature1\SigortaEkleSilWP\Elements.xml,UTF-8 with BOM
C:\Users\taylis\source\repos\PortalApps\TBYS_WebParts\pkg\Debug\TBYS_WebParts\TBYS_WebParts_Feature1\SigortaEkleSilWP\SigortaEkleSilWP.webpart,UTF-8 with BOM
C:\Users\taylis\source\repos\PortalApps\TBYS_WebParts\pkg\Debug\TBYS_WebParts\TBYS_WebParts_Feature1\SozlesmeTasinmazWP\Elements.xml,UTF-8 with BOM
C:\Users\taylis\source\repos\PortalApps\TBYS_WebParts\pkg\Debug\TBYS_WebParts\TBYS_WebParts_Feature1\SozlesmeTasinmazWP\SozlesmeTasinmazWP.webpart,UTF-8 with BOM
C:\Users\taylis\source\repos\PortalApps\TBYS_WebParts\pkg\Debug\TBYS_WebParts\TBYS_WebParts_Feature1\TaahhutListesiWP\Elements.xml,UTF-8 with BOM
C:\Users\taylis\source\repos\PortalApps\TBYS_WebParts\pkg\Debug\TBYS_WebParts\TBYS_WebParts_Feature1\TaahhutListesiWP\TaahhutListesiWP.webpart,UTF-8 with BOM
C:\Users\taylis\source\repos\PortalApps\TBYS_WebParts\pkg\Debug\TBYS_WebParts\TBYS_WebParts_Feature1\TasinmazBagisciBilgiListesiWP\Elements.xml,UTF-8 with BOM
C:\Users\taylis\source\repos\PortalApps\TBYS_WebParts\pkg\Debug\TBYS_WebParts\TBYS_WebParts_Feature1\TasinmazBagisciBilgiListesiWP\TasinmazBagisciBilgiListesiWP.webpart,UTF-8 with BOM
C:\Users\taylis\source\repos\PortalApps\TBYS_WebParts\pkg\Debug\TBYS_WebParts\TBYS_WebParts_Feature1\TasinmazBagisciGirisiWP\Elements.xml,UTF-8 with BOM
C:\Users\taylis\source\repos\PortalApps\TBYS_WebParts\pkg\Debug\TBYS_WebParts\TBYS_WebParts_Feature1\TasinmazBagisciGirisiWP\TasinmazBagisciGirisiWP.webpart,UTF-8 with BOM
C:\Users\taylis\source\repos\PortalApps\TBYS_WebParts\pkg\Debug\TBYS_WebParts\TBYS_WebParts_Feature1\TasinmazBagisciKartiWP\Elements.xml,UTF-8 with BOM
C:\Users\taylis\source\repos\PortalApps\TBYS_WebParts\pkg\Debug\TBYS_WebParts\TBYS_WebParts_Feature1\TasinmazBagisciKartiWP\TasinmazBagisciKartiWP.webpart,UTF-8 with BOM
C:\Users\taylis\source\repos\PortalApps\TBYS_WebParts\pkg\Debug\TBYS_WebParts\TBYS_WebParts_Feature1\TasinmazBagisciListesiWP\Elements.xml,UTF-8 with BOM
C:\Users\taylis\source\repos\PortalApps\TBYS_WebParts\pkg\Debug\TBYS_WebParts\TBYS_WebParts_Feature1\TasinmazBagisciListesiWP\TasinmazBagisciListesiWP.webpart,UTF-8 with BOM
C:\Users\taylis\source\repos\PortalApps\TBYS_WebParts\pkg\Debug\TBYS_WebParts\TBYS_WebParts_Feature1\TasinmazBagisHaritasiWP\Elements.xml,UTF-8 with BOM
C:\Users\taylis\source\repos\PortalApps\TBYS_WebParts\pkg\Debug\TBYS_WebParts\TBYS_WebParts_Feature1\TasinmazBagisHaritasiWP\TasinmazBagisHaritasiWP.webpart,UTF-8 with BOM
C:\Users\taylis\source\repos\PortalApps\TBYS_WebParts\pkg\Debug\TBYS_WebParts\TBYS_WebParts_Feature1\TasinmazBagisWP\Elements.xml,UTF-8 with BOM
C:\Users\taylis\source\repos\PortalApps\TBYS_WebParts\pkg\Debug\TBYS_WebParts\TBYS_WebParts_Feature1\TasinmazBagisWP\TasinmazBagisWP.webpart,UTF-8 with BOM
C:\Users\taylis\source\repos\PortalApps\TBYS_WebParts\pkg\Debug\TBYS_WebParts\TBYS_WebParts_Feature1\TasinmazBolgeRaporuWP\Elements.xml,UTF-8 with BOM
C:\Users\taylis\source\repos\PortalApps\TBYS_WebParts\pkg\Debug\TBYS_WebParts\TBYS_WebParts_Feature1\TasinmazBolgeRaporuWP\TasinmazBolgeRaporuWP.webpart,UTF-8 with BOM
C:\Users\taylis\source\repos\PortalApps\TBYS_WebParts\pkg\Debug\TBYS_WebParts\TBYS_WebParts_Feature1\TasinmazDurumRaporuWP\Elements.xml,UTF-8 with BOM
C:\Users\taylis\source\repos\PortalApps\TBYS_WebParts\pkg\Debug\TBYS_WebParts\TBYS_WebParts_Feature1\TasinmazDurumRaporuWP\TasinmazDurumRaporuWP.webpart,UTF-8 with BOM
C:\Users\taylis\source\repos\PortalApps\TBYS_WebParts\pkg\Debug\TBYS_WebParts\TBYS_WebParts_Feature1\TasinmazGirisiWP\Elements.xml,UTF-8 with BOM
C:\Users\taylis\source\repos\PortalApps\TBYS_WebParts\pkg\Debug\TBYS_WebParts\TBYS_WebParts_Feature1\TasinmazGirisiWP\TasinmazGirisiWP.webpart,UTF-8 with BOM
C:\Users\taylis\source\repos\PortalApps\TBYS_WebParts\pkg\Debug\TBYS_WebParts\TBYS_WebParts_Feature1\TasinmazKartiWP\Elements.xml,UTF-8 with BOM
C:\Users\taylis\source\repos\PortalApps\TBYS_WebParts\pkg\Debug\TBYS_WebParts\TBYS_WebParts_Feature1\TasinmazKartiWP\TasinmazKartiWP.webpart,UTF-8 with BOM
C:\Users\taylis\source\repos\PortalApps\TBYS_WebParts\pkg\Debug\TBYS_WebParts\TBYS_WebParts_Feature1\TasinmazListesiWP\Elements.xml,UTF-8 with BOM
C:\Users\taylis\source\repos\PortalApps\TBYS_WebParts\pkg\Debug\TBYS_WebParts\TBYS_WebParts_Feature1\TasinmazListesiWP\TasinmazListesiWP.webpart,UTF-8 with BOM
C:\Users\taylis\source\repos\PortalApps\TBYS_WebParts\pkg\Debug\TBYS_WebParts\TBYS_WebParts_Feature1\TasinmazOnarimGirisiWP\Elements.xml,UTF-8 with BOM
C:\Users\taylis\source\repos\PortalApps\TBYS_WebParts\pkg\Debug\TBYS_WebParts\TBYS_WebParts_Feature1\TasinmazOnarimGirisiWP\TasinmazOnarimGirisiWP.webpart,UTF-8 with BOM
C:\Users\taylis\source\repos\PortalApps\TBYS_WebParts\pkg\Debug\TBYS_WebParts\TBYS_WebParts_Feature1\TasinmazOnarimListesiWP\Elements.xml,UTF-8 with BOM
C:\Users\taylis\source\repos\PortalApps\TBYS_WebParts\pkg\Debug\TBYS_WebParts\TBYS_WebParts_Feature1\TasinmazOnarimListesiWP\TasinmazOnarimListesiWP.webpart,UTF-8 with BOM
C:\Users\taylis\source\repos\PortalApps\TBYS_WebParts\pkg\Debug\TBYS_WebParts\TBYS_WebParts_Feature1\TasinmazResimleriWP\Elements.xml,UTF-8 with BOM
C:\Users\taylis\source\repos\PortalApps\TBYS_WebParts\pkg\Debug\TBYS_WebParts\TBYS_WebParts_Feature1\TasinmazResimleriWP\TasinmazResimleriWP.webpart,UTF-8 with BOM
C:\Users\taylis\source\repos\PortalApps\TBYS_WebParts\pkg\Debug\TBYS_WebParts\TBYS_WebParts_Feature1\TasinmazSigortaGirisWP\Elements.xml,UTF-8 with BOM
C:\Users\taylis\source\repos\PortalApps\TBYS_WebParts\pkg\Debug\TBYS_WebParts\TBYS_WebParts_Feature1\TasinmazSigortaGirisWP\TasinmazSigortaGirisWP.webpart,UTF-8 with BOM
C:\Users\taylis\source\repos\PortalApps\TBYS_WebParts\pkg\Debug\TBYS_WebParts\TBYS_WebParts_Feature1\TasinmazSigortaListesiWP\Elements.xml,UTF-8 with BOM
C:\Users\taylis\source\repos\PortalApps\TBYS_WebParts\pkg\Debug\TBYS_WebParts\TBYS_WebParts_Feature1\TasinmazSigortaListesiWP\TasinmazSigortaListesiWP.webpart,UTF-8 with BOM
C:\Users\taylis\source\repos\PortalApps\TBYS_WebParts\pkg\Debug\TBYS_WebParts\TBYS_WebParts_Feature1\TasinmazSorgulamaWP\Elements.xml,UTF-8 with BOM
C:\Users\taylis\source\repos\PortalApps\TBYS_WebParts\pkg\Debug\TBYS_WebParts\TBYS_WebParts_Feature1\TasinmazSorgulamaWP\TasinmazSorgulamaWP.webpart,UTF-8 with BOM
C:\Users\taylis\source\repos\PortalApps\TBYS_WebParts\pkg\Debug\TBYS_WebParts\TBYS_WebParts_Feature1\TeminatDurumRaporuWP\Elements.xml,UTF-8 with BOM
C:\Users\taylis\source\repos\PortalApps\TBYS_WebParts\pkg\Debug\TBYS_WebParts\TBYS_WebParts_Feature1\TeminatDurumRaporuWP\TeminatDurumRaporuWP.webpart,UTF-8 with BOM
C:\Users\taylis\source\repos\PortalApps\TBYS_WebParts\pkg\Debug\TBYS_WebParts\TBYS_WebParts_Feature1\TeminatIslemleriWP\Elements.xml,UTF-8 with BOM
C:\Users\taylis\source\repos\PortalApps\TBYS_WebParts\pkg\Debug\TBYS_WebParts\TBYS_WebParts_Feature1\TeminatIslemleriWP\TeminatIslemleriWP.webpart,UTF-8 with BOM
C:\Users\taylis\source\repos\PortalApps\TBYS_WebParts\pkg\Debug\TBYS_WebParts\TBYS_WebParts_Feature1\TeminatListesiWP\Elements.xml,UTF-8 with BOM
C:\Users\taylis\source\repos\PortalApps\TBYS_WebParts\pkg\Debug\TBYS_WebParts\TBYS_WebParts_Feature1\TeminatListesiWP\TeminatListesiWP.webpart,UTF-8 with BOM
C:\Users\taylis\source\repos\PortalApps\TBYS_WebParts\pkg\Debug\TBYS_WebParts\TBYS_WebParts_Feature1\VasiyetciAdresListesiWP\Elements.xml,UTF-8 with BOM
C:\Users\taylis\source\repos\PortalApps\TBYS_WebParts\pkg\Debug\TBYS_WebParts\TBYS_WebParts_Feature1\VasiyetciAdresListesiWP\VasiyetciAdresListesiWP.webpart,UTF-8 with BOM
C:\Users\taylis\source\repos\PortalApps\TBYS_WebParts\pkg\Debug\TBYS_WebParts\TBYS_WebParts_Feature1\VasiyetciGirisiWP\Elements.xml,UTF-8 with BOM
C:\Users\taylis\source\repos\PortalApps\TBYS_WebParts\pkg\Debug\TBYS_WebParts\TBYS_WebParts_Feature1\VasiyetciGirisiWP\VasiyetciGirisiWP.webpart,UTF-8 with BOM
C:\Users\taylis\source\repos\PortalApps\TBYS_WebParts\pkg\Debug\TBYS_WebParts\TBYS_WebParts_Feature1\VasiyetciListesiWP\Elements.xml,UTF-8 with BOM
C:\Users\taylis\source\repos\PortalApps\TBYS_WebParts\pkg\Debug\TBYS_WebParts\TBYS_WebParts_Feature1\VasiyetciListesiWP\VasiyetciListesiWP.webpart,UTF-8 with BOM
C:\Users\taylis\source\repos\PortalApps\TBYS_WebParts\pkg\Debug\TBYS_WebParts\TBYS_WebParts_Feature1\YasalFaizWP\Elements.xml,UTF-8 with BOM
C:\Users\taylis\source\repos\PortalApps\TBYS_WebParts\pkg\Debug\TBYS_WebParts\TBYS_WebParts_Feature1\YasalFaizWP\YasalFaizWP.webpart,UTF-8 with BOM
C:\Users\taylis\source\repos\PortalApps\TBYS_WebParts\pkg\Debug\TBYS_WebParts\TBYS_WebParts_Feature1\YilBazindaSozlesmeWP\Elements.xml,UTF-8 with BOM
C:\Users\taylis\source\repos\PortalApps\TBYS_WebParts\pkg\Debug\TBYS_WebParts\TBYS_WebParts_Feature1\YilBazindaSozlesmeWP\YilBazindaSozlesmeWP.webpart,UTF-8 with BOM
C:\Users\taylis\source\repos\PortalApps\TBYS_WebParts\pkg\Debug\TBYS_WebParts\Utility.dll,windows-1254
C:\Users\taylis\source\repos\PortalApps\TBYS_WebParts\pkgobj\Debug\Package_Manifest.xml,UTF-8 with BOM
C:\Users\taylis\source\repos\PortalApps\TBYS_WebParts\pkgobj\Debug\TBYS_WebParts_Feature1_Feature.xml,UTF-8 with BOM
C:\Users\taylis\source\repos\PortalApps\TBYS_WebParts\pkgobj\Debug\TokenReplaceFolder\manifest.xml,UTF-8 with BOM
C:\Users\taylis\source\repos\PortalApps\TBYS_WebParts\pkgobj\Debug\TokenReplaceFolder\TBYS_WebParts_Feature1\BagimsizBolumWP\BagimsizBolumWP.webpart,UTF-8 with BOM
C:\Users\taylis\source\repos\PortalApps\TBYS_WebParts\pkgobj\Debug\TokenReplaceFolder\TBYS_WebParts_Feature1\BagimsizBolumWP\Elements.xml,UTF-8 with BOM
C:\Users\taylis\source\repos\PortalApps\TBYS_WebParts\pkgobj\Debug\TokenReplaceFolder\TBYS_WebParts_Feature1\BagisciBagislariWP\BagisciBagislariWP.webpart,UTF-8 with BOM
C:\Users\taylis\source\repos\PortalApps\TBYS_WebParts\pkgobj\Debug\TokenReplaceFolder\TBYS_WebParts_Feature1\BagisciBagislariWP\Elements.xml,UTF-8 with BOM
C:\Users\taylis\source\repos\PortalApps\TBYS_WebParts\pkgobj\Debug\TokenReplaceFolder\TBYS_WebParts_Feature1\BagisciTaahhutleriWP\BagisciTaahhutleriWP.webpart,UTF-8 with BOM
C:\Users\taylis\source\repos\PortalApps\TBYS_WebParts\pkgobj\Debug\TokenReplaceFolder\TBYS_WebParts_Feature1\BagisciTaahhutleriWP\Elements.xml,UTF-8 with BOM
C:\Users\taylis\source\repos\PortalApps\TBYS_WebParts\pkgobj\Debug\TokenReplaceFolder\TBYS_WebParts_Feature1\BagisciTalepleriWP\BagisciTalepleriWP.webpart,UTF-8 with BOM
C:\Users\taylis\source\repos\PortalApps\TBYS_WebParts\pkgobj\Debug\TokenReplaceFolder\TBYS_WebParts_Feature1\BagisciTalepleriWP\Elements.xml,UTF-8 with BOM
C:\Users\taylis\source\repos\PortalApps\TBYS_WebParts\pkgobj\Debug\TokenReplaceFolder\TBYS_WebParts_Feature1\BagisciYakinlariWP\BagisciYakinlariWP.webpart,UTF-8 with BOM
C:\Users\taylis\source\repos\PortalApps\TBYS_WebParts\pkgobj\Debug\TokenReplaceFolder\TBYS_WebParts_Feature1\BagisciYakinlariWP\Elements.xml,UTF-8 with BOM
C:\Users\taylis\source\repos\PortalApps\TBYS_WebParts\pkgobj\Debug\TokenReplaceFolder\TBYS_WebParts_Feature1\BorcluKiraciIslemleriWP\BorcluKiraciIslemleriWP.webpart,UTF-8 with BOM
C:\Users\taylis\source\repos\PortalApps\TBYS_WebParts\pkgobj\Debug\TokenReplaceFolder\TBYS_WebParts_Feature1\BorcluKiraciIslemleriWP\Elements.xml,UTF-8 with BOM
C:\Users\taylis\source\repos\PortalApps\TBYS_WebParts\pkgobj\Debug\TokenReplaceFolder\TBYS_WebParts_Feature1\BorcluKiracilarByBolgeWP\BorcluKiracilarByBolgeWP.webpart,UTF-8 with BOM
C:\Users\taylis\source\repos\PortalApps\TBYS_WebParts\pkgobj\Debug\TokenReplaceFolder\TBYS_WebParts_Feature1\BorcluKiracilarByBolgeWP\Elements.xml,UTF-8 with BOM
C:\Users\taylis\source\repos\PortalApps\TBYS_WebParts\pkgobj\Debug\TokenReplaceFolder\TBYS_WebParts_Feature1\BorcluKiracilarWP\BorcluKiracilarWP.webpart,UTF-8 with BOM
C:\Users\taylis\source\repos\PortalApps\TBYS_WebParts\pkgobj\Debug\TokenReplaceFolder\TBYS_WebParts_Feature1\BorcluKiracilarWP\Elements.xml,UTF-8 with BOM
C:\Users\taylis\source\repos\PortalApps\TBYS_WebParts\pkgobj\Debug\TokenReplaceFolder\TBYS_WebParts_Feature1\BorcluKiraciTakibiByBolgeWP\BorcluKiraciTakibiByBolgeWP.webpart,UTF-8 with BOM
C:\Users\taylis\source\repos\PortalApps\TBYS_WebParts\pkgobj\Debug\TokenReplaceFolder\TBYS_WebParts_Feature1\BorcluKiraciTakibiByBolgeWP\Elements.xml,UTF-8 with BOM
C:\Users\taylis\source\repos\PortalApps\TBYS_WebParts\pkgobj\Debug\TokenReplaceFolder\TBYS_WebParts_Feature1\DevirGerekenSozlesmelerWP\DevirGerekenSozlesmelerWP.webpart,UTF-8 with BOM
C:\Users\taylis\source\repos\PortalApps\TBYS_WebParts\pkgobj\Debug\TokenReplaceFolder\TBYS_WebParts_Feature1\DevirGerekenSozlesmelerWP\Elements.xml,UTF-8 with BOM
C:\Users\taylis\source\repos\PortalApps\TBYS_WebParts\pkgobj\Debug\TokenReplaceFolder\TBYS_WebParts_Feature1\EmptyWP\Elements.xml,UTF-8 with BOM
C:\Users\taylis\source\repos\PortalApps\TBYS_WebParts\pkgobj\Debug\TokenReplaceFolder\TBYS_WebParts_Feature1\EmptyWP\EmptyWP.webpart,UTF-8 with BOM
C:\Users\taylis\source\repos\PortalApps\TBYS_WebParts\pkgobj\Debug\TokenReplaceFolder\TBYS_WebParts_Feature1\EnvanterdenCikanTasinmazListesiWP\Elements.xml,UTF-8 with BOM
C:\Users\taylis\source\repos\PortalApps\TBYS_WebParts\pkgobj\Debug\TokenReplaceFolder\TBYS_WebParts_Feature1\EnvanterdenCikanTasinmazListesiWP\EnvanterdenCikanTasinmazListesiWP.webpart,UTF-8 with BOM
C:\Users\taylis\source\repos\PortalApps\TBYS_WebParts\pkgobj\Debug\TokenReplaceFolder\TBYS_WebParts_Feature1\EnvanterdenCikarmaWP\Elements.xml,UTF-8 with BOM
C:\Users\taylis\source\repos\PortalApps\TBYS_WebParts\pkgobj\Debug\TokenReplaceFolder\TBYS_WebParts_Feature1\EnvanterdenCikarmaWP\EnvanterdenCikarmaWP.webpart,UTF-8 with BOM
C:\Users\taylis\source\repos\PortalApps\TBYS_WebParts\pkgobj\Debug\TokenReplaceFolder\TBYS_WebParts_Feature1\Feature.xml,UTF-8 with BOM
C:\Users\taylis\source\repos\PortalApps\TBYS_WebParts\pkgobj\Debug\TokenReplaceFolder\TBYS_WebParts_Feature1\GecikmeZammiWP\Elements.xml,UTF-8 with BOM
C:\Users\taylis\source\repos\PortalApps\TBYS_WebParts\pkgobj\Debug\TokenReplaceFolder\TBYS_WebParts_Feature1\GecikmeZammiWP\GecikmeZammiWP.webpart,UTF-8 with BOM
C:\Users\taylis\source\repos\PortalApps\TBYS_WebParts\pkgobj\Debug\TokenReplaceFolder\TBYS_WebParts_Feature1\GenelSozlesmeListesiWP\Elements.xml,UTF-8 with BOM
C:\Users\taylis\source\repos\PortalApps\TBYS_WebParts\pkgobj\Debug\TokenReplaceFolder\TBYS_WebParts_Feature1\GenelSozlesmeListesiWP\GenelSozlesmeListesiWP.webpart,UTF-8 with BOM
C:\Users\taylis\source\repos\PortalApps\TBYS_WebParts\pkgobj\Debug\TokenReplaceFolder\TBYS_WebParts_Feature1\GerceklesenKiraArtislariWP\Elements.xml,UTF-8 with BOM
C:\Users\taylis\source\repos\PortalApps\TBYS_WebParts\pkgobj\Debug\TokenReplaceFolder\TBYS_WebParts_Feature1\GerceklesenKiraArtislariWP\GerceklesenKiraArtislariWP.webpart,UTF-8 with BOM
C:\Users\taylis\source\repos\PortalApps\TBYS_WebParts\pkgobj\Debug\TokenReplaceFolder\TBYS_WebParts_Feature1\HukukiTakipListesiWP\Elements.xml,UTF-8 with BOM
C:\Users\taylis\source\repos\PortalApps\TBYS_WebParts\pkgobj\Debug\TokenReplaceFolder\TBYS_WebParts_Feature1\HukukiTakipListesiWP\HukukiTakipListesiWP.webpart,UTF-8 with BOM
C:\Users\taylis\source\repos\PortalApps\TBYS_WebParts\pkgobj\Debug\TokenReplaceFolder\TBYS_WebParts_Feature1\KiraArtisCizelgesiWP\Elements.xml,UTF-8 with BOM
C:\Users\taylis\source\repos\PortalApps\TBYS_WebParts\pkgobj\Debug\TokenReplaceFolder\TBYS_WebParts_Feature1\KiraArtisCizelgesiWP\KiraArtisCizelgesiWP.webpart,UTF-8 with BOM
C:\Users\taylis\source\repos\PortalApps\TBYS_WebParts\pkgobj\Debug\TokenReplaceFolder\TBYS_WebParts_Feature1\KiraArtisYazisiWP\Elements.xml,UTF-8 with BOM
C:\Users\taylis\source\repos\PortalApps\TBYS_WebParts\pkgobj\Debug\TokenReplaceFolder\TBYS_WebParts_Feature1\KiraArtisYazisiWP\KiraArtisYazisiWP.webpart,UTF-8 with BOM
C:\Users\taylis\source\repos\PortalApps\TBYS_WebParts\pkgobj\Debug\TokenReplaceFolder\TBYS_WebParts_Feature1\KiraBakiyeDevriWP\Elements.xml,UTF-8 with BOM
C:\Users\taylis\source\repos\PortalApps\TBYS_WebParts\pkgobj\Debug\TokenReplaceFolder\TBYS_WebParts_Feature1\KiraBakiyeDevriWP\KiraBakiyeDevriWP.webpart,UTF-8 with BOM
C:\Users\taylis\source\repos\PortalApps\TBYS_WebParts\pkgobj\Debug\TokenReplaceFolder\TBYS_WebParts_Feature1\KiraBankaEkstreListesiWP\Elements.xml,UTF-8 with BOM
C:\Users\taylis\source\repos\PortalApps\TBYS_WebParts\pkgobj\Debug\TokenReplaceFolder\TBYS_WebParts_Feature1\KiraBankaEkstreListesiWP\KiraBankaEkstreListesiWP.webpart,UTF-8 with BOM
C:\Users\taylis\source\repos\PortalApps\TBYS_WebParts\pkgobj\Debug\TokenReplaceFolder\TBYS_WebParts_Feature1\KiraBorcuYazisiWP\Elements.xml,UTF-8 with BOM
C:\Users\taylis\source\repos\PortalApps\TBYS_WebParts\pkgobj\Debug\TokenReplaceFolder\TBYS_WebParts_Feature1\KiraBorcuYazisiWP\KiraBorcuYazisiWP.webpart,UTF-8 with BOM
C:\Users\taylis\source\repos\PortalApps\TBYS_WebParts\pkgobj\Debug\TokenReplaceFolder\TBYS_WebParts_Feature1\KiraciAylikOdemeWP\Elements.xml,UTF-8 with BOM
C:\Users\taylis\source\repos\PortalApps\TBYS_WebParts\pkgobj\Debug\TokenReplaceFolder\TBYS_WebParts_Feature1\KiraciAylikOdemeWP\KiraciAylikOdemeWP.webpart,UTF-8 with BOM
C:\Users\taylis\source\repos\PortalApps\TBYS_WebParts\pkgobj\Debug\TokenReplaceFolder\TBYS_WebParts_Feature1\KiraciEslestirWP\Elements.xml,UTF-8 with BOM
C:\Users\taylis\source\repos\PortalApps\TBYS_WebParts\pkgobj\Debug\TokenReplaceFolder\TBYS_WebParts_Feature1\KiraciEslestirWP\KiraciEslestirWP.webpart,UTF-8 with BOM
C:\Users\taylis\source\repos\PortalApps\TBYS_WebParts\pkgobj\Debug\TokenReplaceFolder\TBYS_WebParts_Feature1\KiraciGirisiWP\Elements.xml,UTF-8 with BOM
C:\Users\taylis\source\repos\PortalApps\TBYS_WebParts\pkgobj\Debug\TokenReplaceFolder\TBYS_WebParts_Feature1\KiraciGirisiWP\KiraciGirisiWP.webpart,UTF-8 with BOM
C:\Users\taylis\source\repos\PortalApps\TBYS_WebParts\pkgobj\Debug\TokenReplaceFolder\TBYS_WebParts_Feature1\KiraciListesiWP\Elements.xml,UTF-8 with BOM
C:\Users\taylis\source\repos\PortalApps\TBYS_WebParts\pkgobj\Debug\TokenReplaceFolder\TBYS_WebParts_Feature1\KiraciListesiWP\KiraciListesiWP.webpart,UTF-8 with BOM
C:\Users\taylis\source\repos\PortalApps\TBYS_WebParts\pkgobj\Debug\TokenReplaceFolder\TBYS_WebParts_Feature1\KiradaOlanTasinmazlarWP\Elements.xml,UTF-8 with BOM
C:\Users\taylis\source\repos\PortalApps\TBYS_WebParts\pkgobj\Debug\TokenReplaceFolder\TBYS_WebParts_Feature1\KiradaOlanTasinmazlarWP\KiradaOlanTasinmazlarWP.webpart,UTF-8 with BOM
C:\Users\taylis\source\repos\PortalApps\TBYS_WebParts\pkgobj\Debug\TokenReplaceFolder\TBYS_WebParts_Feature1\KiraGeliriTahakkukTahsilWP\Elements.xml,UTF-8 with BOM
C:\Users\taylis\source\repos\PortalApps\TBYS_WebParts\pkgobj\Debug\TokenReplaceFolder\TBYS_WebParts_Feature1\KiraGeliriTahakkukTahsilWP\KiraGeliriTahakkukTahsilWP.webpart,UTF-8 with BOM
C:\Users\taylis\source\repos\PortalApps\TBYS_WebParts\pkgobj\Debug\TokenReplaceFolder\TBYS_WebParts_Feature1\KiraGelirleriAyDokumuWP\Elements.xml,UTF-8 with BOM
C:\Users\taylis\source\repos\PortalApps\TBYS_WebParts\pkgobj\Debug\TokenReplaceFolder\TBYS_WebParts_Feature1\KiraGelirleriAyDokumuWP\KiraGelirleriAyDokumuWP.webpart,UTF-8 with BOM
C:\Users\taylis\source\repos\PortalApps\TBYS_WebParts\pkgobj\Debug\TokenReplaceFolder\TBYS_WebParts_Feature1\KiraKartiWP\Elements.xml,UTF-8 with BOM
C:\Users\taylis\source\repos\PortalApps\TBYS_WebParts\pkgobj\Debug\TokenReplaceFolder\TBYS_WebParts_Feature1\KiraKartiWP\KiraKartiWP.webpart,UTF-8 with BOM
C:\Users\taylis\source\repos\PortalApps\TBYS_WebParts\pkgobj\Debug\TokenReplaceFolder\TBYS_WebParts_Feature1\KiraOdemeDosyasiYuklemeWP\Elements.xml,UTF-8 with BOM
C:\Users\taylis\source\repos\PortalApps\TBYS_WebParts\pkgobj\Debug\TokenReplaceFolder\TBYS_WebParts_Feature1\KiraOdemeDosyasiYuklemeWP\KiraOdemeDosyasiYuklemeWP.webpart,UTF-8 with BOM
C:\Users\taylis\source\repos\PortalApps\TBYS_WebParts\pkgobj\Debug\TokenReplaceFolder\TBYS_WebParts_Feature1\KiraSozlesmeListesiWP\Elements.xml,UTF-8 with BOM
C:\Users\taylis\source\repos\PortalApps\TBYS_WebParts\pkgobj\Debug\TokenReplaceFolder\TBYS_WebParts_Feature1\KiraSozlesmeListesiWP\KiraSozlesmeListesiWP.webpart,UTF-8 with BOM
C:\Users\taylis\source\repos\PortalApps\TBYS_WebParts\pkgobj\Debug\TokenReplaceFolder\TBYS_WebParts_Feature1\KiraSozlesmeSiralamaWP\Elements.xml,UTF-8 with BOM
C:\Users\taylis\source\repos\PortalApps\TBYS_WebParts\pkgobj\Debug\TokenReplaceFolder\TBYS_WebParts_Feature1\KiraSozlesmeSiralamaWP\KiraSozlesmeSiralamaWP.webpart,UTF-8 with BOM
C:\Users\taylis\source\repos\PortalApps\TBYS_WebParts\pkgobj\Debug\TokenReplaceFolder\TBYS_WebParts_Feature1\KiraSozlesmesiWP\Elements.xml,UTF-8 with BOM
C:\Users\taylis\source\repos\PortalApps\TBYS_WebParts\pkgobj\Debug\TokenReplaceFolder\TBYS_WebParts_Feature1\KiraSozlesmesiWP\KiraSozlesmesiWP.webpart,UTF-8 with BOM
C:\Users\taylis\source\repos\PortalApps\TBYS_WebParts\pkgobj\Debug\TokenReplaceFolder\TBYS_WebParts_Feature1\KirayaVerilmeyenTasinmazlarWP\Elements.xml,UTF-8 with BOM
C:\Users\taylis\source\repos\PortalApps\TBYS_WebParts\pkgobj\Debug\TokenReplaceFolder\TBYS_WebParts_Feature1\KirayaVerilmeyenTasinmazlarWP\KirayaVerilmeyenTasinmazlarWP.webpart,UTF-8 with BOM
C:\Users\taylis\source\repos\PortalApps\TBYS_WebParts\pkgobj\Debug\TokenReplaceFolder\TBYS_WebParts_Feature1\KPSSorguListesiWP\Elements.xml,UTF-8 with BOM
C:\Users\taylis\source\repos\PortalApps\TBYS_WebParts\pkgobj\Debug\TokenReplaceFolder\TBYS_WebParts_Feature1\KPSSorguListesiWP\KPSSorguListesiWP.webpart,UTF-8 with BOM
C:\Users\taylis\source\repos\PortalApps\TBYS_WebParts\pkgobj\Debug\TokenReplaceFolder\TBYS_WebParts_Feature1\KPSSorguSonucuWP\Elements.xml,UTF-8 with BOM
C:\Users\taylis\source\repos\PortalApps\TBYS_WebParts\pkgobj\Debug\TokenReplaceFolder\TBYS_WebParts_Feature1\KPSSorguSonucuWP\KPSSorguSonucuWP.webpart,UTF-8 with BOM
C:\Users\taylis\source\repos\PortalApps\TBYS_WebParts\pkgobj\Debug\TokenReplaceFolder\TBYS_WebParts_Feature1\MevcutKiracilarWP\Elements.xml,UTF-8 with BOM
C:\Users\taylis\source\repos\PortalApps\TBYS_WebParts\pkgobj\Debug\TokenReplaceFolder\TBYS_WebParts_Feature1\MevcutKiracilarWP\MevcutKiracilarWP.webpart,UTF-8 with BOM
C:\Users\taylis\source\repos\PortalApps\TBYS_WebParts\pkgobj\Debug\TokenReplaceFolder\TBYS_WebParts_Feature1\MulkiyetiOlmayanTasinmazGirisiWP\Elements.xml,UTF-8 with BOM
C:\Users\taylis\source\repos\PortalApps\TBYS_WebParts\pkgobj\Debug\TokenReplaceFolder\TBYS_WebParts_Feature1\MulkiyetiOlmayanTasinmazGirisiWP\MulkiyetiOlmayanTasinmazGirisiWP.webpart,UTF-8 with BOM
C:\Users\taylis\source\repos\PortalApps\TBYS_WebParts\pkgobj\Debug\TokenReplaceFolder\TBYS_WebParts_Feature1\MulkiyetiOlmayanTasinmazListesiWP\Elements.xml,UTF-8 with BOM
C:\Users\taylis\source\repos\PortalApps\TBYS_WebParts\pkgobj\Debug\TokenReplaceFolder\TBYS_WebParts_Feature1\MulkiyetiOlmayanTasinmazListesiWP\MulkiyetiOlmayanTasinmazListesiWP.webpart,UTF-8 with BOM
C:\Users\taylis\source\repos\PortalApps\TBYS_WebParts\pkgobj\Debug\TokenReplaceFolder\TBYS_WebParts_Feature1\OdemeAyristirmaWP\Elements.xml,UTF-8 with BOM
C:\Users\taylis\source\repos\PortalApps\TBYS_WebParts\pkgobj\Debug\TokenReplaceFolder\TBYS_WebParts_Feature1\OdemeAyristirmaWP\OdemeAyristirmaWP.webpart,UTF-8 with BOM
C:\Users\taylis\source\repos\PortalApps\TBYS_WebParts\pkgobj\Debug\TokenReplaceFolder\TBYS_WebParts_Feature1\OdemeGirisWP\Elements.xml,UTF-8 with BOM
C:\Users\taylis\source\repos\PortalApps\TBYS_WebParts\pkgobj\Debug\TokenReplaceFolder\TBYS_WebParts_Feature1\OdemeGirisWP\OdemeGirisWP.webpart,UTF-8 with BOM
C:\Users\taylis\source\repos\PortalApps\TBYS_WebParts\pkgobj\Debug\TokenReplaceFolder\TBYS_WebParts_Feature1\OdemePlaniListesiWP\Elements.xml,UTF-8 with BOM
C:\Users\taylis\source\repos\PortalApps\TBYS_WebParts\pkgobj\Debug\TokenReplaceFolder\TBYS_WebParts_Feature1\OdemePlaniListesiWP\OdemePlaniListesiWP.webpart,UTF-8 with BOM
C:\Users\taylis\source\repos\PortalApps\TBYS_WebParts\pkgobj\Debug\TokenReplaceFolder\TBYS_WebParts_Feature1\OdemePlaniWP\Elements.xml,UTF-8 with BOM
C:\Users\taylis\source\repos\PortalApps\TBYS_WebParts\pkgobj\Debug\TokenReplaceFolder\TBYS_WebParts_Feature1\OdemePlaniWP\OdemePlaniWP.webpart,UTF-8 with BOM
C:\Users\taylis\source\repos\PortalApps\TBYS_WebParts\pkgobj\Debug\TokenReplaceFolder\TBYS_WebParts_Feature1\SharePointLibraryFileListWP\Elements.xml,UTF-8 with BOM
C:\Users\taylis\source\repos\PortalApps\TBYS_WebParts\pkgobj\Debug\TokenReplaceFolder\TBYS_WebParts_Feature1\SharePointLibraryFileListWP\SharePointLibraryFileListWP.webpart,UTF-8 with BOM
C:\Users\taylis\source\repos\PortalApps\TBYS_WebParts\pkgobj\Debug\TokenReplaceFolder\TBYS_WebParts_Feature1\SigortaDurumuDaskWP\Elements.xml,UTF-8 with BOM
C:\Users\taylis\source\repos\PortalApps\TBYS_WebParts\pkgobj\Debug\TokenReplaceFolder\TBYS_WebParts_Feature1\SigortaDurumuDaskWP\SigortaDurumuDaskWP.webpart,UTF-8 with BOM
C:\Users\taylis\source\repos\PortalApps\TBYS_WebParts\pkgobj\Debug\TokenReplaceFolder\TBYS_WebParts_Feature1\SigortaEkleSilWP\Elements.xml,UTF-8 with BOM
C:\Users\taylis\source\repos\PortalApps\TBYS_WebParts\pkgobj\Debug\TokenReplaceFolder\TBYS_WebParts_Feature1\SigortaEkleSilWP\SigortaEkleSilWP.webpart,UTF-8 with BOM
C:\Users\taylis\source\repos\PortalApps\TBYS_WebParts\pkgobj\Debug\TokenReplaceFolder\TBYS_WebParts_Feature1\SozlesmeTasinmazWP\Elements.xml,UTF-8 with BOM
C:\Users\taylis\source\repos\PortalApps\TBYS_WebParts\pkgobj\Debug\TokenReplaceFolder\TBYS_WebParts_Feature1\SozlesmeTasinmazWP\SozlesmeTasinmazWP.webpart,UTF-8 with BOM
C:\Users\taylis\source\repos\PortalApps\TBYS_WebParts\pkgobj\Debug\TokenReplaceFolder\TBYS_WebParts_Feature1\TaahhutListesiWP\Elements.xml,UTF-8 with BOM
C:\Users\taylis\source\repos\PortalApps\TBYS_WebParts\pkgobj\Debug\TokenReplaceFolder\TBYS_WebParts_Feature1\TaahhutListesiWP\TaahhutListesiWP.webpart,UTF-8 with BOM
C:\Users\taylis\source\repos\PortalApps\TBYS_WebParts\pkgobj\Debug\TokenReplaceFolder\TBYS_WebParts_Feature1\TasinmazBagisciBilgiListesiWP\Elements.xml,UTF-8 with BOM
C:\Users\taylis\source\repos\PortalApps\TBYS_WebParts\pkgobj\Debug\TokenReplaceFolder\TBYS_WebParts_Feature1\TasinmazBagisciBilgiListesiWP\TasinmazBagisciBilgiListesiWP.webpart,UTF-8 with BOM
C:\Users\taylis\source\repos\PortalApps\TBYS_WebParts\pkgobj\Debug\TokenReplaceFolder\TBYS_WebParts_Feature1\TasinmazBagisciGirisiWP\Elements.xml,UTF-8 with BOM
C:\Users\taylis\source\repos\PortalApps\TBYS_WebParts\pkgobj\Debug\TokenReplaceFolder\TBYS_WebParts_Feature1\TasinmazBagisciGirisiWP\TasinmazBagisciGirisiWP.webpart,UTF-8 with BOM
C:\Users\taylis\source\repos\PortalApps\TBYS_WebParts\pkgobj\Debug\TokenReplaceFolder\TBYS_WebParts_Feature1\TasinmazBagisciKartiWP\Elements.xml,UTF-8 with BOM
C:\Users\taylis\source\repos\PortalApps\TBYS_WebParts\pkgobj\Debug\TokenReplaceFolder\TBYS_WebParts_Feature1\TasinmazBagisciKartiWP\TasinmazBagisciKartiWP.webpart,UTF-8 with BOM
C:\Users\taylis\source\repos\PortalApps\TBYS_WebParts\pkgobj\Debug\TokenReplaceFolder\TBYS_WebParts_Feature1\TasinmazBagisciListesiWP\Elements.xml,UTF-8 with BOM
C:\Users\taylis\source\repos\PortalApps\TBYS_WebParts\pkgobj\Debug\TokenReplaceFolder\TBYS_WebParts_Feature1\TasinmazBagisciListesiWP\TasinmazBagisciListesiWP.webpart,UTF-8 with BOM
C:\Users\taylis\source\repos\PortalApps\TBYS_WebParts\pkgobj\Debug\TokenReplaceFolder\TBYS_WebParts_Feature1\TasinmazBagisHaritasiWP\Elements.xml,UTF-8 with BOM
C:\Users\taylis\source\repos\PortalApps\TBYS_WebParts\pkgobj\Debug\TokenReplaceFolder\TBYS_WebParts_Feature1\TasinmazBagisHaritasiWP\TasinmazBagisHaritasiWP.webpart,UTF-8 with BOM
C:\Users\taylis\source\repos\PortalApps\TBYS_WebParts\pkgobj\Debug\TokenReplaceFolder\TBYS_WebParts_Feature1\TasinmazBagisWP\Elements.xml,UTF-8 with BOM
C:\Users\taylis\source\repos\PortalApps\TBYS_WebParts\pkgobj\Debug\TokenReplaceFolder\TBYS_WebParts_Feature1\TasinmazBagisWP\TasinmazBagisWP.webpart,UTF-8 with BOM
C:\Users\taylis\source\repos\PortalApps\TBYS_WebParts\pkgobj\Debug\TokenReplaceFolder\TBYS_WebParts_Feature1\TasinmazBolgeRaporuWP\Elements.xml,UTF-8 with BOM
C:\Users\taylis\source\repos\PortalApps\TBYS_WebParts\pkgobj\Debug\TokenReplaceFolder\TBYS_WebParts_Feature1\TasinmazBolgeRaporuWP\TasinmazBolgeRaporuWP.webpart,UTF-8 with BOM
C:\Users\taylis\source\repos\PortalApps\TBYS_WebParts\pkgobj\Debug\TokenReplaceFolder\TBYS_WebParts_Feature1\TasinmazDurumRaporuWP\Elements.xml,UTF-8 with BOM
C:\Users\taylis\source\repos\PortalApps\TBYS_WebParts\pkgobj\Debug\TokenReplaceFolder\TBYS_WebParts_Feature1\TasinmazDurumRaporuWP\TasinmazDurumRaporuWP.webpart,UTF-8 with BOM
C:\Users\taylis\source\repos\PortalApps\TBYS_WebParts\pkgobj\Debug\TokenReplaceFolder\TBYS_WebParts_Feature1\TasinmazGirisiWP\Elements.xml,UTF-8 with BOM
C:\Users\taylis\source\repos\PortalApps\TBYS_WebParts\pkgobj\Debug\TokenReplaceFolder\TBYS_WebParts_Feature1\TasinmazGirisiWP\TasinmazGirisiWP.webpart,UTF-8 with BOM
C:\Users\taylis\source\repos\PortalApps\TBYS_WebParts\pkgobj\Debug\TokenReplaceFolder\TBYS_WebParts_Feature1\TasinmazKartiWP\Elements.xml,UTF-8 with BOM
C:\Users\taylis\source\repos\PortalApps\TBYS_WebParts\pkgobj\Debug\TokenReplaceFolder\TBYS_WebParts_Feature1\TasinmazKartiWP\TasinmazKartiWP.webpart,UTF-8 with BOM
C:\Users\taylis\source\repos\PortalApps\TBYS_WebParts\pkgobj\Debug\TokenReplaceFolder\TBYS_WebParts_Feature1\TasinmazListesiWP\Elements.xml,UTF-8 with BOM
C:\Users\taylis\source\repos\PortalApps\TBYS_WebParts\pkgobj\Debug\TokenReplaceFolder\TBYS_WebParts_Feature1\TasinmazListesiWP\TasinmazListesiWP.webpart,UTF-8 with BOM
C:\Users\taylis\source\repos\PortalApps\TBYS_WebParts\pkgobj\Debug\TokenReplaceFolder\TBYS_WebParts_Feature1\TasinmazOnarimGirisiWP\Elements.xml,UTF-8 with BOM
C:\Users\taylis\source\repos\PortalApps\TBYS_WebParts\pkgobj\Debug\TokenReplaceFolder\TBYS_WebParts_Feature1\TasinmazOnarimGirisiWP\TasinmazOnarimGirisiWP.webpart,UTF-8 with BOM
C:\Users\taylis\source\repos\PortalApps\TBYS_WebParts\pkgobj\Debug\TokenReplaceFolder\TBYS_WebParts_Feature1\TasinmazOnarimListesiWP\Elements.xml,UTF-8 with BOM
C:\Users\taylis\source\repos\PortalApps\TBYS_WebParts\pkgobj\Debug\TokenReplaceFolder\TBYS_WebParts_Feature1\TasinmazOnarimListesiWP\TasinmazOnarimListesiWP.webpart,UTF-8 with BOM
C:\Users\taylis\source\repos\PortalApps\TBYS_WebParts\pkgobj\Debug\TokenReplaceFolder\TBYS_WebParts_Feature1\TasinmazResimleriWP\Elements.xml,UTF-8 with BOM
C:\Users\taylis\source\repos\PortalApps\TBYS_WebParts\pkgobj\Debug\TokenReplaceFolder\TBYS_WebParts_Feature1\TasinmazResimleriWP\TasinmazResimleriWP.webpart,UTF-8 with BOM
C:\Users\taylis\source\repos\PortalApps\TBYS_WebParts\pkgobj\Debug\TokenReplaceFolder\TBYS_WebParts_Feature1\TasinmazSigortaGirisWP\Elements.xml,UTF-8 with BOM
C:\Users\taylis\source\repos\PortalApps\TBYS_WebParts\pkgobj\Debug\TokenReplaceFolder\TBYS_WebParts_Feature1\TasinmazSigortaGirisWP\TasinmazSigortaGirisWP.webpart,UTF-8 with BOM
C:\Users\taylis\source\repos\PortalApps\TBYS_WebParts\pkgobj\Debug\TokenReplaceFolder\TBYS_WebParts_Feature1\TasinmazSigortaListesiWP\Elements.xml,UTF-8 with BOM
C:\Users\taylis\source\repos\PortalApps\TBYS_WebParts\pkgobj\Debug\TokenReplaceFolder\TBYS_WebParts_Feature1\TasinmazSigortaListesiWP\TasinmazSigortaListesiWP.webpart,UTF-8 with BOM
C:\Users\taylis\source\repos\PortalApps\TBYS_WebParts\pkgobj\Debug\TokenReplaceFolder\TBYS_WebParts_Feature1\TasinmazSorgulamaWP\Elements.xml,UTF-8 with BOM
C:\Users\taylis\source\repos\PortalApps\TBYS_WebParts\pkgobj\Debug\TokenReplaceFolder\TBYS_WebParts_Feature1\TasinmazSorgulamaWP\TasinmazSorgulamaWP.webpart,UTF-8 with BOM
C:\Users\taylis\source\repos\PortalApps\TBYS_WebParts\pkgobj\Debug\TokenReplaceFolder\TBYS_WebParts_Feature1\TeminatDurumRaporuWP\Elements.xml,UTF-8 with BOM
C:\Users\taylis\source\repos\PortalApps\TBYS_WebParts\pkgobj\Debug\TokenReplaceFolder\TBYS_WebParts_Feature1\TeminatDurumRaporuWP\TeminatDurumRaporuWP.webpart,UTF-8 with BOM
C:\Users\taylis\source\repos\PortalApps\TBYS_WebParts\pkgobj\Debug\TokenReplaceFolder\TBYS_WebParts_Feature1\TeminatIslemleriWP\Elements.xml,UTF-8 with BOM
C:\Users\taylis\source\repos\PortalApps\TBYS_WebParts\pkgobj\Debug\TokenReplaceFolder\TBYS_WebParts_Feature1\TeminatIslemleriWP\TeminatIslemleriWP.webpart,UTF-8 with BOM
C:\Users\taylis\source\repos\PortalApps\TBYS_WebParts\pkgobj\Debug\TokenReplaceFolder\TBYS_WebParts_Feature1\TeminatListesiWP\Elements.xml,UTF-8 with BOM
C:\Users\taylis\source\repos\PortalApps\TBYS_WebParts\pkgobj\Debug\TokenReplaceFolder\TBYS_WebParts_Feature1\TeminatListesiWP\TeminatListesiWP.webpart,UTF-8 with BOM
C:\Users\taylis\source\repos\PortalApps\TBYS_WebParts\pkgobj\Debug\TokenReplaceFolder\TBYS_WebParts_Feature1\VasiyetciAdresListesiWP\Elements.xml,UTF-8 with BOM
C:\Users\taylis\source\repos\PortalApps\TBYS_WebParts\pkgobj\Debug\TokenReplaceFolder\TBYS_WebParts_Feature1\VasiyetciAdresListesiWP\VasiyetciAdresListesiWP.webpart,UTF-8 with BOM
C:\Users\taylis\source\repos\PortalApps\TBYS_WebParts\pkgobj\Debug\TokenReplaceFolder\TBYS_WebParts_Feature1\VasiyetciGirisiWP\Elements.xml,UTF-8 with BOM
C:\Users\taylis\source\repos\PortalApps\TBYS_WebParts\pkgobj\Debug\TokenReplaceFolder\TBYS_WebParts_Feature1\VasiyetciGirisiWP\VasiyetciGirisiWP.webpart,UTF-8 with BOM
C:\Users\taylis\source\repos\PortalApps\TBYS_WebParts\pkgobj\Debug\TokenReplaceFolder\TBYS_WebParts_Feature1\VasiyetciListesiWP\Elements.xml,UTF-8 with BOM
C:\Users\taylis\source\repos\PortalApps\TBYS_WebParts\pkgobj\Debug\TokenReplaceFolder\TBYS_WebParts_Feature1\VasiyetciListesiWP\VasiyetciListesiWP.webpart,UTF-8 with BOM
C:\Users\taylis\source\repos\PortalApps\TBYS_WebParts\pkgobj\Debug\TokenReplaceFolder\TBYS_WebParts_Feature1\YasalFaizWP\Elements.xml,UTF-8 with BOM
C:\Users\taylis\source\repos\PortalApps\TBYS_WebParts\pkgobj\Debug\TokenReplaceFolder\TBYS_WebParts_Feature1\YasalFaizWP\YasalFaizWP.webpart,UTF-8 with BOM
C:\Users\taylis\source\repos\PortalApps\TBYS_WebParts\pkgobj\Debug\TokenReplaceFolder\TBYS_WebParts_Feature1\YilBazindaSozlesmeWP\Elements.xml,UTF-8 with BOM
C:\Users\taylis\source\repos\PortalApps\TBYS_WebParts\pkgobj\Debug\TokenReplaceFolder\TBYS_WebParts_Feature1\YilBazindaSozlesmeWP\YilBazindaSozlesmeWP.webpart,UTF-8 with BOM
C:\Users\taylis\source\repos\PortalApps\TBYS_WebParts\Properties\AssemblyInfo.cs,windows-1254
C:\Users\taylis\source\repos\PortalApps\TBYS_WebParts\SharePointLibraryFileListWP\Elements.xml,UTF-8 with BOM
C:\Users\taylis\source\repos\PortalApps\TBYS_WebParts\SharePointLibraryFileListWP\SharePointLibraryFileListWP.ascx,UTF-8 with BOM
C:\Users\taylis\source\repos\PortalApps\TBYS_WebParts\SharePointLibraryFileListWP\SharePointLibraryFileListWP.ascx.cs,windows-1254
C:\Users\taylis\source\repos\PortalApps\TBYS_WebParts\SharePointLibraryFileListWP\SharePointLibraryFileListWP.ascx.g.cs,windows-1254
C:\Users\taylis\source\repos\PortalApps\TBYS_WebParts\SharePointLibraryFileListWP\SharePointLibraryFileListWP.webpart,UTF-8 with BOM
C:\Users\taylis\source\repos\PortalApps\TBYS_WebParts\SharePointLibraryFileListWP\SharePointProjectItem.spdata,UTF-8 with BOM
C:\Users\taylis\source\repos\PortalApps\TBYS_WebParts\SigortaDurumuDaskWP\Elements.xml,UTF-8 with BOM
C:\Users\taylis\source\repos\PortalApps\TBYS_WebParts\SigortaDurumuDaskWP\SharePointProjectItem.spdata,UTF-8 with BOM
C:\Users\taylis\source\repos\PortalApps\TBYS_WebParts\SigortaDurumuDaskWP\SigortaDurumuDaskWP.ascx,UTF-8 with BOM
C:\Users\taylis\source\repos\PortalApps\TBYS_WebParts\SigortaDurumuDaskWP\SigortaDurumuDaskWP.ascx.cs,UTF-8 (no BOM)
C:\Users\taylis\source\repos\PortalApps\TBYS_WebParts\SigortaDurumuDaskWP\SigortaDurumuDaskWP.ascx.g.cs,windows-1254
C:\Users\taylis\source\repos\PortalApps\TBYS_WebParts\SigortaDurumuDaskWP\SigortaDurumuDaskWP.webpart,UTF-8 with BOM
C:\Users\taylis\source\repos\PortalApps\TBYS_WebParts\SigortaEkleSilWP\Elements.xml,UTF-8 with BOM
C:\Users\taylis\source\repos\PortalApps\TBYS_WebParts\SigortaEkleSilWP\SharePointProjectItem.spdata,UTF-8 with BOM
C:\Users\taylis\source\repos\PortalApps\TBYS_WebParts\SigortaEkleSilWP\SigortaEkleSilWP.ascx,UTF-8 with BOM
C:\Users\taylis\source\repos\PortalApps\TBYS_WebParts\SigortaEkleSilWP\SigortaEkleSilWP.ascx.cs,windows-1254
C:\Users\taylis\source\repos\PortalApps\TBYS_WebParts\SigortaEkleSilWP\SigortaEkleSilWP.ascx.g.cs,windows-1254
C:\Users\taylis\source\repos\PortalApps\TBYS_WebParts\SigortaEkleSilWP\SigortaEkleSilWP.webpart,UTF-8 with BOM
C:\Users\taylis\source\repos\PortalApps\TBYS_WebParts\SozlesmeTasinmazWP\Elements.xml,UTF-8 with BOM
C:\Users\taylis\source\repos\PortalApps\TBYS_WebParts\SozlesmeTasinmazWP\SharePointProjectItem.spdata,UTF-8 with BOM
C:\Users\taylis\source\repos\PortalApps\TBYS_WebParts\SozlesmeTasinmazWP\SozlesmeTasinmazWP.ascx,UTF-8 with BOM
C:\Users\taylis\source\repos\PortalApps\TBYS_WebParts\SozlesmeTasinmazWP\SozlesmeTasinmazWP.ascx.cs,windows-1254
C:\Users\taylis\source\repos\PortalApps\TBYS_WebParts\SozlesmeTasinmazWP\SozlesmeTasinmazWP.ascx.g.cs,windows-1254
C:\Users\taylis\source\repos\PortalApps\TBYS_WebParts\SozlesmeTasinmazWP\SozlesmeTasinmazWP.webpart,UTF-8 with BOM
C:\Users\taylis\source\repos\PortalApps\TBYS_WebParts\TaahhutListesiWP\Elements.xml,UTF-8 with BOM
C:\Users\taylis\source\repos\PortalApps\TBYS_WebParts\TaahhutListesiWP\SharePointProjectItem.spdata,UTF-8 with BOM
C:\Users\taylis\source\repos\PortalApps\TBYS_WebParts\TaahhutListesiWP\TaahhutListesiWP.ascx,UTF-8 with BOM
C:\Users\taylis\source\repos\PortalApps\TBYS_WebParts\TaahhutListesiWP\TaahhutListesiWP.ascx.cs,windows-1254
C:\Users\taylis\source\repos\PortalApps\TBYS_WebParts\TaahhutListesiWP\TaahhutListesiWP.ascx.g.cs,windows-1254
C:\Users\taylis\source\repos\PortalApps\TBYS_WebParts\TaahhutListesiWP\TaahhutListesiWP.webpart,UTF-8 with BOM
C:\Users\taylis\source\repos\PortalApps\TBYS_WebParts\TasinmazBagisciBilgiListesiWP\Elements.xml,UTF-8 with BOM
C:\Users\taylis\source\repos\PortalApps\TBYS_WebParts\TasinmazBagisciBilgiListesiWP\SharePointProjectItem.spdata,UTF-8 with BOM
C:\Users\taylis\source\repos\PortalApps\TBYS_WebParts\TasinmazBagisciBilgiListesiWP\TasinmazBagisciBilgiListesiWP.ascx,UTF-8 with BOM
C:\Users\taylis\source\repos\PortalApps\TBYS_WebParts\TasinmazBagisciBilgiListesiWP\TasinmazBagisciBilgiListesiWP.ascx.cs,windows-1254
C:\Users\taylis\source\repos\PortalApps\TBYS_WebParts\TasinmazBagisciBilgiListesiWP\TasinmazBagisciBilgiListesiWP.ascx.g.cs,windows-1254
C:\Users\taylis\source\repos\PortalApps\TBYS_WebParts\TasinmazBagisciBilgiListesiWP\TasinmazBagisciBilgiListesiWP.webpart,UTF-8 with BOM
C:\Users\taylis\source\repos\PortalApps\TBYS_WebParts\TasinmazBagisciGirisiWP\Elements.xml,UTF-8 with BOM
C:\Users\taylis\source\repos\PortalApps\TBYS_WebParts\TasinmazBagisciGirisiWP\SharePointProjectItem.spdata,UTF-8 with BOM
C:\Users\taylis\source\repos\PortalApps\TBYS_WebParts\TasinmazBagisciGirisiWP\TasinmazBagisciGirisiWP.ascx,UTF-8 with BOM
C:\Users\taylis\source\repos\PortalApps\TBYS_WebParts\TasinmazBagisciGirisiWP\TasinmazBagisciGirisiWP.ascx.cs,UTF-8 (no BOM)
C:\Users\taylis\source\repos\PortalApps\TBYS_WebParts\TasinmazBagisciGirisiWP\TasinmazBagisciGirisiWP.ascx.g.cs,windows-1254
C:\Users\taylis\source\repos\PortalApps\TBYS_WebParts\TasinmazBagisciGirisiWP\TasinmazBagisciGirisiWP.webpart,UTF-8 with BOM
C:\Users\taylis\source\repos\PortalApps\TBYS_WebParts\TasinmazBagisciKartiWP\Elements.xml,UTF-8 with BOM
C:\Users\taylis\source\repos\PortalApps\TBYS_WebParts\TasinmazBagisciKartiWP\SharePointProjectItem.spdata,UTF-8 with BOM
C:\Users\taylis\source\repos\PortalApps\TBYS_WebParts\TasinmazBagisciKartiWP\TasinmazBagisciKartiWP.ascx,UTF-8 with BOM
C:\Users\taylis\source\repos\PortalApps\TBYS_WebParts\TasinmazBagisciKartiWP\TasinmazBagisciKartiWP.ascx.cs,UTF-8 (no BOM)
C:\Users\taylis\source\repos\PortalApps\TBYS_WebParts\TasinmazBagisciKartiWP\TasinmazBagisciKartiWP.ascx.g.cs,windows-1254
C:\Users\taylis\source\repos\PortalApps\TBYS_WebParts\TasinmazBagisciKartiWP\TasinmazBagisciKartiWP.webpart,UTF-8 with BOM
C:\Users\taylis\source\repos\PortalApps\TBYS_WebParts\TasinmazBagisciListesiWP\Elements.xml,UTF-8 with BOM
C:\Users\taylis\source\repos\PortalApps\TBYS_WebParts\TasinmazBagisciListesiWP\SharePointProjectItem.spdata,UTF-8 with BOM
C:\Users\taylis\source\repos\PortalApps\TBYS_WebParts\TasinmazBagisciListesiWP\TasinmazBagisciListesiWP.ascx,UTF-8 (no BOM)
C:\Users\taylis\source\repos\PortalApps\TBYS_WebParts\TasinmazBagisciListesiWP\TasinmazBagisciListesiWP.ascx.cs,UTF-8 (no BOM)
C:\Users\taylis\source\repos\PortalApps\TBYS_WebParts\TasinmazBagisciListesiWP\TasinmazBagisciListesiWP.ascx.g.cs,UTF-8 with BOM
C:\Users\taylis\source\repos\PortalApps\TBYS_WebParts\TasinmazBagisciListesiWP\TasinmazBagisciListesiWP.webpart,UTF-8 with BOM
C:\Users\taylis\source\repos\PortalApps\TBYS_WebParts\TasinmazBagisHaritasiWP\Elements.xml,UTF-8 with BOM
C:\Users\taylis\source\repos\PortalApps\TBYS_WebParts\TasinmazBagisHaritasiWP\SharePointProjectItem.spdata,UTF-8 with BOM
C:\Users\taylis\source\repos\PortalApps\TBYS_WebParts\TasinmazBagisHaritasiWP\TasinmazBagisHaritasiWP.ascx,UTF-8 (no BOM)
C:\Users\taylis\source\repos\PortalApps\TBYS_WebParts\TasinmazBagisHaritasiWP\TasinmazBagisHaritasiWP.ascx.cs,windows-1254
C:\Users\taylis\source\repos\PortalApps\TBYS_WebParts\TasinmazBagisHaritasiWP\TasinmazBagisHaritasiWP.ascx.g.cs,UTF-8 with BOM
C:\Users\taylis\source\repos\PortalApps\TBYS_WebParts\TasinmazBagisHaritasiWP\TasinmazBagisHaritasiWP.webpart,UTF-8 with BOM
C:\Users\taylis\source\repos\PortalApps\TBYS_WebParts\TasinmazBagisWP\Elements.xml,UTF-8 with BOM
C:\Users\taylis\source\repos\PortalApps\TBYS_WebParts\TasinmazBagisWP\SharePointProjectItem.spdata,UTF-8 with BOM
C:\Users\taylis\source\repos\PortalApps\TBYS_WebParts\TasinmazBagisWP\TasinmazBagisWP.ascx,UTF-8 (no BOM)
C:\Users\taylis\source\repos\PortalApps\TBYS_WebParts\TasinmazBagisWP\TasinmazBagisWP.ascx.cs,UTF-8 (no BOM)
C:\Users\taylis\source\repos\PortalApps\TBYS_WebParts\TasinmazBagisWP\TasinmazBagisWP.ascx.g.cs,UTF-8 with BOM
C:\Users\taylis\source\repos\PortalApps\TBYS_WebParts\TasinmazBagisWP\TasinmazBagisWP.webpart,UTF-8 with BOM
C:\Users\taylis\source\repos\PortalApps\TBYS_WebParts\TasinmazBolgeRaporuWP\Elements.xml,UTF-8 with BOM
C:\Users\taylis\source\repos\PortalApps\TBYS_WebParts\TasinmazBolgeRaporuWP\SharePointProjectItem.spdata,UTF-8 with BOM
C:\Users\taylis\source\repos\PortalApps\TBYS_WebParts\TasinmazBolgeRaporuWP\TasinmazBolgeRaporuWP.ascx,UTF-8 with BOM
C:\Users\taylis\source\repos\PortalApps\TBYS_WebParts\TasinmazBolgeRaporuWP\TasinmazBolgeRaporuWP.ascx.cs,UTF-8 (no BOM)
C:\Users\taylis\source\repos\PortalApps\TBYS_WebParts\TasinmazBolgeRaporuWP\TasinmazBolgeRaporuWP.ascx.g.cs,windows-1254
C:\Users\taylis\source\repos\PortalApps\TBYS_WebParts\TasinmazBolgeRaporuWP\TasinmazBolgeRaporuWP.webpart,UTF-8 with BOM
C:\Users\taylis\source\repos\PortalApps\TBYS_WebParts\TasinmazDurumRaporuWP\Elements.xml,UTF-8 with BOM
C:\Users\taylis\source\repos\PortalApps\TBYS_WebParts\TasinmazDurumRaporuWP\SharePointProjectItem.spdata,UTF-8 with BOM
C:\Users\taylis\source\repos\PortalApps\TBYS_WebParts\TasinmazDurumRaporuWP\TasinmazDurumRaporuWP.ascx,UTF-8 with BOM
C:\Users\taylis\source\repos\PortalApps\TBYS_WebParts\TasinmazDurumRaporuWP\TasinmazDurumRaporuWP.ascx.cs,UTF-8 (no BOM)
C:\Users\taylis\source\repos\PortalApps\TBYS_WebParts\TasinmazDurumRaporuWP\TasinmazDurumRaporuWP.ascx.g.cs,windows-1254
C:\Users\taylis\source\repos\PortalApps\TBYS_WebParts\TasinmazDurumRaporuWP\TasinmazDurumRaporuWP.webpart,UTF-8 with BOM
C:\Users\taylis\source\repos\PortalApps\TBYS_WebParts\TasinmazGirisiWP\Elements.xml,UTF-8 with BOM
C:\Users\taylis\source\repos\PortalApps\TBYS_WebParts\TasinmazGirisiWP\SharePointProjectItem.spdata,UTF-8 with BOM
C:\Users\taylis\source\repos\PortalApps\TBYS_WebParts\TasinmazGirisiWP\TasinmazGirisiWP.ascx,UTF-8 (no BOM)
C:\Users\taylis\source\repos\PortalApps\TBYS_WebParts\TasinmazGirisiWP\TasinmazGirisiWP.ascx.cs,UTF-8 (no BOM)
C:\Users\taylis\source\repos\PortalApps\TBYS_WebParts\TasinmazGirisiWP\TasinmazGirisiWP.ascx.g.cs,UTF-8 with BOM
C:\Users\taylis\source\repos\PortalApps\TBYS_WebParts\TasinmazGirisiWP\TasinmazGirisiWP.webpart,UTF-8 with BOM
C:\Users\taylis\source\repos\PortalApps\TBYS_WebParts\TasinmazKartiWP\Elements.xml,UTF-8 with BOM
C:\Users\taylis\source\repos\PortalApps\TBYS_WebParts\TasinmazKartiWP\SharePointProjectItem.spdata,UTF-8 with BOM
C:\Users\taylis\source\repos\PortalApps\TBYS_WebParts\TasinmazKartiWP\TasinmazKartiWP.ascx,UTF-8 with BOM
C:\Users\taylis\source\repos\PortalApps\TBYS_WebParts\TasinmazKartiWP\TasinmazKartiWP.ascx.cs,UTF-8 (no BOM)
C:\Users\taylis\source\repos\PortalApps\TBYS_WebParts\TasinmazKartiWP\TasinmazKartiWP.ascx.g.cs,UTF-8 (no BOM)
C:\Users\taylis\source\repos\PortalApps\TBYS_WebParts\TasinmazKartiWP\TasinmazKartiWP.webpart,UTF-8 with BOM
C:\Users\taylis\source\repos\PortalApps\TBYS_WebParts\TasinmazListesiWP\Elements.xml,UTF-8 with BOM
C:\Users\taylis\source\repos\PortalApps\TBYS_WebParts\TasinmazListesiWP\SharePointProjectItem.spdata,UTF-8 with BOM
C:\Users\taylis\source\repos\PortalApps\TBYS_WebParts\TasinmazListesiWP\TasinmazListesiWP.ascx,UTF-8 (no BOM)
C:\Users\taylis\source\repos\PortalApps\TBYS_WebParts\TasinmazListesiWP\TasinmazListesiWP.ascx.cs,UTF-8 (no BOM)
C:\Users\taylis\source\repos\PortalApps\TBYS_WebParts\TasinmazListesiWP\TasinmazListesiWP.ascx.g.cs,UTF-8 with BOM
C:\Users\taylis\source\repos\PortalApps\TBYS_WebParts\TasinmazListesiWP\TasinmazListesiWP.webpart,UTF-8 with BOM
C:\Users\taylis\source\repos\PortalApps\TBYS_WebParts\TasinmazOnarimGirisiWP\Elements.xml,UTF-8 with BOM
C:\Users\taylis\source\repos\PortalApps\TBYS_WebParts\TasinmazOnarimGirisiWP\SharePointProjectItem.spdata,UTF-8 with BOM
C:\Users\taylis\source\repos\PortalApps\TBYS_WebParts\TasinmazOnarimGirisiWP\TasinmazOnarimGirisiWP.ascx,UTF-8 with BOM
C:\Users\taylis\source\repos\PortalApps\TBYS_WebParts\TasinmazOnarimGirisiWP\TasinmazOnarimGirisiWP.ascx.cs,windows-1254
C:\Users\taylis\source\repos\PortalApps\TBYS_WebParts\TasinmazOnarimGirisiWP\TasinmazOnarimGirisiWP.ascx.g.cs,windows-1254
C:\Users\taylis\source\repos\PortalApps\TBYS_WebParts\TasinmazOnarimGirisiWP\TasinmazOnarimGirisiWP.webpart,UTF-8 with BOM
C:\Users\taylis\source\repos\PortalApps\TBYS_WebParts\TasinmazOnarimListesiWP\Elements.xml,UTF-8 with BOM
C:\Users\taylis\source\repos\PortalApps\TBYS_WebParts\TasinmazOnarimListesiWP\SharePointProjectItem.spdata,UTF-8 with BOM
C:\Users\taylis\source\repos\PortalApps\TBYS_WebParts\TasinmazOnarimListesiWP\TasinmazOnarimListesiWP.ascx,UTF-8 with BOM
C:\Users\taylis\source\repos\PortalApps\TBYS_WebParts\TasinmazOnarimListesiWP\TasinmazOnarimListesiWP.ascx.cs,windows-1254
C:\Users\taylis\source\repos\PortalApps\TBYS_WebParts\TasinmazOnarimListesiWP\TasinmazOnarimListesiWP.ascx.g.cs,windows-1254
C:\Users\taylis\source\repos\PortalApps\TBYS_WebParts\TasinmazOnarimListesiWP\TasinmazOnarimListesiWP.webpart,UTF-8 with BOM
C:\Users\taylis\source\repos\PortalApps\TBYS_WebParts\TasinmazResimleriWP\Elements.xml,UTF-8 with BOM
C:\Users\taylis\source\repos\PortalApps\TBYS_WebParts\TasinmazResimleriWP\SharePointProjectItem.spdata,UTF-8 with BOM
C:\Users\taylis\source\repos\PortalApps\TBYS_WebParts\TasinmazResimleriWP\TasinmazResimleriWP.ascx,UTF-8 with BOM
C:\Users\taylis\source\repos\PortalApps\TBYS_WebParts\TasinmazResimleriWP\TasinmazResimleriWP.ascx.cs,UTF-8 (no BOM)
C:\Users\taylis\source\repos\PortalApps\TBYS_WebParts\TasinmazResimleriWP\TasinmazResimleriWP.ascx.g.cs,windows-1254
C:\Users\taylis\source\repos\PortalApps\TBYS_WebParts\TasinmazResimleriWP\TasinmazResimleriWP.webpart,UTF-8 with BOM
C:\Users\taylis\source\repos\PortalApps\TBYS_WebParts\TasinmazSigortaGirisWP\Elements.xml,UTF-8 with BOM
C:\Users\taylis\source\repos\PortalApps\TBYS_WebParts\TasinmazSigortaGirisWP\SharePointProjectItem.spdata,UTF-8 with BOM
C:\Users\taylis\source\repos\PortalApps\TBYS_WebParts\TasinmazSigortaGirisWP\TasinmazSigortaGirisWP.ascx,UTF-8 with BOM
C:\Users\taylis\source\repos\PortalApps\TBYS_WebParts\TasinmazSigortaGirisWP\TasinmazSigortaGirisWP.ascx.cs,UTF-8 (no BOM)
C:\Users\taylis\source\repos\PortalApps\TBYS_WebParts\TasinmazSigortaGirisWP\TasinmazSigortaGirisWP.ascx.g.cs,windows-1254
C:\Users\taylis\source\repos\PortalApps\TBYS_WebParts\TasinmazSigortaGirisWP\TasinmazSigortaGirisWP.webpart,UTF-8 with BOM
C:\Users\taylis\source\repos\PortalApps\TBYS_WebParts\TasinmazSigortaListesiWP\Elements.xml,UTF-8 with BOM
C:\Users\taylis\source\repos\PortalApps\TBYS_WebParts\TasinmazSigortaListesiWP\SharePointProjectItem.spdata,UTF-8 with BOM
C:\Users\taylis\source\repos\PortalApps\TBYS_WebParts\TasinmazSigortaListesiWP\TasinmazSigortaListesiWP.ascx,UTF-8 with BOM
C:\Users\taylis\source\repos\PortalApps\TBYS_WebParts\TasinmazSigortaListesiWP\TasinmazSigortaListesiWP.ascx.cs,windows-1254
C:\Users\taylis\source\repos\PortalApps\TBYS_WebParts\TasinmazSigortaListesiWP\TasinmazSigortaListesiWP.ascx.g.cs,windows-1254
C:\Users\taylis\source\repos\PortalApps\TBYS_WebParts\TasinmazSigortaListesiWP\TasinmazSigortaListesiWP.webpart,UTF-8 with BOM
C:\Users\taylis\source\repos\PortalApps\TBYS_WebParts\TasinmazSorgulamaWP\Elements.xml,UTF-8 with BOM
C:\Users\taylis\source\repos\PortalApps\TBYS_WebParts\TasinmazSorgulamaWP\SharePointProjectItem.spdata,UTF-8 with BOM
C:\Users\taylis\source\repos\PortalApps\TBYS_WebParts\TasinmazSorgulamaWP\TasinmazSorgulamaWP.ascx,UTF-8 (no BOM)
C:\Users\taylis\source\repos\PortalApps\TBYS_WebParts\TasinmazSorgulamaWP\TasinmazSorgulamaWP.ascx.cs,windows-1254
C:\Users\taylis\source\repos\PortalApps\TBYS_WebParts\TasinmazSorgulamaWP\TasinmazSorgulamaWP.ascx.g.cs,UTF-8 with BOM
C:\Users\taylis\source\repos\PortalApps\TBYS_WebParts\TasinmazSorgulamaWP\TasinmazSorgulamaWP.webpart,UTF-8 with BOM
C:\Users\taylis\source\repos\PortalApps\TBYS_WebParts\TBYS_WebParts.csproj,UTF-8 (no BOM)
C:\Users\taylis\source\repos\PortalApps\TBYS_WebParts\TBYS_WebParts.csproj.user,UTF-8 with BOM
C:\Users\taylis\source\repos\PortalApps\TBYS_WebParts\TeminatDurumRaporuWP\Elements.xml,UTF-8 with BOM
C:\Users\taylis\source\repos\PortalApps\TBYS_WebParts\TeminatDurumRaporuWP\SharePointProjectItem.spdata,UTF-8 with BOM
C:\Users\taylis\source\repos\PortalApps\TBYS_WebParts\TeminatDurumRaporuWP\TeminatDurumRaporuWP.ascx,UTF-8 with BOM
C:\Users\taylis\source\repos\PortalApps\TBYS_WebParts\TeminatDurumRaporuWP\TeminatDurumRaporuWP.ascx.cs,windows-1254
C:\Users\taylis\source\repos\PortalApps\TBYS_WebParts\TeminatDurumRaporuWP\TeminatDurumRaporuWP.ascx.g.cs,UTF-8 (no BOM)
C:\Users\taylis\source\repos\PortalApps\TBYS_WebParts\TeminatDurumRaporuWP\TeminatDurumRaporuWP.webpart,UTF-8 with BOM
C:\Users\taylis\source\repos\PortalApps\TBYS_WebParts\TeminatIslemleriWP\Elements.xml,UTF-8 with BOM
C:\Users\taylis\source\repos\PortalApps\TBYS_WebParts\TeminatIslemleriWP\SharePointProjectItem.spdata,UTF-8 with BOM
C:\Users\taylis\source\repos\PortalApps\TBYS_WebParts\TeminatIslemleriWP\TeminatIslemleriWP.ascx,UTF-8 with BOM
C:\Users\taylis\source\repos\PortalApps\TBYS_WebParts\TeminatIslemleriWP\TeminatIslemleriWP.ascx.cs,UTF-8 (no BOM)
C:\Users\taylis\source\repos\PortalApps\TBYS_WebParts\TeminatIslemleriWP\TeminatIslemleriWP.ascx.g.cs,windows-1254
C:\Users\taylis\source\repos\PortalApps\TBYS_WebParts\TeminatIslemleriWP\TeminatIslemleriWP.webpart,UTF-8 with BOM
C:\Users\taylis\source\repos\PortalApps\TBYS_WebParts\TeminatListesiWP\Elements.xml,UTF-8 with BOM
C:\Users\taylis\source\repos\PortalApps\TBYS_WebParts\TeminatListesiWP\SharePointProjectItem.spdata,UTF-8 with BOM
C:\Users\taylis\source\repos\PortalApps\TBYS_WebParts\TeminatListesiWP\TeminatListesiWP.ascx,UTF-8 with BOM
C:\Users\taylis\source\repos\PortalApps\TBYS_WebParts\TeminatListesiWP\TeminatListesiWP.ascx.cs,windows-1254
C:\Users\taylis\source\repos\PortalApps\TBYS_WebParts\TeminatListesiWP\TeminatListesiWP.ascx.g.cs,windows-1254
C:\Users\taylis\source\repos\PortalApps\TBYS_WebParts\TeminatListesiWP\TeminatListesiWP.webpart,UTF-8 with BOM
C:\Users\taylis\source\repos\PortalApps\TBYS_WebParts\VasiyetciAdresListesiWP\Elements.xml,UTF-8 with BOM
C:\Users\taylis\source\repos\PortalApps\TBYS_WebParts\VasiyetciAdresListesiWP\SharePointProjectItem.spdata,UTF-8 with BOM
C:\Users\taylis\source\repos\PortalApps\TBYS_WebParts\VasiyetciAdresListesiWP\VasiyetciAdresListesiWP.ascx,UTF-8 with BOM
C:\Users\taylis\source\repos\PortalApps\TBYS_WebParts\VasiyetciAdresListesiWP\VasiyetciAdresListesiWP.ascx.cs,windows-1254
C:\Users\taylis\source\repos\PortalApps\TBYS_WebParts\VasiyetciAdresListesiWP\VasiyetciAdresListesiWP.ascx.g.cs,windows-1254
C:\Users\taylis\source\repos\PortalApps\TBYS_WebParts\VasiyetciAdresListesiWP\VasiyetciAdresListesiWP.webpart,UTF-8 with BOM
C:\Users\taylis\source\repos\PortalApps\TBYS_WebParts\VasiyetciGirisiWP\Elements.xml,UTF-8 with BOM
C:\Users\taylis\source\repos\PortalApps\TBYS_WebParts\VasiyetciGirisiWP\SharePointProjectItem.spdata,UTF-8 with BOM
C:\Users\taylis\source\repos\PortalApps\TBYS_WebParts\VasiyetciGirisiWP\VasiyetciGirisiWP.ascx,UTF-8 with BOM
C:\Users\taylis\source\repos\PortalApps\TBYS_WebParts\VasiyetciGirisiWP\VasiyetciGirisiWP.ascx.cs,UTF-8 (no BOM)
C:\Users\taylis\source\repos\PortalApps\TBYS_WebParts\VasiyetciGirisiWP\VasiyetciGirisiWP.ascx.g.cs,windows-1254
C:\Users\taylis\source\repos\PortalApps\TBYS_WebParts\VasiyetciGirisiWP\VasiyetciGirisiWP.webpart,UTF-8 with BOM
C:\Users\taylis\source\repos\PortalApps\TBYS_WebParts\VasiyetciListesiWP\Elements.xml,UTF-8 with BOM
C:\Users\taylis\source\repos\PortalApps\TBYS_WebParts\VasiyetciListesiWP\SharePointProjectItem.spdata,UTF-8 with BOM
C:\Users\taylis\source\repos\PortalApps\TBYS_WebParts\VasiyetciListesiWP\VasiyetciListesiWP.ascx,UTF-8 with BOM
C:\Users\taylis\source\repos\PortalApps\TBYS_WebParts\VasiyetciListesiWP\VasiyetciListesiWP.ascx.cs,windows-1254
C:\Users\taylis\source\repos\PortalApps\TBYS_WebParts\VasiyetciListesiWP\VasiyetciListesiWP.ascx.g.cs,windows-1254
C:\Users\taylis\source\repos\PortalApps\TBYS_WebParts\VasiyetciListesiWP\VasiyetciListesiWP.webpart,UTF-8 with BOM
C:\Users\taylis\source\repos\PortalApps\TBYS_WebParts\YasalFaizWP\Elements.xml,UTF-8 with BOM
C:\Users\taylis\source\repos\PortalApps\TBYS_WebParts\YasalFaizWP\SharePointProjectItem.spdata,UTF-8 with BOM
C:\Users\taylis\source\repos\PortalApps\TBYS_WebParts\YasalFaizWP\YasalFaizWP.ascx,UTF-8 with BOM
C:\Users\taylis\source\repos\PortalApps\TBYS_WebParts\YasalFaizWP\YasalFaizWP.ascx.cs,UTF-8 (no BOM)
C:\Users\taylis\source\repos\PortalApps\TBYS_WebParts\YasalFaizWP\YasalFaizWP.ascx.g.cs,windows-1254
C:\Users\taylis\source\repos\PortalApps\TBYS_WebParts\YasalFaizWP\YasalFaizWP.webpart,UTF-8 with BOM
C:\Users\taylis\source\repos\PortalApps\TBYS_WebParts\YilBazindaSozlesmeWP\Elements.xml,UTF-8 with BOM
C:\Users\taylis\source\repos\PortalApps\TBYS_WebParts\YilBazindaSozlesmeWP\SharePointProjectItem.spdata,UTF-8 with BOM
C:\Users\taylis\source\repos\PortalApps\TBYS_WebParts\YilBazindaSozlesmeWP\YilBazindaSozlesmeWP.ascx,UTF-8 with BOM
C:\Users\taylis\source\repos\PortalApps\TBYS_WebParts\YilBazindaSozlesmeWP\YilBazindaSozlesmeWP.ascx.cs,UTF-8 (no BOM)
C:\Users\taylis\source\repos\PortalApps\TBYS_WebParts\YilBazindaSozlesmeWP\YilBazindaSozlesmeWP.ascx.g.cs,windows-1254
C:\Users\taylis\source\repos\PortalApps\TBYS_WebParts\YilBazindaSozlesmeWP\YilBazindaSozlesmeWP.webpart,UTF-8 with BOM
C:\Users\taylis\source\repos\PortalApps\TSKGVApps.DataAccess\Class1.cs,UTF-8 (no BOM)
C:\Users\taylis\source\repos\PortalApps\TSKGVApps.DataAccess\data\ApplicationDbContext.cs,UTF-8 (no BOM)
C:\Users\taylis\source\repos\PortalApps\TSKGVApps.DataAccess\TSKGVApps.DataAccess.csproj,UTF-8 (no BOM)
C:\Users\taylis\source\repos\PortalApps\Utility\app.config,UTF-8 (no BOM)
C:\Users\taylis\source\repos\PortalApps\Utility\HelperClasses\ExcelHelper.cs,UTF-8 (no BOM)
C:\Users\taylis\source\repos\PortalApps\Utility\HelperClasses\ExceptionHelper.cs,UTF-8 (no BOM)
C:\Users\taylis\source\repos\PortalApps\Utility\HelperClasses\HelperFunctions.cs,windows-1254
C:\Users\taylis\source\repos\PortalApps\Utility\HelperClasses\LogHelper.cs,UTF-8 (no BOM)
C:\Users\taylis\source\repos\PortalApps\Utility\HelperClasses\MailHelper.cs,windows-1254
C:\Users\taylis\source\repos\PortalApps\Utility\HelperClasses\MessageHelper.cs,windows-1254
C:\Users\taylis\source\repos\PortalApps\Utility\HelperClasses\ResponseHelper.cs,UTF-8 (no BOM)
C:\Users\taylis\source\repos\PortalApps\Utility\packages.config,UTF-8 with BOM
C:\Users\taylis\source\repos\PortalApps\Utility\ProjeGlobal\ProjeConstants.cs,UTF-8 (no BOM)
C:\Users\taylis\source\repos\PortalApps\Utility\Properties\AssemblyInfo.cs,windows-1254
C:\Users\taylis\source\repos\PortalApps\Utility\Temp\albaraka..xlsx,windows-1254
C:\Users\taylis\source\repos\PortalApps\Utility\Temp\yapikredi.xlsx,windows-1254
C:\Users\taylis\source\repos\PortalApps\Utility\Temp\yapikredi_inspect.zip,windows-1254
C:\Users\taylis\source\repos\PortalApps\Utility\Temp\ykb_extracted\[Content_Types].xml,UTF-8 (no BOM)
C:\Users\taylis\source\repos\PortalApps\Utility\Temp\ykb_extracted\_rels\.rels,UTF-8 (no BOM)
C:\Users\taylis\source\repos\PortalApps\Utility\Temp\ykb_extracted\docProps\app.xml,UTF-8 (no BOM)
C:\Users\taylis\source\repos\PortalApps\Utility\Temp\ykb_extracted\docProps\core.xml,UTF-8 (no BOM)
C:\Users\taylis\source\repos\PortalApps\Utility\Temp\ykb_extracted\xl\_rels\workbook.xml.rels,UTF-8 (no BOM)
C:\Users\taylis\source\repos\PortalApps\Utility\Temp\ykb_extracted\xl\sharedStrings.xml,UTF-8 (no BOM)
C:\Users\taylis\source\repos\PortalApps\Utility\Temp\ykb_extracted\xl\styles.xml,UTF-8 (no BOM)
C:\Users\taylis\source\repos\PortalApps\Utility\Temp\ykb_extracted\xl\theme\theme1.xml,UTF-8 (no BOM)
C:\Users\taylis\source\repos\PortalApps\Utility\Temp\ykb_extracted\xl\workbook.xml,UTF-8 (no BOM)
C:\Users\taylis\source\repos\PortalApps\Utility\Temp\ykb_extracted\xl\worksheets\sheet1.xml,UTF-8 (no BOM)
C:\Users\taylis\source\repos\PortalApps\Utility\Temp\ziraat-ekstre.xlsx,windows-1254
C:\Users\taylis\source\repos\PortalApps\Utility\tskgv.snk,windows-1254
C:\Users\taylis\source\repos\PortalApps\Utility\Utility.csproj,UTF-8 with BOM
